Customer ID,Customer Name,City,Age,Product Category,Sales,Order Status
CUST00001,Joseph Obi,Lagos,65,Beauty,61241.84,Completed
CUST00002,Tolu Onyeka,Abuja,55,Home Appliances,7969.88,Completed
CUST00003,Fatima Ogunleye,Ilorin,19,Accessories,49729.44,Pending
CUST00004,Mary Akinyemi,Ibadan,46,Office Supplies,69565.72,Returned
CUST00005,Kelechi Abubakar,Owerri,45,Sports,69485.89,Completed
CUST00006,Kelechi Mohammed,Abuja,23,Home Appliances,24201.68,Returned
CUST00007,Joy Nwosu,Warri,20,Books,134068.62,Processing
CUST00008,Michael Eze,Abeokuta,36,Office Supplies,221365.8,Completed
CUST00009,Yusuf Eze,Lagos,60,Furniture,193272.76,Processing
CUST00010,Ruth Johnson,Uyo,24,Home Appliances,69511.45,Pending
CUST00011,Esther Abubakar,Benin City,40,Furniture,167552.04,Pending
CUST00012,Ada Eze,Ilorin,58,Groceries,133546.62,Completed
CUST00013,Samuel Okeke,Kano,58,Accessories,54923.3,Completed
CUST00014,Kelechi Adeyemi,Ibadan,70,Electronics,201266.32,Completed
CUST00015,Emeka Williams,Calabar,54,Sports,53176.32,Completed
CUST00016,Musa Bello,Port Harcourt,34,Groceries,61675.71,Completed
CUST00017,Daniel Udo,Enugu,55,Home Appliances,90515.06,Processing
CUST00018,Chioma Ogunleye,Kaduna,23,Electronics,215279.2,Completed
CUST00019,Ifeoma Akinyemi,Ilorin,22,Home Appliances,95420.28,Processing
CUST00020,John Nwosu,Abeokuta,18,Clothing,170435.55,Completed
CUST00021,Daniel Mohammed,Abuja,36,Home Appliances,39560.48,Completed
CUST00022,Hauwa Nwosu,Abeokuta,66,Groceries,126932.73,Completed
CUST00023,Joseph Ibrahim,Uyo,58,Accessories,152252.33,Completed
CUST00024,Kelechi Abubakar,Abeokuta,67,Accessories,229625.41,Completed
CUST00025,Blessing Okafor,Abuja,41,Beauty,59882.09,Completed
CUST00026,Peter Eze,Abuja,64,Books,204010.41,Processing
CUST00027,Mary Balogun,Port Harcourt,60,Books,236713.5,Completed
CUST00028,John Sani,Enugu,31,Accessories,188822.42,Pending
CUST00029,Ibrahim Ibrahim,Enugu,60,Sports,109539.07,Completed
CUST00030,Tolu Johnson,Ibadan,22,Sports,5283.04,Completed
CUST00031,Peter Johnson,Lagos,22,Electronics,57254.72,Processing
CUST00032,Ruth Mohammed,Abuja,50,Furniture,69637.35,Completed
CUST00033,Mary Balogun,Owerri,54,Office Supplies,118180.94,Cancelled
CUST00034,Amaka Akinyemi,Ibadan,24,Clothing,164754.21,Completed
CUST00035,Sarah Bello,Uyo,64,Electronics,168349.3,Processing
CUST00036,Tolu Adeyemi,Enugu,64,Sports,200153.11,Completed
CUST00037,Yusuf Williams,Abeokuta,46,Groceries,105484.86,Completed
CUST00038,Fatima Eze,Kaduna,69,Accessories,24499.73,Pending
CUST00039,Mary Okafor,Abuja,66,Furniture,41598.62,Completed
CUST00040,Yusuf Okeke,Calabar,21,Groceries,94758.81,Processing
CUST00041,Daniel Bello,Kano,45,Accessories,165476.28,Completed
CUST00042,Yusuf Ibrahim,Ibadan,21,Office Supplies,183940.9,Completed
CUST00043,David Adeyemi,Lagos,55,Books,125725.02,Returned
CUST00044,Ifeoma Adeyemi,Abeokuta,23,Groceries,17153.62,Completed
CUST00045,Ruth Johnson,Enugu,25,Office Supplies,61572.68,Completed
CUST00046,Joy Eze,Enugu,60,Office Supplies,141317.6,Completed
CUST00047,Daniel Williams,Jos,63,Sports,59690.52,Completed
CUST00048,Ada Ibrahim,Kaduna,38,Clothing,2353.63,Pending
CUST00049,Peter Obi,Abuja,52,Furniture,126483.53,Completed
CUST00050,Esther Eze,Calabar,33,Sports,71264.72,Completed
CUST00051,Mary Ibrahim,Ilorin,69,Accessories,1980.58,Cancelled
CUST00052,Grace Obi,Calabar,26,Beauty,28879.28,Completed
CUST00053,Mary Balogun,Kano,36,Office Supplies,52677.15,Completed
CUST00054,Ada Nwosu,Abeokuta,49,Beauty,226336.49,Returned
CUST00055,Emeka Akinyemi,Uyo,35,Electronics,911.33,Cancelled
CUST00056,Joseph Nwosu,Port Harcourt,65,Books,137931.31,Completed
CUST00057,Adebayo Obi,Abuja,62,Groceries,136408.93,Returned
CUST00058,Peter Onyeka,Port Harcourt,45,Groceries,10481.17,Completed
CUST00059,Zainab Adeyemi,Calabar,40,Furniture,170524.62,Pending
CUST00060,Esther Onyeka,Calabar,44,Office Supplies,187375.67,Processing
CUST00061,Fatima Abubakar,Warri,69,Groceries,220357.02,Completed
CUST00062,Hauwa Mohammed,Warri,44,Furniture,66719.76,Cancelled
CUST00063,Tolu Okeke,Uyo,20,Books,55627.87,Cancelled
CUST00064,Samuel Olawale,Kano,70,Furniture,55750.31,Pending
CUST00065,Michael Mohammed,Kano,22,Beauty,87802.75,Completed
CUST00066,Ada Onyeka,Benin City,19,Clothing,219262.68,Completed
CUST00067,Peter Nwosu,Lagos,24,Office Supplies,108655.08,Pending
CUST00068,David Akinyemi,Ilorin,50,Clothing,96314.23,Completed
CUST00069,Daniel Adeyemi,Owerri,45,Electronics,129992.09,Cancelled
CUST00070,Ada Williams,Benin City,45,Clothing,237219.9,Processing
CUST00071,Joy Mohammed,Jos,25,Beauty,126792.95,Pending
CUST00072,David Okeke,Owerri,36,Accessories,31843.77,Completed
CUST00073,Michael Abubakar,Ilorin,54,Beauty,101533.64,Returned
CUST00074,Grace Ibrahim,Ibadan,45,Office Supplies,151675.23,Completed
CUST00075,Samuel Bello,Jos,31,Accessories,118309.72,Processing
CUST00076,Amaka Abubakar,Jos,23,Beauty,128875.12,Pending
CUST00077,David Eze,Uyo,66,Furniture,168207.1,Completed
CUST00078,Yusuf Balogun,Lagos,20,Furniture,245984.41,Completed
CUST00079,Kelechi Eze,Kaduna,44,Office Supplies,48628.95,Pending
CUST00080,Blessing Okeke,Ibadan,27,Electronics,223167.64,Returned
CUST00081,Musa Obi,Warri,45,Furniture,43992.27,Processing
CUST00082,John Bello,Lagos,53,Furniture,229369.57,Completed
CUST00083,Chioma Bello,Jos,51,Accessories,148873.19,Processing
CUST00084,Musa Bello,Ilorin,70,Accessories,106699.52,Processing
CUST00085,Samuel Abubakar,Owerri,48,Books,64816.41,Completed
CUST00086,Joseph Nwosu,Warri,67,Accessories,121162.14,Completed
CUST00087,Samuel Eze,Owerri,36,Furniture,67946.98,Completed
CUST00088,Mary Eze,Port Harcourt,27,Furniture,95774.25,Completed
CUST00089,Yusuf Eze,Enugu,44,Sports,135664.22,Completed
CUST00090,Yusuf Akinyemi,Enugu,67,Office Supplies,236516.86,Completed
CUST00091,Musa Udo,Enugu,48,Electronics,235686.85,Completed
CUST00092,Michael Akinyemi,Abeokuta,65,Accessories,199972.05,Processing
CUST00093,Blessing Johnson,Kano,45,Books,7280.48,Completed
CUST00094,Ada Okeke,Owerri,28,Books,229887.42,Processing
CUST00095,Mary Okafor,Calabar,43,Office Supplies,141108.89,Completed
CUST00096,Joseph Akinyemi,Port Harcourt,47,Groceries,12594.9,Completed
CUST00097,Yusuf Bello,Benin City,39,Home Appliances,69582.2,Processing
CUST00098,Sarah Nwosu,Uyo,23,Books,4870.34,Completed
CUST00099,Esther Johnson,Jos,22,Electronics,188564.45,Processing
CUST00100,Yusuf Okafor,Ilorin,27,Furniture,31577.09,Pending
CUST00101,Peter Williams,Kaduna,62,Beauty,191730.35,Completed
CUST00102,Joy Obi,Warri,70,Groceries,241181.08,Completed
CUST00103,Adebayo Ibrahim,Ilorin,61,Home Appliances,99178.69,Pending
CUST00104,Emeka Udo,Owerri,58,Furniture,25497.78,Cancelled
CUST00105,Ruth Sani,Warri,25,Office Supplies,195664.27,Completed
CUST00106,Sarah Olawale,Abuja,50,Sports,3187.72,Completed
CUST00107,Blessing Obi,Enugu,41,Books,176834.48,Completed
CUST00108,Hauwa Ogunleye,Jos,35,Office Supplies,202054.6,Completed
CUST00109,Blessing Bello,Enugu,70,Office Supplies,67117.17,Returned
CUST00110,Victor Eze,Kano,46,Furniture,187625.31,Completed
CUST00111,Ada Okeke,Benin City,19,Books,212741.94,Completed
CUST00112,Yusuf Olawale,Warri,34,Sports,69932.63,Completed
CUST00113,Musa Nwosu,Abeokuta,18,Accessories,237016.94,Completed
CUST00114,Hauwa Akinyemi,Kaduna,53,Furniture,172660.07,Pending
CUST00115,Blessing Bello,Warri,19,Clothing,73576.54,Completed
CUST00116,Fatima Ibrahim,Jos,55,Sports,118328.29,Completed
CUST00117,Sarah Onyeka,Benin City,40,Books,67747.33,Completed
CUST00118,Tolu Williams,Benin City,25,Accessories,237720.62,Pending
CUST00119,Yusuf Williams,Owerri,48,Beauty,181153.14,Processing
CUST00120,John Sani,Kano,24,Furniture,74079.21,Completed
CUST00121,Grace Okafor,Owerri,52,Groceries,68595.97,Processing
CUST00122,Mary Ibrahim,Owerri,26,Books,25669.35,Completed
CUST00123,Grace Usman,Kaduna,46,Sports,46111.31,Completed
CUST00124,Ruth Usman,Abuja,70,Clothing,100191.84,Completed
CUST00125,Joseph Adeyemi,Port Harcourt,27,Office Supplies,237282.68,Completed
CUST00126,Fatima Obi,Abeokuta,66,Home Appliances,151589.25,Cancelled
CUST00127,Fatima Ogunleye,Enugu,46,Books,74355.85,Completed
CUST00128,Sarah Ibrahim,Ilorin,57,Electronics,152417.49,Cancelled
CUST00129,Kelechi Williams,Jos,31,Beauty,165115.52,Completed
CUST00130,Ifeoma Onyeka,Abuja,28,Electronics,102144.18,Pending
CUST00131,Blessing Ibrahim,Lagos,32,Beauty,176746.28,Pending
CUST00132,Samuel Eze,Jos,32,Beauty,196962.31,Pending
CUST00133,Ada Williams,Enugu,25,Accessories,56221.74,Completed
CUST00134,Daniel Balogun,Abuja,21,Groceries,198162.33,Completed
CUST00135,Victor Udo,Calabar,36,Books,31110.31,Pending
CUST00136,Ibrahim Okeke,Kano,50,Accessories,123461.46,Completed
CUST00137,Chukwu Akinyemi,Owerri,38,Office Supplies,62610.72,Completed
CUST00138,Ada Udo,Ilorin,19,Beauty,144072.34,Cancelled
CUST00139,Ifeoma Usman,Abeokuta,59,Books,229020.3,Completed
CUST00140,Peter Akinyemi,Jos,70,Books,242264.58,Completed
CUST00141,Sarah Mohammed,Benin City,60,Clothing,214436.83,Completed
CUST00142,Ibrahim Usman,Kano,60,Home Appliances,203396.17,Completed
CUST00143,Samuel Eze,Benin City,34,Sports,29002.5,Cancelled
CUST00144,Ruth Ogunleye,Uyo,18,Accessories,115507.54,Completed
CUST00145,John Olawale,Ilorin,66,Books,156361.55,Cancelled
CUST00146,Yusuf Nwosu,Abeokuta,26,Beauty,109543.07,Pending
CUST00147,Tolu Okafor,Jos,56,Furniture,177452.96,Completed
CUST00148,Adebayo Onyeka,Enugu,23,Furniture,248064.48,Processing
CUST00149,Samuel Obi,Jos,27,Books,233164.95,Completed
CUST00150,Ibrahim Nwosu,Enugu,48,Books,60951.63,Completed
CUST00151,Michael Williams,Calabar,56,Accessories,186579.48,Completed
CUST00152,Emeka Nwosu,Warri,68,Home Appliances,84985.31,Cancelled
CUST00153,Daniel Okafor,Kano,64,Beauty,209373.04,Completed
CUST00154,Ada Usman,Uyo,27,Books,134656.68,Completed
CUST00155,Mary Onyeka,Enugu,47,Sports,217403.68,Processing
CUST00156,Fatima Udo,Enugu,32,Home Appliances,10935.73,Cancelled
CUST00157,Ibrahim Okeke,Enugu,60,Groceries,123844.78,Completed
CUST00158,John Udo,Benin City,24,Books,24950.43,Processing
CUST00159,Adebayo Balogun,Enugu,59,Groceries,18730.19,Cancelled
CUST00160,Daniel Mohammed,Ilorin,62,Home Appliances,162467.92,Returned
CUST00161,Ruth Onyeka,Enugu,38,Books,218098.94,Completed
CUST00162,Emeka Johnson,Jos,61,Beauty,249356.55,Cancelled
CUST00163,Sarah Obi,Warri,58,Clothing,110933.55,Pending
CUST00164,Musa Okafor,Lagos,38,Electronics,73359.61,Completed
CUST00165,Chioma Johnson,Abeokuta,44,Office Supplies,170458.05,Completed
CUST00166,Ifeoma Eze,Ilorin,42,Office Supplies,170791.57,Completed
CUST00167,Peter Balogun,Ibadan,47,Beauty,114906.14,Pending
CUST00168,Musa Bello,Calabar,36,Accessories,39514.96,Completed
CUST00169,Esther Udo,Kano,58,Home Appliances,172586.12,Completed
CUST00170,Grace Williams,Enugu,48,Clothing,59320.5,Completed
CUST00171,Peter Ibrahim,Owerri,36,Electronics,244486.67,Pending
CUST00172,Daniel Okafor,Ilorin,61,Electronics,227656.47,Cancelled
CUST00173,Victor Ibrahim,Warri,69,Furniture,151776.07,Completed
CUST00174,Joseph Williams,Ilorin,34,Groceries,157071.32,Processing
CUST00175,Joseph Adeyemi,Kano,68,Books,8365.3,Completed
CUST00176,Chioma Eze,Calabar,36,Sports,186876.53,Completed
CUST00177,Chioma Onyeka,Calabar,41,Accessories,125461.15,Completed
CUST00178,Ifeoma Nwosu,Calabar,70,Books,241846.83,Completed
CUST00179,Ruth Mohammed,Warri,25,Books,240724.25,Completed
CUST00180,Fatima Okeke,Uyo,69,Accessories,91459.62,Cancelled
CUST00181,Adebayo Nwosu,Abeokuta,25,Books,92162.2,Cancelled
CUST00182,Daniel Udo,Enugu,70,Sports,27108.82,Completed
CUST00183,Adebayo Sani,Calabar,53,Sports,228816.1,Completed
CUST00184,Emeka Bello,Calabar,62,Beauty,162318.63,Completed
CUST00185,Chukwu Adeyemi,Kano,49,Clothing,24320.57,Processing
CUST00186,Chioma Okeke,Kaduna,41,Accessories,104796.21,Cancelled
CUST00187,Chioma Akinyemi,Jos,24,Books,153922.66,Processing
CUST00188,Daniel Adeyemi,Owerri,41,Furniture,110859.69,Processing
CUST00189,Ruth Olawale,Abuja,61,Sports,136127.85,Processing
CUST00190,Esther Adeyemi,Enugu,35,Furniture,242052.51,Processing
CUST00191,Victor Bello,Abuja,60,Furniture,160435.07,Completed
CUST00192,Adebayo Adeyemi,Warri,39,Furniture,247205.51,Cancelled
CUST00193,Yusuf Eze,Uyo,66,Accessories,51809.16,Completed
CUST00194,Ruth Johnson,Benin City,67,Groceries,197166.22,Completed
CUST00195,Daniel Balogun,Port Harcourt,52,Beauty,199633.49,Completed
CUST00196,Ruth Okafor,Port Harcourt,18,Sports,197501.42,Completed
CUST00197,David Okafor,Port Harcourt,34,Electronics,31711.47,Completed
CUST00198,Tolu Eze,Kaduna,46,Sports,128321.66,Completed
CUST00199,John Johnson,Ilorin,20,Accessories,75425.04,Pending
CUST00200,Adebayo Adeyemi,Kaduna,43,Home Appliances,171532.22,Completed
CUST00201,Zainab Bello,Abuja,23,Sports,152084.15,Completed
CUST00202,Daniel Sani,Jos,55,Accessories,178045.4,Completed
CUST00203,Joy Ogunleye,Kano,47,Accessories,151366.56,Completed
CUST00204,Ibrahim Obi,Uyo,59,Accessories,180216.96,Completed
CUST00205,Samuel Johnson,Enugu,39,Books,99697.58,Pending
CUST00206,David Akinyemi,Benin City,60,Beauty,93590.9,Completed
CUST00207,Zainab Usman,Abuja,23,Clothing,23330.19,Completed
CUST00208,Hauwa Olawale,Warri,26,Accessories,15018.74,Processing
CUST00209,Mary Mohammed,Jos,25,Home Appliances,88415.68,Pending
CUST00210,Kelechi Akinyemi,Uyo,64,Electronics,242100.45,Completed
CUST00211,Esther Obi,Ilorin,50,Furniture,38703.68,Completed
CUST00212,Ruth Obi,Benin City,53,Sports,28743.46,Completed
CUST00213,Fatima Akinyemi,Uyo,53,Office Supplies,153402.98,Pending
CUST00214,Adebayo Sani,Calabar,60,Beauty,7262.57,Completed
CUST00215,Kelechi Ibrahim,Calabar,39,Sports,1551.29,Returned
CUST00216,Peter Okeke,Abuja,27,Electronics,22962.13,Completed
CUST00217,Michael Akinyemi,Kaduna,39,Groceries,92529.02,Pending
CUST00218,Kelechi Udo,Ilorin,23,Electronics,38916.09,Cancelled
CUST00219,Chukwu Eze,Kano,46,Home Appliances,121428.28,Completed
CUST00220,Daniel Williams,Warri,50,Clothing,86309.58,Completed
CUST00221,Ada Udo,Kaduna,51,Beauty,11378.21,Completed
CUST00222,Joy Adeyemi,Lagos,31,Beauty,236332.39,Cancelled
CUST00223,Kelechi Nwosu,Kano,38,Clothing,1957.28,Cancelled
CUST00224,Ifeoma Balogun,Enugu,52,Furniture,125078.08,Returned
CUST00225,Amaka Olawale,Abuja,43,Electronics,109068.99,Completed
CUST00226,Emeka Mohammed,Ilorin,45,Office Supplies,101120.61,Pending
CUST00227,Grace Obi,Enugu,19,Sports,42989.0,Processing
CUST00228,Samuel Olawale,Abuja,45,Clothing,60848.04,Completed
CUST00229,John Eze,Enugu,37,Sports,55412.48,Cancelled
CUST00230,Emeka Ogunleye,Jos,25,Accessories,127500.27,Processing
CUST00231,Esther Olawale,Owerri,70,Groceries,59086.31,Completed
CUST00232,Yusuf Abubakar,Ilorin,27,Clothing,44307.1,Cancelled
CUST00233,Blessing Bello,Warri,54,Office Supplies,112240.09,Processing
CUST00234,Peter Sani,Benin City,58,Sports,37760.58,Completed
CUST00235,Samuel Ibrahim,Warri,35,Office Supplies,14066.63,Completed
CUST00236,Grace Bello,Kaduna,20,Electronics,92200.18,Completed
CUST00237,Joseph Eze,Ilorin,56,Accessories,96136.01,Completed
CUST00238,Amaka Adeyemi,Kaduna,69,Office Supplies,162968.07,Completed
CUST00239,Blessing Ogunleye,Port Harcourt,21,Books,25897.88,Processing
CUST00240,David Eze,Abeokuta,59,Groceries,9809.55,Pending
CUST00241,Samuel Ogunleye,Abeokuta,57,Groceries,90990.39,Processing
CUST00242,Michael Akinyemi,Warri,39,Office Supplies,13115.07,Pending
CUST00243,David Eze,Benin City,24,Accessories,169602.88,Completed
CUST00244,Hauwa Sani,Uyo,27,Sports,20398.46,Pending
CUST00245,Zainab Olawale,Kano,59,Home Appliances,32259.69,Pending
CUST00246,Emeka Ibrahim,Abeokuta,42,Sports,203300.87,Pending
CUST00247,Victor Ogunleye,Abuja,59,Home Appliances,127134.41,Completed
CUST00248,Grace Abubakar,Ibadan,39,Books,48021.51,Processing
CUST00249,Chioma Eze,Kano,68,Clothing,126934.74,Completed
CUST00250,Hauwa Ogunleye,Lagos,60,Sports,219101.28,Completed
CUST00251,Joy Okeke,Port Harcourt,28,Groceries,207840.48,Cancelled
CUST00252,Amaka Abubakar,Owerri,46,Electronics,102729.38,Pending
CUST00253,Fatima Bello,Ilorin,36,Books,58519.89,Completed
CUST00254,Amaka Usman,Calabar,30,Sports,169584.75,Completed
CUST00255,Samuel Bello,Warri,36,Home Appliances,125739.1,Completed
CUST00256,Ifeoma Williams,Warri,56,Groceries,218253.65,Completed
CUST00257,Blessing Olawale,Abeokuta,24,Accessories,212795.23,Completed
CUST00258,Kelechi Abubakar,Kano,46,Accessories,36858.48,Completed
CUST00259,Zainab Johnson,Uyo,46,Sports,232619.72,Completed
CUST00260,Michael Ogunleye,Benin City,33,Home Appliances,248631.47,Completed
CUST00261,Adebayo Mohammed,Calabar,24,Sports,197850.37,Completed
CUST00262,Grace Usman,Owerri,26,Books,112164.15,Completed
CUST00263,Emeka Okafor,Kano,31,Groceries,137212.34,Pending
CUST00264,John Akinyemi,Abuja,67,Beauty,59429.12,Completed
CUST00265,Fatima Akinyemi,Jos,68,Office Supplies,114291.98,Completed
CUST00266,Musa Usman,Ilorin,52,Electronics,157997.94,Completed
CUST00267,Ibrahim Balogun,Kano,45,Electronics,153712.03,Completed
CUST00268,Sarah Abubakar,Jos,60,Clothing,130883.05,Completed
CUST00269,John Onyeka,Abeokuta,68,Accessories,138549.13,Completed
CUST00270,Blessing Adeyemi,Jos,42,Sports,63431.22,Completed
CUST00271,Amaka Eze,Benin City,33,Clothing,192881.06,Pending
CUST00272,David Balogun,Lagos,40,Accessories,84653.35,Pending
CUST00273,Victor Bello,Owerri,48,Groceries,202879.13,Completed
CUST00274,Kelechi Bello,Lagos,36,Furniture,10975.47,Completed
CUST00275,Chukwu Mohammed,Calabar,37,Accessories,99571.06,Cancelled
CUST00276,Blessing Nwosu,Lagos,66,Furniture,71545.57,Returned
CUST00277,Chukwu Mohammed,Kano,25,Sports,109251.92,Completed
CUST00278,Samuel Okeke,Benin City,29,Books,173024.82,Completed
CUST00279,Amaka Ogunleye,Kano,69,Clothing,181777.15,Completed
CUST00280,Joy Abubakar,Abeokuta,36,Sports,25671.91,Completed
CUST00281,Grace Ibrahim,Kaduna,56,Home Appliances,41682.03,Completed
CUST00282,Samuel Adeyemi,Owerri,40,Office Supplies,249537.7,Completed
CUST00283,Amaka Adeyemi,Abuja,60,Home Appliances,90843.7,Cancelled
CUST00284,Ada Abubakar,Lagos,27,Office Supplies,169530.27,Completed
CUST00285,Chioma Eze,Ibadan,67,Sports,90553.59,Processing
CUST00286,Chukwu Sani,Port Harcourt,61,Books,237207.16,Completed
CUST00287,Kelechi Eze,Ilorin,26,Accessories,91753.31,Completed
CUST00288,Daniel Johnson,Abuja,19,Groceries,124773.51,Completed
CUST00289,Mary Obi,Kano,67,Beauty,176016.85,Completed
CUST00290,Joy Ibrahim,Owerri,49,Furniture,30681.29,Returned
CUST00291,Samuel Abubakar,Calabar,63,Books,249315.67,Cancelled
CUST00292,Ruth Mohammed,Jos,40,Clothing,137510.54,Completed
CUST00293,Grace Abubakar,Owerri,63,Groceries,198429.25,Completed
CUST00294,Tolu Williams,Warri,26,Furniture,197598.51,Completed
CUST00295,Mary Udo,Benin City,47,Accessories,32464.56,Processing
CUST00296,Emeka Ibrahim,Enugu,63,Books,131435.77,Cancelled
CUST00297,Victor Udo,Abuja,26,Sports,160593.59,Completed
CUST00298,Ada Ogunleye,Benin City,26,Accessories,159957.49,Completed
CUST00299,Chioma Akinyemi,Abeokuta,21,Clothing,129537.58,Completed
CUST00300,Ifeoma Mohammed,Calabar,63,Furniture,86522.12,Processing
CUST00301,Musa Ibrahim,Uyo,23,Beauty,49095.57,Processing
CUST00302,Daniel Balogun,Jos,37,Office Supplies,133381.17,Completed
CUST00303,Ifeoma Udo,Ilorin,27,Groceries,164691.75,Pending
CUST00304,Joy Mohammed,Uyo,54,Electronics,206313.44,Completed
CUST00305,Chukwu Udo,Kano,59,Furniture,191745.58,Completed
CUST00306,Joseph Okafor,Kaduna,58,Accessories,72435.67,Processing
CUST00307,Blessing Johnson,Warri,69,Home Appliances,74376.03,Completed
CUST00308,Chukwu Abubakar,Kaduna,44,Books,116123.93,Completed
CUST00309,Chioma Mohammed,Uyo,63,Sports,183556.58,Returned
CUST00310,Michael Balogun,Warri,41,Accessories,140423.76,Completed
CUST00311,Samuel Obi,Kano,46,Furniture,35240.89,Completed
CUST00312,Michael Sani,Enugu,33,Groceries,203374.12,Processing
CUST00313,Hauwa Mohammed,Ibadan,66,Groceries,124578.93,Completed
CUST00314,Blessing Ibrahim,Kaduna,19,Clothing,236309.57,Completed
CUST00315,Fatima Williams,Ilorin,40,Electronics,12658.84,Completed
CUST00316,Musa Usman,Kano,52,Electronics,211796.91,Completed
CUST00317,Musa Nwosu,Owerri,41,Home Appliances,91500.19,Completed
CUST00318,Peter Onyeka,Ibadan,41,Accessories,72168.21,Completed
CUST00319,Samuel Onyeka,Kano,70,Office Supplies,170107.65,Completed
CUST00320,Tolu Okeke,Benin City,68,Sports,139469.01,Completed
CUST00321,Chioma Williams,Ilorin,50,Home Appliances,125031.97,Completed
CUST00322,Chioma Mohammed,Warri,48,Accessories,114260.72,Completed
CUST00323,John Balogun,Benin City,57,Sports,40646.45,Processing
CUST00324,Hauwa Ibrahim,Ilorin,39,Accessories,207076.64,Completed
CUST00325,Ibrahim Udo,Kano,48,Electronics,92105.24,Pending
CUST00326,Sarah Udo,Kano,68,Electronics,149237.48,Completed
CUST00327,Joseph Udo,Ilorin,32,Electronics,145891.23,Completed
CUST00328,Joseph Sani,Warri,42,Groceries,205419.78,Completed
CUST00329,Peter Obi,Ibadan,19,Books,78440.28,Completed
CUST00330,Ibrahim Williams,Enugu,50,Office Supplies,230132.22,Returned
CUST00331,Hauwa Adeyemi,Owerri,26,Accessories,51855.24,Completed
CUST00332,Ada Usman,Abeokuta,42,Sports,239172.46,Completed
CUST00333,Mary Mohammed,Abeokuta,40,Beauty,152528.89,Completed
CUST00334,Fatima Nwosu,Abeokuta,37,Furniture,235372.85,Processing
CUST00335,Kelechi Ibrahim,Owerri,31,Books,79277.26,Completed
CUST00336,Zainab Nwosu,Kano,25,Office Supplies,169163.65,Completed
CUST00337,Michael Olawale,Warri,69,Groceries,72630.9,Completed
CUST00338,Ibrahim Eze,Benin City,46,Beauty,186840.94,Completed
CUST00339,Victor Onyeka,Kano,53,Beauty,34339.81,Completed
CUST00340,Peter Johnson,Ibadan,21,Accessories,56437.27,Completed
CUST00341,Tolu Akinyemi,Benin City,63,Books,25158.71,Cancelled
CUST00342,Adebayo Onyeka,Calabar,28,Home Appliances,163231.88,Processing
CUST00343,Blessing Usman,Jos,30,Beauty,80308.9,Pending
CUST00344,Zainab Eze,Jos,54,Furniture,133799.69,Pending
CUST00345,Zainab Adeyemi,Calabar,29,Home Appliances,220564.19,Completed
CUST00346,Zainab Adeyemi,Uyo,43,Books,46598.25,Cancelled
CUST00347,Ruth Ibrahim,Calabar,20,Electronics,74615.59,Completed
CUST00348,Zainab Mohammed,Kano,47,Accessories,131091.53,Processing
CUST00349,Chioma Ogunleye,Kaduna,35,Furniture,202208.25,Completed
CUST00350,Hauwa Bello,Jos,34,Groceries,3545.7,Completed
CUST00351,Grace Udo,Jos,66,Furniture,43894.34,Returned
CUST00352,Musa Okeke,Uyo,45,Accessories,81998.47,Completed
CUST00353,Tolu Abubakar,Port Harcourt,48,Sports,233957.95,Completed
CUST00354,Michael Johnson,Kaduna,66,Beauty,238509.85,Completed
CUST00355,Hauwa Udo,Lagos,34,Sports,173199.83,Completed
CUST00356,Tolu Bello,Kano,28,Home Appliances,171526.25,Processing
CUST00357,Musa Ibrahim,Owerri,25,Beauty,91901.79,Completed
CUST00358,Chioma Usman,Port Harcourt,47,Office Supplies,93421.87,Pending
CUST00359,Zainab Usman,Warri,52,Furniture,190470.86,Pending
CUST00360,Joy Eze,Abeokuta,46,Accessories,175948.94,Completed
CUST00361,Peter Obi,Lagos,53,Accessories,50559.14,Completed
CUST00362,Ifeoma Mohammed,Uyo,51,Books,29082.1,Completed
CUST00363,Peter Usman,Abuja,50,Books,202177.8,Completed
CUST00364,John Akinyemi,Kaduna,54,Electronics,139710.33,Pending
CUST00365,Grace Okafor,Enugu,34,Electronics,186457.48,Completed
CUST00366,Chukwu Akinyemi,Benin City,62,Clothing,135302.35,Completed
CUST00367,Musa Eze,Calabar,48,Electronics,71790.5,Completed
CUST00368,Chioma Akinyemi,Benin City,42,Books,217408.33,Processing
CUST00369,Michael Eze,Jos,60,Accessories,33269.13,Returned
CUST00370,Tolu Abubakar,Abeokuta,43,Accessories,31858.59,Processing
CUST00371,Victor Okafor,Warri,19,Beauty,115764.4,Pending
CUST00372,Sarah Onyeka,Enugu,70,Furniture,61896.82,Completed
CUST00373,Daniel Williams,Calabar,64,Clothing,8078.52,Pending
CUST00374,Joy Okafor,Ibadan,31,Clothing,25246.66,Completed
CUST00375,Joy Adeyemi,Ibadan,65,Electronics,100581.28,Completed
CUST00376,Yusuf Adeyemi,Port Harcourt,50,Beauty,58559.53,Processing
CUST00377,Peter Mohammed,Ilorin,56,Sports,59245.09,Returned
CUST00378,Ada Ogunleye,Ibadan,44,Beauty,68806.6,Completed
CUST00379,Peter Abubakar,Jos,61,Home Appliances,138973.77,Completed
CUST00380,Esther Okeke,Warri,51,Sports,174084.69,Completed
CUST00381,Grace Okeke,Port Harcourt,66,Accessories,118392.87,Returned
CUST00382,Grace Balogun,Warri,47,Electronics,140607.43,Processing
CUST00383,Mary Ogunleye,Port Harcourt,42,Furniture,63767.54,Completed
CUST00384,Emeka Bello,Uyo,41,Clothing,133920.49,Returned
CUST00385,Chukwu Nwosu,Enugu,61,Office Supplies,150740.44,Returned
CUST00386,Yusuf Udo,Owerri,60,Accessories,54273.71,Completed
CUST00387,Zainab Mohammed,Kano,18,Furniture,234291.51,Processing
CUST00388,Tolu Usman,Calabar,33,Office Supplies,175949.55,Completed
CUST00389,Fatima Onyeka,Benin City,67,Beauty,95180.92,Completed
CUST00390,Esther Ibrahim,Kano,41,Accessories,220705.92,Completed
CUST00391,Amaka Usman,Warri,38,Furniture,92691.96,Completed
CUST00392,Peter Johnson,Owerri,27,Electronics,65212.01,Processing
CUST00393,Peter Akinyemi,Kano,27,Furniture,82483.07,Completed
CUST00394,Victor Johnson,Kaduna,53,Sports,64350.26,Returned
CUST00395,Hauwa Usman,Kaduna,28,Sports,42337.2,Pending
CUST00396,Blessing Abubakar,Calabar,52,Electronics,130998.01,Returned
CUST00397,Emeka Adeyemi,Warri,18,Home Appliances,34394.45,Pending
CUST00398,Emeka Balogun,Lagos,31,Accessories,114016.01,Completed
CUST00399,Joseph Sani,Calabar,48,Books,3957.55,Completed
CUST00400,Sarah Okafor,Lagos,51,Beauty,133946.13,Completed
CUST00401,John Akinyemi,Warri,29,Clothing,229514.26,Completed
CUST00402,Fatima Williams,Ilorin,51,Beauty,203808.22,Completed
CUST00403,Michael Eze,Benin City,43,Books,141261.42,Processing
CUST00404,Fatima Ibrahim,Jos,70,Clothing,163442.59,Returned
CUST00405,Kelechi Adeyemi,Abuja,43,Home Appliances,94307.96,Completed
CUST00406,Joseph Okafor,Owerri,28,Clothing,124977.1,Completed
CUST00407,Amaka Mohammed,Ilorin,24,Accessories,229790.08,Completed
CUST00408,Musa Udo,Kaduna,35,Electronics,231041.71,Pending
CUST00409,Daniel Onyeka,Ilorin,60,Electronics,44859.14,Returned
CUST00410,Adebayo Williams,Ilorin,27,Home Appliances,232220.51,Completed
CUST00411,Peter Johnson,Ilorin,42,Accessories,82949.17,Cancelled
CUST00412,Chioma Eze,Abeokuta,65,Sports,13447.77,Completed
CUST00413,Victor Eze,Benin City,56,Office Supplies,238715.73,Completed
CUST00414,Kelechi Mohammed,Lagos,58,Beauty,195892.45,Completed
CUST00415,Fatima Olawale,Abeokuta,42,Home Appliances,46454.82,Completed
CUST00416,Michael Eze,Warri,57,Beauty,199518.84,Pending
CUST00417,Emeka Nwosu,Port Harcourt,42,Groceries,184920.33,Completed
CUST00418,Tolu Eze,Lagos,37,Books,89995.38,Completed
CUST00419,Chioma Eze,Port Harcourt,45,Books,139257.33,Completed
CUST00420,Tolu Okafor,Abuja,40,Accessories,23288.74,Completed
CUST00421,David Okeke,Lagos,36,Home Appliances,96965.19,Completed
CUST00422,Musa Onyeka,Calabar,33,Office Supplies,130288.11,Pending
CUST00423,Ifeoma Balogun,Kano,37,Beauty,123293.66,Completed
CUST00424,Sarah Nwosu,Enugu,37,Books,195672.09,Completed
CUST00425,Fatima Usman,Ilorin,57,Furniture,114478.96,Completed
CUST00426,Adebayo Okeke,Benin City,57,Home Appliances,201024.01,Completed
CUST00427,David Akinyemi,Uyo,70,Office Supplies,34052.71,Completed
CUST00428,Ibrahim Williams,Kaduna,38,Groceries,241144.54,Processing
CUST00429,Grace Usman,Ilorin,68,Furniture,81488.41,Completed
CUST00430,Amaka Okeke,Benin City,25,Office Supplies,49970.02,Processing
CUST00431,Ifeoma Onyeka,Lagos,64,Books,235745.15,Completed
CUST00432,Amaka Ibrahim,Uyo,62,Clothing,204745.92,Cancelled
CUST00433,Sarah Usman,Port Harcourt,58,Beauty,60524.24,Pending
CUST00434,Ibrahim Akinyemi,Warri,42,Clothing,112280.45,Completed
CUST00435,Peter Okeke,Abeokuta,50,Home Appliances,135922.71,Cancelled
CUST00436,Esther Onyeka,Ilorin,58,Clothing,27364.62,Completed
CUST00437,Ada Olawale,Port Harcourt,59,Office Supplies,11098.07,Processing
CUST00438,Ada Okeke,Warri,39,Home Appliances,26508.49,Completed
CUST00439,Fatima Ogunleye,Owerri,51,Accessories,145140.06,Completed
CUST00440,Samuel Olawale,Enugu,47,Office Supplies,172617.07,Completed
CUST00441,Adebayo Usman,Abuja,36,Home Appliances,230138.87,Completed
CUST00442,Victor Balogun,Benin City,37,Sports,113846.78,Completed
CUST00443,Blessing Olawale,Kaduna,24,Books,180505.44,Completed
CUST00444,Emeka Ibrahim,Lagos,69,Clothing,5670.71,Completed
CUST00445,Tolu Abubakar,Calabar,65,Furniture,129010.58,Completed
CUST00446,David Onyeka,Enugu,47,Furniture,199444.0,Pending
CUST00447,Ifeoma Akinyemi,Enugu,19,Office Supplies,220777.27,Completed
CUST00448,Sarah Okeke,Lagos,63,Furniture,51465.98,Cancelled
CUST00449,Amaka Eze,Ilorin,24,Accessories,46760.28,Completed
CUST00450,Samuel Obi,Kano,60,Books,131940.56,Pending
CUST00451,Joy Okeke,Ilorin,43,Office Supplies,28580.16,Completed
CUST00452,Samuel Sani,Port Harcourt,70,Beauty,229672.68,Completed
CUST00453,Ada Balogun,Benin City,25,Furniture,76362.37,Completed
CUST00454,Ibrahim Balogun,Abeokuta,42,Home Appliances,149116.54,Completed
CUST00455,Sarah Abubakar,Kaduna,58,Accessories,173365.9,Pending
CUST00456,Ifeoma Onyeka,Port Harcourt,49,Beauty,35095.63,Completed
CUST00457,Samuel Sani,Lagos,40,Electronics,121165.11,Completed
CUST00458,Michael Onyeka,Abeokuta,59,Books,102298.36,Completed
CUST00459,Ibrahim Bello,Kaduna,28,Clothing,141360.31,Cancelled
CUST00460,Fatima Ibrahim,Lagos,35,Furniture,134413.71,Completed
CUST00461,Samuel Udo,Owerri,67,Books,137442.8,Completed
CUST00462,Tolu Nwosu,Warri,52,Sports,135522.29,Cancelled
CUST00463,Kelechi Bello,Abeokuta,31,Home Appliances,25626.55,Returned
CUST00464,Kelechi Johnson,Kano,20,Books,65722.24,Returned
CUST00465,Emeka Bello,Uyo,25,Furniture,52489.29,Pending
CUST00466,Ibrahim Olawale,Uyo,63,Office Supplies,158201.84,Completed
CUST00467,Chioma Williams,Uyo,31,Electronics,142529.33,Completed
CUST00468,Joy Onyeka,Port Harcourt,38,Beauty,72351.08,Completed
CUST00469,Ruth Ogunleye,Calabar,61,Clothing,33918.84,Cancelled
CUST00470,Sarah Adeyemi,Kano,59,Groceries,175364.1,Completed
CUST00471,Chioma Mohammed,Uyo,33,Home Appliances,122377.45,Completed
CUST00472,Daniel Akinyemi,Enugu,46,Clothing,158416.1,Processing
CUST00473,Emeka Okeke,Abeokuta,65,Beauty,173683.54,Returned
CUST00474,Samuel Usman,Benin City,55,Electronics,217230.22,Returned
CUST00475,Emeka Bello,Jos,60,Sports,212530.31,Cancelled
CUST00476,Michael Williams,Enugu,70,Furniture,123691.37,Completed
CUST00477,Grace Mohammed,Abeokuta,54,Groceries,141546.37,Completed
CUST00478,David Adeyemi,Lagos,24,Books,4094.93,Processing
CUST00479,Ifeoma Bello,Kaduna,18,Home Appliances,50599.49,Pending
CUST00480,Chioma Ibrahim,Port Harcourt,35,Clothing,163655.63,Completed
CUST00481,Esther Abubakar,Lagos,43,Beauty,181503.94,Cancelled
CUST00482,Sarah Eze,Owerri,24,Electronics,53374.96,Completed
CUST00483,Peter Johnson,Abeokuta,61,Books,2346.5,Pending
CUST00484,Victor Obi,Uyo,45,Groceries,119438.12,Completed
CUST00485,Emeka Obi,Abuja,38,Sports,220250.22,Completed
CUST00486,Kelechi Balogun,Jos,61,Groceries,17126.19,Completed
CUST00487,Joy Abubakar,Kaduna,40,Furniture,157029.31,Completed
CUST00488,Sarah Sani,Jos,46,Furniture,21694.84,Completed
CUST00489,Kelechi Obi,Ilorin,64,Home Appliances,87900.12,Completed
CUST00490,Amaka Balogun,Ibadan,35,Clothing,62060.55,Completed
CUST00491,Hauwa Sani,Kano,67,Electronics,211976.83,Pending
CUST00492,Grace Williams,Abeokuta,56,Accessories,47181.91,Completed
CUST00493,Joseph Adeyemi,Warri,68,Furniture,123734.56,Completed
CUST00494,Blessing Sani,Abuja,51,Electronics,246720.96,Processing
CUST00495,Chioma Okeke,Uyo,54,Home Appliances,91368.98,Pending
CUST00496,Kelechi Usman,Warri,22,Electronics,146851.19,Completed
CUST00497,Yusuf Adeyemi,Calabar,21,Home Appliances,126664.99,Pending
CUST00498,John Akinyemi,Enugu,62,Home Appliances,20629.89,Completed
CUST00499,Joy Balogun,Kano,23,Beauty,19778.41,Processing
CUST00500,Amaka Balogun,Abeokuta,38,Home Appliances,146619.63,Cancelled
CUST00501,Joseph Eze,Kano,62,Home Appliances,182496.35,Returned
CUST00502,Chukwu Johnson,Abuja,45,Clothing,113356.63,Completed
CUST00503,Grace Abubakar,Abuja,18,Groceries,175382.37,Completed
CUST00504,Esther Ogunleye,Abeokuta,68,Beauty,41761.56,Completed
CUST00505,Kelechi Nwosu,Owerri,25,Electronics,83769.38,Completed
CUST00506,John Eze,Kano,63,Office Supplies,156892.52,Completed
CUST00507,John Olawale,Lagos,49,Office Supplies,41741.18,Completed
CUST00508,Kelechi Obi,Calabar,54,Clothing,57120.4,Completed
CUST00509,Chukwu Okafor,Ibadan,20,Books,91010.02,Processing
CUST00510,Ifeoma Adeyemi,Abeokuta,69,Home Appliances,56148.22,Completed
CUST00511,Zainab Mohammed,Kano,70,Clothing,142894.7,Completed
CUST00512,Ada Adeyemi,Port Harcourt,32,Accessories,245353.93,Processing
CUST00513,Emeka Bello,Uyo,36,Beauty,81842.05,Completed
CUST00514,Adebayo Olawale,Ibadan,36,Office Supplies,196132.19,Pending
CUST00515,Fatima Bello,Benin City,55,Books,249446.83,Cancelled
CUST00516,Hauwa Onyeka,Warri,68,Furniture,37662.83,Processing
CUST00517,Adebayo Johnson,Abeokuta,40,Electronics,237748.79,Completed
CUST00518,Ada Okeke,Uyo,65,Beauty,26009.66,Completed
CUST00519,Fatima Akinyemi,Kaduna,21,Groceries,177920.33,Completed
CUST00520,Zainab Johnson,Calabar,51,Home Appliances,175219.21,Completed
CUST00521,Hauwa Eze,Ilorin,24,Accessories,33400.12,Cancelled
CUST00522,Emeka Udo,Ilorin,21,Home Appliances,165619.42,Completed
CUST00523,Grace Nwosu,Uyo,38,Home Appliances,175188.88,Pending
CUST00524,David Bello,Kano,32,Clothing,235890.08,Completed
CUST00525,Kelechi Udo,Abuja,27,Clothing,41114.64,Completed
CUST00526,Sarah Obi,Abeokuta,40,Furniture,112992.97,Completed
CUST00527,Ruth Obi,Abuja,28,Beauty,206601.01,Pending
CUST00528,Chukwu Williams,Uyo,38,Groceries,22825.95,Completed
CUST00529,Esther Okeke,Abeokuta,21,Beauty,65060.19,Processing
CUST00530,Adebayo Okeke,Uyo,46,Accessories,187025.91,Completed
CUST00531,Samuel Obi,Warri,68,Groceries,30385.28,Completed
CUST00532,Kelechi Johnson,Port Harcourt,30,Home Appliances,93075.63,Pending
CUST00533,Joseph Eze,Ilorin,55,Beauty,229359.21,Completed
CUST00534,Emeka Williams,Calabar,59,Books,202329.43,Completed
CUST00535,Ruth Mohammed,Abuja,20,Books,12683.16,Processing
CUST00536,Sarah Okeke,Kaduna,19,Home Appliances,170811.15,Completed
CUST00537,Yusuf Abubakar,Kano,35,Books,220858.86,Completed
CUST00538,Joy Sani,Ibadan,59,Beauty,124735.43,Processing
CUST00539,Blessing Adeyemi,Abuja,35,Home Appliances,34330.57,Completed
CUST00540,Musa Ogunleye,Ibadan,58,Accessories,198716.69,Processing
CUST00541,Amaka Olawale,Kaduna,52,Books,86024.93,Completed
CUST00542,David Okeke,Kano,29,Electronics,79736.42,Completed
CUST00543,Musa Nwosu,Lagos,69,Books,132369.84,Cancelled
CUST00544,Fatima Abubakar,Abuja,33,Furniture,66650.09,Cancelled
CUST00545,Zainab Adeyemi,Warri,32,Office Supplies,211630.11,Cancelled
CUST00546,Esther Abubakar,Port Harcourt,33,Office Supplies,79518.14,Pending
CUST00547,Esther Udo,Lagos,63,Sports,236890.99,Completed
CUST00548,Peter Williams,Uyo,69,Books,135542.6,Completed
CUST00549,Chukwu Eze,Lagos,32,Office Supplies,54721.77,Completed
CUST00550,Adebayo Mohammed,Calabar,57,Furniture,201616.19,Completed
CUST00551,Ifeoma Mohammed,Lagos,19,Groceries,146662.63,Processing
CUST00552,Kelechi Obi,Uyo,51,Sports,240140.67,Completed
CUST00553,Ada Okeke,Ilorin,24,Sports,75458.74,Completed
CUST00554,Ifeoma Akinyemi,Warri,58,Books,162303.84,Completed
CUST00555,Mary Sani,Warri,40,Furniture,166391.28,Cancelled
CUST00556,Michael Ibrahim,Owerri,62,Beauty,31858.91,Pending
CUST00557,Ibrahim Udo,Enugu,67,Office Supplies,8119.88,Completed
CUST00558,Zainab Sani,Ibadan,58,Office Supplies,26049.96,Completed
CUST00559,David Eze,Ibadan,40,Sports,41992.66,Processing
CUST00560,Emeka Mohammed,Kaduna,18,Beauty,52440.83,Pending
CUST00561,Esther Nwosu,Warri,24,Electronics,12060.66,Completed
CUST00562,Sarah Abubakar,Calabar,44,Books,220445.62,Completed
CUST00563,Michael Obi,Uyo,48,Office Supplies,162751.12,Pending
CUST00564,Ifeoma Bello,Abuja,69,Electronics,73744.78,Completed
CUST00565,Tolu Eze,Benin City,28,Home Appliances,40247.1,Completed
CUST00566,Musa Eze,Benin City,56,Office Supplies,223309.21,Pending
CUST00567,Sarah Abubakar,Ilorin,45,Groceries,13412.6,Completed
CUST00568,Yusuf Akinyemi,Owerri,53,Accessories,66334.56,Completed
CUST00569,Fatima Obi,Lagos,43,Office Supplies,137426.92,Completed
CUST00570,Chukwu Olawale,Lagos,45,Clothing,73655.0,Pending
CUST00571,Joy Usman,Ibadan,24,Electronics,51758.07,Pending
CUST00572,Emeka Usman,Uyo,25,Beauty,196224.52,Completed
CUST00573,Musa Nwosu,Abuja,59,Accessories,96897.09,Completed
CUST00574,Michael Olawale,Port Harcourt,46,Electronics,65842.41,Completed
CUST00575,Fatima Nwosu,Ilorin,21,Groceries,188064.98,Pending
CUST00576,Emeka Olawale,Warri,52,Home Appliances,242677.12,Completed
CUST00577,Mary Adeyemi,Uyo,42,Accessories,104672.55,Completed
CUST00578,Ruth Usman,Ilorin,33,Books,74730.56,Completed
CUST00579,Ruth Adeyemi,Abeokuta,54,Accessories,200117.57,Pending
CUST00580,Joy Balogun,Abuja,66,Books,43240.42,Processing
CUST00581,Yusuf Williams,Port Harcourt,20,Home Appliances,19615.17,Pending
CUST00582,Yusuf Balogun,Uyo,56,Beauty,79954.38,Pending
CUST00583,Amaka Eze,Abuja,42,Accessories,99353.81,Completed
CUST00584,Daniel Ogunleye,Kaduna,18,Office Supplies,146904.33,Cancelled
CUST00585,Tolu Akinyemi,Port Harcourt,27,Office Supplies,146993.83,Cancelled
CUST00586,Tolu Obi,Ilorin,67,Clothing,196441.76,Returned
CUST00587,Musa Olawale,Calabar,44,Beauty,95776.29,Completed
CUST00588,Joy Usman,Lagos,29,Beauty,100758.42,Completed
CUST00589,Ada Okeke,Lagos,43,Sports,172636.18,Completed
CUST00590,Blessing Nwosu,Calabar,41,Electronics,84483.07,Cancelled
CUST00591,Grace Nwosu,Uyo,49,Clothing,243124.85,Completed
CUST00592,Grace Bello,Warri,70,Sports,67373.26,Completed
CUST00593,Joseph Eze,Ibadan,46,Furniture,228360.37,Completed
CUST00594,Blessing Ogunleye,Uyo,41,Electronics,128829.54,Completed
CUST00595,Grace Ogunleye,Enugu,26,Accessories,219836.16,Completed
CUST00596,Yusuf Williams,Uyo,21,Furniture,8291.93,Completed
CUST00597,Esther Williams,Kano,41,Books,126293.97,Pending
CUST00598,Tolu Okafor,Ibadan,41,Books,148521.05,Completed
CUST00599,Ruth Usman,Ilorin,53,Sports,86078.64,Returned
CUST00600,Daniel Eze,Kano,19,Home Appliances,12436.52,Returned
CUST00601,Kelechi Williams,Uyo,32,Furniture,169431.87,Completed
CUST00602,Sarah Ogunleye,Lagos,67,Electronics,118537.45,Completed
CUST00603,Ifeoma Sani,Warri,18,Furniture,63116.3,Cancelled
CUST00604,Grace Nwosu,Enugu,42,Sports,114763.03,Completed
CUST00605,Grace Ogunleye,Uyo,57,Home Appliances,146132.18,Completed
CUST00606,Ada Olawale,Abeokuta,59,Office Supplies,152272.3,Completed
CUST00607,Tolu Usman,Abuja,39,Beauty,160157.67,Returned
CUST00608,Daniel Ibrahim,Ibadan,27,Accessories,191374.46,Processing
CUST00609,Amaka Sani,Enugu,60,Sports,170196.92,Pending
CUST00610,Joseph Usman,Kano,34,Home Appliances,101164.61,Pending
CUST00611,Peter Udo,Uyo,30,Sports,181644.31,Completed
CUST00612,Mary Usman,Calabar,60,Sports,126841.03,Returned
CUST00613,Victor Onyeka,Port Harcourt,36,Clothing,117708.45,Cancelled
CUST00614,Hauwa Onyeka,Warri,29,Sports,163617.3,Completed
CUST00615,Fatima Ibrahim,Enugu,68,Sports,92936.32,Completed
CUST00616,Samuel Obi,Kaduna,21,Office Supplies,145088.77,Pending
CUST00617,Blessing Williams,Abeokuta,25,Home Appliances,132471.38,Completed
CUST00618,Ruth Balogun,Port Harcourt,30,Sports,102312.73,Completed
CUST00619,Zainab Bello,Port Harcourt,38,Groceries,194740.82,Completed
CUST00620,Joseph Abubakar,Benin City,58,Electronics,1203.26,Completed
CUST00621,Kelechi Abubakar,Ilorin,66,Groceries,122407.03,Cancelled
CUST00622,Emeka Balogun,Ilorin,45,Home Appliances,100863.29,Processing
CUST00623,Michael Okafor,Lagos,52,Furniture,182671.5,Processing
CUST00624,Musa Mohammed,Warri,51,Furniture,4503.58,Completed
CUST00625,Hauwa Johnson,Ibadan,62,Sports,78040.26,Completed
CUST00626,John Udo,Kano,28,Clothing,205965.36,Completed
CUST00627,Grace Bello,Owerri,51,Office Supplies,131041.31,Completed
CUST00628,Ada Balogun,Benin City,49,Sports,187535.14,Completed
CUST00629,Zainab Okeke,Lagos,32,Furniture,181799.03,Completed
CUST00630,Hauwa Okafor,Ilorin,50,Groceries,30812.42,Pending
CUST00631,Amaka Adeyemi,Enugu,58,Beauty,192818.13,Pending
CUST00632,Joy Adeyemi,Jos,24,Electronics,12082.56,Completed
CUST00633,Samuel Okeke,Abuja,53,Beauty,118612.22,Completed
CUST00634,Ibrahim Okafor,Kano,44,Clothing,165629.18,Completed
CUST00635,Joy Balogun,Enugu,24,Accessories,179698.59,Completed
CUST00636,Tolu Obi,Kaduna,30,Office Supplies,49957.35,Completed
CUST00637,John Williams,Benin City,63,Home Appliances,73855.42,Completed
CUST00638,Blessing Williams,Owerri,48,Sports,58645.45,Completed
CUST00639,Emeka Obi,Uyo,54,Books,37307.39,Completed
CUST00640,John Eze,Owerri,64,Clothing,226197.23,Pending
CUST00641,Samuel Ibrahim,Kano,47,Electronics,24974.73,Completed
CUST00642,Chukwu Ibrahim,Benin City,69,Sports,106513.15,Completed
CUST00643,Ruth Adeyemi,Lagos,26,Groceries,82181.99,Processing
CUST00644,Joy Nwosu,Calabar,64,Clothing,93171.22,Completed
CUST00645,Tolu Okeke,Enugu,47,Beauty,208931.19,Pending
CUST00646,Blessing Akinyemi,Jos,69,Groceries,28286.31,Pending
CUST00647,Chukwu Abubakar,Abuja,44,Office Supplies,120681.65,Completed
CUST00648,Samuel Abubakar,Ilorin,42,Sports,152849.32,Returned
CUST00649,Musa Balogun,Kaduna,49,Clothing,221901.29,Completed
CUST00650,Emeka Nwosu,Jos,38,Electronics,176149.43,Pending
CUST00651,Kelechi Udo,Owerri,54,Furniture,244474.44,Pending
CUST00652,David Ogunleye,Abeokuta,62,Office Supplies,23833.15,Pending
CUST00653,Fatima Usman,Benin City,60,Home Appliances,37184.9,Returned
CUST00654,Musa Sani,Lagos,18,Groceries,126404.25,Completed
CUST00655,Blessing Abubakar,Abuja,66,Books,80175.44,Completed
CUST00656,Daniel Adeyemi,Abeokuta,32,Accessories,160838.25,Completed
CUST00657,Fatima Eze,Kaduna,46,Office Supplies,112038.44,Returned
CUST00658,Samuel Mohammed,Abuja,49,Electronics,25683.26,Completed
CUST00659,Mary Onyeka,Lagos,70,Clothing,197951.03,Processing
CUST00660,Joseph Ibrahim,Calabar,50,Accessories,51732.64,Pending
CUST00661,David Olawale,Uyo,21,Furniture,211083.25,Completed
CUST00662,Kelechi Sani,Ilorin,48,Sports,178985.48,Completed
CUST00663,Kelechi Johnson,Lagos,39,Sports,207475.22,Processing
CUST00664,Grace Onyeka,Abeokuta,41,Clothing,11468.38,Completed
CUST00665,Chioma Akinyemi,Abuja,34,Office Supplies,49000.47,Completed
CUST00666,Ruth Okeke,Ibadan,47,Furniture,179204.06,Completed
CUST00667,Sarah Adeyemi,Calabar,58,Office Supplies,30826.72,Processing
CUST00668,Samuel Udo,Abeokuta,26,Books,1109.3,Pending
CUST00669,Mary Akinyemi,Uyo,55,Books,231094.61,Cancelled
CUST00670,Zainab Abubakar,Owerri,55,Groceries,182630.4,Completed
CUST00671,Michael Sani,Ilorin,38,Accessories,220350.61,Completed
CUST00672,Joy Johnson,Kano,43,Sports,242623.65,Completed
CUST00673,Chioma Balogun,Enugu,56,Accessories,74745.81,Pending
CUST00674,Ruth Mohammed,Owerri,65,Accessories,158155.01,Completed
CUST00675,Joy Ibrahim,Jos,40,Groceries,245334.34,Pending
CUST00676,Ifeoma Ogunleye,Abeokuta,62,Sports,177595.42,Cancelled
CUST00677,Mary Usman,Ilorin,54,Home Appliances,168569.02,Processing
CUST00678,Mary Ibrahim,Calabar,45,Electronics,130694.43,Completed
CUST00679,Chioma Adeyemi,Jos,21,Furniture,66762.89,Cancelled
CUST00680,Grace Nwosu,Port Harcourt,21,Beauty,51020.13,Completed
CUST00681,Esther Bello,Abuja,57,Accessories,216213.75,Cancelled
CUST00682,Mary Okeke,Ibadan,50,Beauty,173241.7,Completed
CUST00683,Michael Okeke,Enugu,68,Sports,241459.16,Completed
CUST00684,Hauwa Nwosu,Ibadan,57,Books,207500.12,Processing
CUST00685,Ibrahim Olawale,Warri,55,Accessories,184619.05,Completed
CUST00686,Hauwa Williams,Kano,46,Groceries,245863.74,Completed
CUST00687,Ifeoma Ogunleye,Abuja,42,Electronics,107141.24,Completed
CUST00688,Chioma Abubakar,Ilorin,34,Electronics,82657.43,Pending
CUST00689,Chioma Adeyemi,Port Harcourt,38,Office Supplies,12737.59,Processing
CUST00690,Joy Ibrahim,Kaduna,68,Office Supplies,137551.29,Completed
CUST00691,Ibrahim Mohammed,Abeokuta,32,Groceries,130163.56,Cancelled
CUST00692,Ifeoma Akinyemi,Abeokuta,52,Home Appliances,23009.09,Completed
CUST00693,Yusuf Mohammed,Benin City,41,Beauty,54630.86,Cancelled
CUST00694,John Usman,Abeokuta,70,Electronics,28702.62,Completed
CUST00695,Fatima Sani,Calabar,57,Furniture,239725.23,Pending
CUST00696,David Okeke,Calabar,68,Clothing,96484.34,Completed
CUST00697,Grace Okafor,Calabar,51,Sports,128589.41,Completed
CUST00698,Blessing Adeyemi,Kano,59,Furniture,80095.18,Completed
CUST00699,Tolu Abubakar,Warri,52,Accessories,1857.46,Completed
CUST00700,Ada Williams,Uyo,61,Home Appliances,208920.38,Completed
CUST00701,Victor Akinyemi,Jos,70,Clothing,186729.03,Completed
CUST00702,Samuel Mohammed,Lagos,23,Clothing,13590.66,Cancelled
CUST00703,Mary Eze,Ilorin,70,Furniture,227748.87,Completed
CUST00704,Samuel Okeke,Enugu,38,Electronics,97390.73,Completed
CUST00705,Adebayo Sani,Abuja,66,Office Supplies,11403.08,Returned
CUST00706,Esther Ogunleye,Abuja,36,Beauty,151651.3,Completed
CUST00707,Zainab Bello,Enugu,43,Electronics,118510.07,Completed
CUST00708,Chioma Okeke,Warri,69,Accessories,73762.24,Pending
CUST00709,Grace Olawale,Lagos,53,Accessories,35364.93,Completed
CUST00710,Peter Sani,Enugu,52,Accessories,236746.17,Completed
CUST00711,Hauwa Olawale,Ibadan,44,Accessories,35635.22,Completed
CUST00712,Joy Nwosu,Ibadan,25,Groceries,167752.7,Completed
CUST00713,Chukwu Onyeka,Kaduna,59,Accessories,18309.31,Pending
CUST00714,Daniel Obi,Ibadan,64,Office Supplies,121810.42,Completed
CUST00715,Chioma Johnson,Abuja,36,Office Supplies,17475.48,Completed
CUST00716,Blessing Bello,Benin City,57,Beauty,173372.2,Completed
CUST00717,Peter Olawale,Warri,38,Home Appliances,42180.66,Completed
CUST00718,Amaka Johnson,Owerri,65,Home Appliances,69188.04,Completed
CUST00719,Ada Mohammed,Calabar,48,Books,111353.36,Cancelled
CUST00720,Blessing Onyeka,Abuja,29,Office Supplies,20516.37,Completed
CUST00721,Victor Balogun,Calabar,52,Furniture,65827.08,Processing
CUST00722,Emeka Eze,Calabar,19,Accessories,157915.83,Cancelled
CUST00723,Peter Okeke,Warri,55,Furniture,226578.24,Completed
CUST00724,Mary Onyeka,Kaduna,59,Groceries,91470.51,Completed
CUST00725,Kelechi Udo,Owerri,36,Groceries,116188.67,Completed
CUST00726,Michael Olawale,Abeokuta,18,Furniture,211999.26,Cancelled
CUST00727,Joy Abubakar,Warri,50,Groceries,111568.96,Completed
CUST00728,Peter Balogun,Owerri,64,Books,234795.34,Completed
CUST00729,Kelechi Usman,Ibadan,22,Beauty,92374.56,Completed
CUST00730,Yusuf Ogunleye,Calabar,68,Sports,97038.58,Processing
CUST00731,Musa Adeyemi,Lagos,59,Sports,25828.67,Processing
CUST00732,Joseph Nwosu,Uyo,65,Beauty,144668.39,Completed
CUST00733,Michael Okeke,Benin City,55,Clothing,129177.81,Completed
CUST00734,Zainab Johnson,Abeokuta,43,Sports,204313.76,Completed
CUST00735,Amaka Usman,Calabar,56,Electronics,125471.7,Completed
CUST00736,Ifeoma Johnson,Abuja,50,Beauty,52898.99,Completed
CUST00737,Esther Sani,Owerri,70,Clothing,165285.88,Completed
CUST00738,David Obi,Kaduna,61,Books,119768.32,Completed
CUST00739,Joseph Akinyemi,Lagos,33,Electronics,31993.08,Completed
CUST00740,Chioma Ogunleye,Lagos,54,Groceries,14001.6,Completed
CUST00741,Ifeoma Ogunleye,Enugu,56,Office Supplies,159414.74,Returned
CUST00742,Hauwa Ibrahim,Abuja,31,Books,151641.31,Completed
CUST00743,Blessing Abubakar,Ibadan,44,Office Supplies,35699.47,Completed
CUST00744,Kelechi Abubakar,Ilorin,60,Accessories,66148.56,Pending
CUST00745,David Bello,Ilorin,55,Clothing,57472.7,Completed
CUST00746,Tolu Okafor,Ibadan,51,Accessories,171099.85,Returned
CUST00747,Joy Obi,Port Harcourt,48,Office Supplies,149963.45,Returned
CUST00748,Mary Ogunleye,Warri,25,Clothing,120573.18,Completed
CUST00749,Joy Onyeka,Uyo,18,Home Appliances,130523.01,Completed
CUST00750,Chukwu Ogunleye,Enugu,32,Books,197394.16,Completed
CUST00751,Peter Udo,Abuja,45,Groceries,63648.14,Cancelled
CUST00752,Zainab Eze,Kano,56,Accessories,102176.46,Completed
CUST00753,Ibrahim Okafor,Ilorin,51,Clothing,129952.47,Completed
CUST00754,Yusuf Mohammed,Enugu,41,Clothing,38715.78,Pending
CUST00755,Daniel Nwosu,Uyo,52,Home Appliances,141178.44,Completed
CUST00756,Ada Okeke,Warri,31,Home Appliances,138037.43,Completed
CUST00757,Ifeoma Olawale,Abeokuta,53,Books,63463.07,Completed
CUST00758,Esther Okeke,Owerri,26,Clothing,186959.85,Completed
CUST00759,Ibrahim Abubakar,Abuja,31,Accessories,100155.21,Completed
CUST00760,Mary Sani,Owerri,61,Electronics,40205.48,Processing
CUST00761,Adebayo Eze,Uyo,27,Books,231467.3,Completed
CUST00762,Emeka Nwosu,Ibadan,41,Clothing,152266.99,Pending
CUST00763,Zainab Okeke,Ilorin,59,Accessories,71635.15,Processing
CUST00764,Chukwu Abubakar,Jos,49,Books,2702.33,Returned
CUST00765,Zainab Ogunleye,Kano,30,Electronics,195995.26,Completed
CUST00766,Ibrahim Johnson,Ilorin,28,Electronics,89951.01,Pending
CUST00767,Ifeoma Eze,Kano,67,Home Appliances,88298.09,Completed
CUST00768,Peter Williams,Abeokuta,18,Clothing,229796.38,Completed
CUST00769,Hauwa Onyeka,Calabar,55,Sports,86885.09,Cancelled
CUST00770,Fatima Sani,Ibadan,47,Home Appliances,143737.31,Completed
CUST00771,Sarah Ogunleye,Abuja,53,Clothing,125804.71,Completed
CUST00772,Tolu Ogunleye,Kano,52,Office Supplies,62554.12,Completed
CUST00773,Michael Udo,Kaduna,67,Furniture,189374.38,Processing
CUST00774,Samuel Bello,Calabar,55,Electronics,120505.49,Completed
CUST00775,Michael Johnson,Jos,62,Furniture,200045.34,Completed
CUST00776,Esther Ogunleye,Abeokuta,18,Beauty,62083.2,Completed
CUST00777,Ada Mohammed,Abuja,53,Groceries,119151.95,Completed
CUST00778,Musa Udo,Kano,29,Furniture,124762.36,Completed
CUST00779,Hauwa Johnson,Uyo,34,Furniture,57321.15,Returned
CUST00780,Victor Sani,Benin City,27,Clothing,29991.63,Completed
CUST00781,Ada Usman,Ilorin,18,Accessories,239499.32,Returned
CUST00782,Esther Sani,Benin City,49,Office Supplies,217195.49,Completed
CUST00783,Kelechi Ogunleye,Kano,43,Furniture,187548.59,Completed
CUST00784,John Akinyemi,Kaduna,52,Electronics,125631.24,Completed
CUST00785,Ada Abubakar,Kaduna,25,Accessories,115031.15,Pending
CUST00786,Adebayo Williams,Enugu,55,Clothing,81375.91,Completed
CUST00787,Daniel Abubakar,Abeokuta,34,Furniture,67370.32,Processing
CUST00788,David Olawale,Port Harcourt,49,Home Appliances,52652.86,Pending
CUST00789,Esther Olawale,Uyo,43,Beauty,112695.98,Completed
CUST00790,Peter Johnson,Uyo,24,Beauty,201026.79,Completed
CUST00791,Ruth Okeke,Ibadan,27,Groceries,118259.93,Completed
CUST00792,Sarah Usman,Port Harcourt,58,Accessories,133507.3,Completed
CUST00793,Blessing Ibrahim,Kano,53,Office Supplies,11951.13,Completed
CUST00794,Ifeoma Adeyemi,Ibadan,70,Beauty,119147.94,Pending
CUST00795,Samuel Mohammed,Kano,41,Sports,140098.5,Processing
CUST00796,Daniel Olawale,Lagos,44,Clothing,87788.85,Pending
CUST00797,Joy Williams,Ilorin,54,Accessories,43655.35,Cancelled
CUST00798,Esther Mohammed,Jos,50,Books,193691.72,Completed
CUST00799,Emeka Okeke,Ilorin,36,Books,157937.25,Completed
CUST00800,Ifeoma Mohammed,Enugu,58,Office Supplies,142920.1,Returned
CUST00801,Emeka Eze,Port Harcourt,39,Furniture,78387.68,Pending
CUST00802,Ibrahim Nwosu,Ilorin,59,Home Appliances,67830.24,Completed
CUST00803,Ruth Olawale,Owerri,55,Accessories,241382.37,Completed
CUST00804,Ifeoma Okafor,Port Harcourt,64,Furniture,165514.09,Processing
CUST00805,Ibrahim Eze,Ibadan,28,Home Appliances,25774.75,Completed
CUST00806,Musa Usman,Abeokuta,21,Electronics,192739.15,Completed
CUST00807,Emeka Obi,Kano,57,Groceries,21100.71,Processing
CUST00808,Michael Ibrahim,Ibadan,33,Beauty,110804.03,Completed
CUST00809,John Abubakar,Lagos,20,Sports,215095.7,Completed
CUST00810,Blessing Bello,Uyo,52,Beauty,137147.6,Completed
CUST00811,Ibrahim Onyeka,Port Harcourt,55,Office Supplies,114149.44,Cancelled
CUST00812,Musa Udo,Enugu,51,Accessories,77432.59,Completed
CUST00813,Mary Johnson,Warri,23,Books,76984.35,Completed
CUST00814,Chioma Ibrahim,Lagos,18,Accessories,203849.56,Returned
CUST00815,Esther Ibrahim,Kaduna,52,Electronics,171950.3,Completed
CUST00816,Kelechi Usman,Kano,18,Home Appliances,199496.24,Completed
CUST00817,Amaka Okafor,Abeokuta,41,Furniture,102948.67,Completed
CUST00818,Michael Johnson,Port Harcourt,63,Home Appliances,207111.0,Completed
CUST00819,Emeka Akinyemi,Jos,33,Accessories,191140.46,Processing
CUST00820,Amaka Nwosu,Kano,59,Accessories,202206.94,Completed
CUST00821,Ruth Eze,Port Harcourt,26,Beauty,27611.33,Completed
CUST00822,Samuel Nwosu,Owerri,57,Books,46967.67,Completed
CUST00823,Chukwu Onyeka,Lagos,29,Clothing,70546.58,Completed
CUST00824,Samuel Okafor,Ibadan,23,Groceries,3705.84,Completed
CUST00825,Sarah Ibrahim,Warri,69,Books,249490.91,Completed
CUST00826,Amaka Adeyemi,Benin City,23,Groceries,14033.19,Cancelled
CUST00827,Emeka Onyeka,Kaduna,29,Furniture,223927.35,Completed
CUST00828,Michael Okafor,Abuja,67,Furniture,96214.85,Processing
CUST00829,Fatima Adeyemi,Ibadan,47,Clothing,130296.75,Processing
CUST00830,Blessing Okeke,Jos,37,Sports,39673.89,Pending
CUST00831,Hauwa Onyeka,Abeokuta,25,Beauty,120320.37,Completed
CUST00832,Esther Adeyemi,Uyo,60,Furniture,243319.18,Completed
CUST00833,Sarah Mohammed,Lagos,28,Beauty,146184.6,Completed
CUST00834,Fatima Okafor,Lagos,55,Books,172109.42,Completed
CUST00835,Kelechi Eze,Ibadan,28,Books,22873.1,Completed
CUST00836,Zainab Adeyemi,Lagos,40,Groceries,175339.5,Cancelled
CUST00837,Chioma Usman,Ibadan,38,Accessories,197145.74,Cancelled
CUST00838,Amaka Bello,Owerri,30,Electronics,172320.26,Completed
CUST00839,Chioma Nwosu,Calabar,20,Books,176663.83,Completed
CUST00840,Mary Usman,Ibadan,54,Groceries,135916.55,Completed
CUST00841,Samuel Nwosu,Uyo,56,Accessories,40106.84,Completed
CUST00842,Samuel Ibrahim,Uyo,34,Accessories,91794.0,Completed
CUST00843,Joseph Ogunleye,Enugu,64,Groceries,220736.02,Completed
CUST00844,Esther Sani,Ibadan,38,Clothing,164580.9,Completed
CUST00845,Michael Williams,Abeokuta,61,Books,191439.38,Completed
CUST00846,Grace Mohammed,Enugu,59,Sports,27638.27,Completed
CUST00847,Emeka Adeyemi,Uyo,26,Groceries,218376.36,Completed
CUST00848,Blessing Williams,Abuja,20,Office Supplies,160446.87,Completed
CUST00849,Blessing Ogunleye,Ilorin,62,Office Supplies,64003.23,Completed
CUST00850,Joy Eze,Lagos,31,Books,232102.72,Returned
CUST00851,Samuel Adeyemi,Benin City,53,Home Appliances,205511.08,Cancelled
CUST00852,Chukwu Sani,Kano,51,Electronics,183581.73,Returned
CUST00853,Emeka Williams,Abeokuta,24,Clothing,181299.85,Completed
CUST00854,Yusuf Williams,Abeokuta,60,Furniture,142517.67,Processing
CUST00855,Mary Onyeka,Enugu,65,Clothing,191576.7,Completed
CUST00856,Ada Bello,Owerri,60,Home Appliances,220708.93,Completed
CUST00857,Ifeoma Onyeka,Enugu,50,Sports,164391.53,Completed
CUST00858,Joy Bello,Calabar,40,Sports,137531.58,Processing
CUST00859,Ruth Olawale,Enugu,66,Home Appliances,206543.09,Completed
CUST00860,Fatima Udo,Abeokuta,31,Home Appliances,191432.91,Processing
CUST00861,Daniel Olawale,Kaduna,46,Home Appliances,73.9,Completed
CUST00862,Grace Sani,Lagos,51,Groceries,248353.17,Completed
CUST00863,Grace Johnson,Ibadan,38,Electronics,192886.48,Processing
CUST00864,Victor Nwosu,Calabar,53,Accessories,139091.86,Processing
CUST00865,Chioma Obi,Lagos,47,Sports,39047.87,Completed
CUST00866,Musa Udo,Ibadan,32,Beauty,202773.28,Completed
CUST00867,Michael Udo,Calabar,31,Clothing,180902.04,Cancelled
CUST00868,Ifeoma Usman,Uyo,62,Office Supplies,204883.33,Completed
CUST00869,Joseph Ibrahim,Lagos,64,Office Supplies,95401.99,Cancelled
CUST00870,Zainab Mohammed,Benin City,70,Home Appliances,104145.02,Returned
CUST00871,Ruth Johnson,Owerri,59,Office Supplies,232165.08,Pending
CUST00872,Joseph Okeke,Lagos,37,Accessories,10319.53,Completed
CUST00873,Chioma Mohammed,Abeokuta,62,Furniture,38320.54,Pending
CUST00874,Michael Bello,Warri,56,Office Supplies,126194.72,Completed
CUST00875,Grace Okeke,Port Harcourt,26,Sports,20659.21,Completed
CUST00876,Chukwu Onyeka,Enugu,34,Clothing,99646.8,Completed
CUST00877,Ibrahim Balogun,Warri,26,Books,139835.06,Completed
CUST00878,Joseph Udo,Ibadan,53,Office Supplies,249269.76,Completed
CUST00879,Fatima Eze,Kano,67,Home Appliances,80869.82,Processing
CUST00880,Emeka Obi,Jos,44,Home Appliances,91332.78,Completed
CUST00881,Esther Sani,Jos,19,Beauty,42334.58,Completed
CUST00882,Victor Bello,Ilorin,27,Books,11243.27,Cancelled
CUST00883,Yusuf Olawale,Port Harcourt,66,Clothing,28115.13,Completed
CUST00884,Joy Balogun,Uyo,70,Beauty,3457.98,Pending
CUST00885,Tolu Ibrahim,Kaduna,48,Electronics,82985.88,Cancelled
CUST00886,Yusuf Williams,Abeokuta,51,Beauty,137211.29,Pending
CUST00887,Chioma Okafor,Enugu,55,Accessories,10894.41,Completed
CUST00888,Grace Williams,Warri,62,Office Supplies,67838.58,Completed
CUST00889,Adebayo Eze,Enugu,60,Beauty,165753.83,Processing
CUST00890,Esther Obi,Lagos,36,Home Appliances,57811.38,Completed
CUST00891,Ibrahim Obi,Calabar,38,Books,216696.52,Completed
CUST00892,Ifeoma Williams,Abeokuta,47,Accessories,231589.33,Completed
CUST00893,Fatima Ogunleye,Kano,39,Books,98365.12,Completed
CUST00894,Esther Olawale,Benin City,58,Beauty,59070.29,Processing
CUST00895,John Nwosu,Warri,21,Beauty,219672.35,Processing
CUST00896,Victor Okafor,Abeokuta,35,Furniture,37948.25,Processing
CUST00897,Ada Balogun,Abuja,64,Home Appliances,130191.44,Pending
CUST00898,Ruth Johnson,Enugu,33,Office Supplies,38208.47,Processing
CUST00899,Zainab Sani,Benin City,46,Accessories,32964.74,Pending
CUST00900,Peter Onyeka,Jos,69,Furniture,215650.35,Completed
CUST00901,Ibrahim Ogunleye,Calabar,26,Home Appliances,248921.56,Processing
CUST00902,Chioma Udo,Calabar,28,Sports,16976.81,Completed
CUST00903,Hauwa Obi,Port Harcourt,38,Groceries,181776.71,Cancelled
CUST00904,Musa Akinyemi,Enugu,37,Books,186408.79,Returned
CUST00905,Joseph Nwosu,Port Harcourt,67,Furniture,26715.19,Completed
CUST00906,Kelechi Sani,Ilorin,35,Office Supplies,141771.6,Completed
CUST00907,Fatima Johnson,Jos,19,Sports,19891.87,Cancelled
CUST00908,Chioma Ogunleye,Uyo,56,Books,178011.98,Completed
CUST00909,Ruth Okeke,Kaduna,48,Groceries,40967.5,Completed
CUST00910,Sarah Okafor,Calabar,35,Home Appliances,55657.99,Pending
CUST00911,Yusuf Williams,Abuja,29,Books,216785.57,Completed
CUST00912,David Bello,Calabar,33,Home Appliances,101231.57,Completed
CUST00913,Hauwa Okeke,Owerri,38,Home Appliances,152885.93,Cancelled
CUST00914,Joy Onyeka,Abeokuta,59,Electronics,130174.26,Completed
CUST00915,Victor Adeyemi,Calabar,33,Accessories,134478.84,Processing
CUST00916,Chukwu Onyeka,Enugu,51,Electronics,47482.84,Completed
CUST00917,Musa Ibrahim,Warri,70,Beauty,115350.26,Completed
CUST00918,Joy Adeyemi,Owerri,51,Groceries,115908.15,Pending
CUST00919,Emeka Ogunleye,Abuja,29,Office Supplies,234462.17,Pending
CUST00920,Chioma Okeke,Enugu,38,Books,6252.41,Completed
CUST00921,Musa Williams,Calabar,47,Clothing,62539.32,Pending
CUST00922,Zainab Abubakar,Owerri,64,Clothing,22820.53,Pending
CUST00923,Joseph Olawale,Abuja,51,Home Appliances,181725.29,Processing
CUST00924,Joy Abubakar,Enugu,53,Home Appliances,11000.42,Completed
CUST00925,David Udo,Uyo,60,Groceries,40551.97,Completed
CUST00926,Kelechi Adeyemi,Enugu,37,Beauty,182547.18,Processing
CUST00927,Grace Abubakar,Abuja,26,Furniture,908.14,Cancelled
CUST00928,Adebayo Bello,Kaduna,49,Accessories,201868.45,Completed
CUST00929,Blessing Johnson,Ibadan,55,Books,113448.28,Completed
CUST00930,Joy Sani,Lagos,33,Accessories,69546.28,Pending
CUST00931,Victor Williams,Lagos,29,Groceries,13789.61,Completed
CUST00932,Chioma Adeyemi,Jos,54,Office Supplies,74627.93,Processing
CUST00933,Chukwu Obi,Enugu,29,Groceries,168030.82,Completed
CUST00934,Ibrahim Sani,Ilorin,68,Accessories,44375.38,Completed
CUST00935,Peter Olawale,Calabar,20,Clothing,192133.78,Completed
CUST00936,Musa Okeke,Uyo,22,Home Appliances,210831.32,Completed
CUST00937,Blessing Balogun,Abuja,62,Beauty,82318.9,Completed
CUST00938,Yusuf Williams,Ilorin,21,Clothing,142852.48,Processing
CUST00939,John Eze,Kaduna,64,Office Supplies,233474.57,Processing
CUST00940,Grace Akinyemi,Ilorin,38,Beauty,131359.67,Processing
CUST00941,Esther Balogun,Ilorin,54,Books,129938.46,Pending
CUST00942,Blessing Abubakar,Calabar,57,Furniture,177154.05,Processing
CUST00943,Adebayo Obi,Lagos,47,Clothing,184373.66,Completed
CUST00944,Joy Akinyemi,Enugu,20,Sports,87428.77,Cancelled
CUST00945,Yusuf Okafor,Jos,30,Beauty,63623.02,Completed
CUST00946,Grace Ogunleye,Abeokuta,38,Electronics,28481.34,Completed
CUST00947,Michael Udo,Ilorin,19,Groceries,48524.04,Returned
CUST00948,Zainab Usman,Calabar,48,Electronics,161421.91,Completed
CUST00949,Joseph Bello,Calabar,52,Sports,115630.96,Cancelled
CUST00950,Zainab Adeyemi,Uyo,51,Beauty,141246.54,Pending
CUST00951,Mary Onyeka,Lagos,31,Office Supplies,171381.19,Cancelled
CUST00952,Musa Olawale,Abuja,27,Beauty,210188.77,Completed
CUST00953,Michael Onyeka,Uyo,28,Office Supplies,151432.13,Completed
CUST00954,Tolu Ibrahim,Owerri,38,Electronics,67892.57,Completed
CUST00955,Musa Johnson,Benin City,46,Beauty,54054.57,Completed
CUST00956,Tolu Olawale,Warri,20,Furniture,228340.63,Completed
CUST00957,Adebayo Usman,Calabar,50,Groceries,47573.16,Processing
CUST00958,Hauwa Ogunleye,Kano,67,Sports,35845.18,Returned
CUST00959,Victor Ogunleye,Jos,26,Furniture,181149.54,Completed
CUST00960,Ibrahim Ogunleye,Abuja,18,Beauty,233086.03,Pending
CUST00961,Joy Eze,Benin City,47,Electronics,25798.13,Cancelled
CUST00962,Hauwa Ibrahim,Lagos,54,Beauty,159721.74,Completed
CUST00963,Yusuf Williams,Kano,35,Accessories,79804.47,Completed
CUST00964,Tolu Nwosu,Port Harcourt,28,Beauty,28637.24,Processing
CUST00965,Mary Ogunleye,Abuja,31,Accessories,87595.78,Completed
CUST00966,Chioma Ibrahim,Ilorin,33,Groceries,17833.94,Completed
CUST00967,David Onyeka,Kaduna,21,Groceries,7272.45,Processing
CUST00968,Chukwu Obi,Enugu,21,Clothing,106630.77,Completed
CUST00969,Joy Udo,Jos,62,Books,154088.43,Completed
CUST00970,Victor Williams,Owerri,66,Accessories,19659.44,Processing
CUST00971,Kelechi Bello,Ilorin,26,Clothing,203217.43,Processing
CUST00972,Samuel Obi,Kaduna,37,Books,117649.71,Processing
CUST00973,Chioma Sani,Kano,41,Home Appliances,45858.68,Processing
CUST00974,David Mohammed,Kaduna,49,Electronics,16364.67,Completed
CUST00975,Blessing Bello,Uyo,28,Beauty,191991.18,Completed
CUST00976,Chioma Ogunleye,Abuja,43,Clothing,81484.29,Pending
CUST00977,Amaka Ibrahim,Abeokuta,47,Home Appliances,147644.23,Completed
CUST00978,Fatima Onyeka,Port Harcourt,48,Home Appliances,16538.33,Completed
CUST00979,Ibrahim Udo,Enugu,68,Home Appliances,141813.62,Completed
CUST00980,Ibrahim Johnson,Port Harcourt,60,Clothing,184848.28,Pending
CUST00981,Victor Usman,Abuja,55,Office Supplies,115740.54,Completed
CUST00982,Victor Bello,Port Harcourt,37,Home Appliances,17425.17,Completed
CUST00983,Victor Sani,Warri,70,Home Appliances,81868.88,Pending
CUST00984,Chukwu Eze,Ibadan,70,Groceries,221818.2,Processing
CUST00985,Joseph Okafor,Warri,27,Groceries,113257.28,Completed
CUST00986,Joy Udo,Kaduna,30,Furniture,170387.16,Completed
CUST00987,Peter Ibrahim,Calabar,45,Sports,247572.56,Completed
CUST00988,Joy Ogunleye,Enugu,26,Beauty,15626.08,Processing
CUST00989,Chukwu Okafor,Owerri,53,Sports,27446.84,Completed
CUST00990,Adebayo Johnson,Enugu,62,Office Supplies,98582.22,Completed
CUST00991,Michael Okeke,Enugu,45,Accessories,52823.74,Completed
CUST00992,Chioma Williams,Abeokuta,42,Sports,209994.67,Completed
CUST00993,Ruth Balogun,Port Harcourt,18,Clothing,162106.1,Completed
CUST00994,Musa Usman,Jos,45,Groceries,21188.74,Pending
CUST00995,Sarah Bello,Calabar,68,Office Supplies,232579.5,Pending
CUST00996,Samuel Ogunleye,Enugu,53,Books,96194.06,Completed
CUST00997,Sarah Sani,Lagos,54,Books,211704.8,Completed
CUST00998,John Nwosu,Enugu,52,Office Supplies,91758.33,Processing
CUST00999,Peter Usman,Owerri,41,Clothing,145077.69,Processing
CUST01000,Emeka Balogun,Owerri,64,Accessories,245895.19,Processing
CUST01001,Kelechi Nwosu,Kaduna,51,Clothing,130851.11,Completed
CUST01002,Fatima Usman,Jos,65,Clothing,171026.4,Completed
CUST01003,Peter Ibrahim,Ilorin,21,Sports,133769.94,Completed
CUST01004,Samuel Ogunleye,Calabar,48,Office Supplies,183460.29,Completed
CUST01005,Amaka Ibrahim,Kano,28,Electronics,173770.41,Completed
CUST01006,Grace Udo,Kano,21,Books,144545.82,Completed
CUST01007,Ada Ibrahim,Warri,65,Office Supplies,6848.84,Completed
CUST01008,Chioma Ogunleye,Abuja,68,Beauty,63031.44,Completed
CUST01009,Daniel Nwosu,Lagos,65,Clothing,150965.29,Processing
CUST01010,Hauwa Balogun,Jos,46,Sports,201964.98,Completed
CUST01011,Ibrahim Johnson,Kaduna,29,Accessories,215507.06,Completed
CUST01012,Emeka Balogun,Ilorin,70,Groceries,209407.61,Cancelled
CUST01013,Sarah Okeke,Ibadan,60,Books,181506.62,Completed
CUST01014,Peter Olawale,Lagos,59,Beauty,188877.1,Completed
CUST01015,Ifeoma Bello,Enugu,48,Beauty,119079.65,Processing
CUST01016,Zainab Onyeka,Ibadan,42,Home Appliances,118660.53,Completed
CUST01017,Ruth Akinyemi,Lagos,36,Books,95516.47,Completed
CUST01018,John Adeyemi,Abuja,52,Sports,239047.01,Completed
CUST01019,Zainab Nwosu,Benin City,35,Beauty,200584.03,Completed
CUST01020,Peter Okeke,Kaduna,67,Furniture,183585.01,Completed
CUST01021,Yusuf Ogunleye,Benin City,61,Groceries,78334.63,Completed
CUST01022,Adebayo Eze,Lagos,44,Clothing,131327.93,Pending
CUST01023,Esther Johnson,Owerri,36,Beauty,48290.06,Completed
CUST01024,Emeka Adeyemi,Ilorin,60,Furniture,237623.48,Pending
CUST01025,Ibrahim Obi,Abuja,56,Groceries,94005.21,Cancelled
CUST01026,Joseph Udo,Warri,29,Clothing,173921.02,Completed
CUST01027,Samuel Eze,Jos,47,Beauty,192345.55,Pending
CUST01028,Ada Mohammed,Kano,28,Clothing,69339.94,Completed
CUST01029,Michael Mohammed,Lagos,34,Beauty,44502.92,Completed
CUST01030,Zainab Williams,Ilorin,43,Groceries,161379.66,Completed
CUST01031,Mary Akinyemi,Ibadan,57,Clothing,228154.49,Pending
CUST01032,Tolu Adeyemi,Abuja,22,Office Supplies,181893.1,Cancelled
CUST01033,Adebayo Usman,Port Harcourt,59,Electronics,233225.11,Pending
CUST01034,Daniel Balogun,Owerri,39,Home Appliances,143670.7,Completed
CUST01035,Kelechi Usman,Kaduna,45,Home Appliances,211016.19,Cancelled
CUST01036,Amaka Eze,Abeokuta,32,Electronics,96121.36,Pending
CUST01037,Kelechi Usman,Abuja,54,Accessories,233762.17,Completed
CUST01038,Ada Ibrahim,Enugu,21,Clothing,91354.71,Returned
CUST01039,David Eze,Uyo,47,Beauty,161956.95,Completed
CUST01040,Chukwu Okeke,Jos,30,Beauty,173978.17,Processing
CUST01041,Joseph Olawale,Kaduna,23,Books,183837.66,Completed
CUST01042,Yusuf Okafor,Owerri,55,Furniture,122320.91,Completed
CUST01043,Mary Ibrahim,Kaduna,52,Books,241644.37,Completed
CUST01044,David Adeyemi,Benin City,68,Electronics,101391.83,Completed
CUST01045,Joseph Ogunleye,Kaduna,61,Accessories,37259.68,Completed
CUST01046,Zainab Eze,Lagos,65,Groceries,122236.46,Completed
CUST01047,Zainab Sani,Lagos,33,Groceries,3615.94,Pending
CUST01048,Musa Ibrahim,Uyo,68,Clothing,114059.74,Completed
CUST01049,Peter Eze,Uyo,70,Clothing,28567.07,Completed
CUST01050,Joy Johnson,Abuja,69,Furniture,106567.21,Cancelled
CUST01051,Hauwa Okeke,Benin City,25,Office Supplies,136482.55,Completed
CUST01052,Amaka Williams,Warri,20,Office Supplies,43382.58,Completed
CUST01053,Daniel Balogun,Warri,44,Groceries,174081.54,Completed
CUST01054,Samuel Johnson,Calabar,55,Electronics,33364.38,Cancelled
CUST01055,Joseph Sani,Enugu,67,Groceries,3932.19,Completed
CUST01056,Adebayo Okafor,Port Harcourt,23,Office Supplies,221731.61,Completed
CUST01057,Amaka Usman,Owerri,26,Furniture,35793.39,Completed
CUST01058,Samuel Akinyemi,Ibadan,29,Office Supplies,172926.1,Completed
CUST01059,Ibrahim Usman,Ilorin,23,Beauty,86979.7,Completed
CUST01060,Fatima Williams,Abuja,51,Clothing,154739.76,Returned
CUST01061,Mary Ogunleye,Ibadan,47,Furniture,69124.74,Completed
CUST01062,Amaka Balogun,Jos,48,Books,44101.55,Pending
CUST01063,Chukwu Adeyemi,Jos,41,Beauty,52417.2,Completed
CUST01064,Joy Bello,Lagos,24,Electronics,231217.21,Completed
CUST01065,Amaka Okafor,Kaduna,50,Clothing,17738.1,Completed
CUST01066,Samuel Udo,Ilorin,38,Home Appliances,49707.88,Pending
CUST01067,David Johnson,Warri,25,Sports,56964.82,Completed
CUST01068,Sarah Williams,Enugu,32,Clothing,117760.79,Completed
CUST01069,Musa Akinyemi,Port Harcourt,31,Office Supplies,113761.34,Completed
CUST01070,Chioma Bello,Owerri,30,Sports,243889.58,Completed
CUST01071,Chioma Adeyemi,Owerri,54,Electronics,70169.02,Completed
CUST01072,Samuel Bello,Enugu,28,Sports,54982.89,Completed
CUST01073,Ifeoma Sani,Calabar,28,Office Supplies,242534.71,Returned
CUST01074,Emeka Akinyemi,Uyo,51,Books,215553.21,Completed
CUST01075,Blessing Bello,Kano,18,Home Appliances,184051.31,Completed
CUST01076,David Akinyemi,Ilorin,32,Office Supplies,236564.43,Processing
CUST01077,Musa Okafor,Enugu,20,Electronics,247818.59,Pending
CUST01078,John Adeyemi,Enugu,51,Home Appliances,119830.35,Cancelled
CUST01079,Victor Obi,Kaduna,49,Furniture,20795.8,Cancelled
CUST01080,Ibrahim Akinyemi,Ibadan,26,Sports,73965.21,Pending
CUST01081,Emeka Okafor,Kaduna,60,Beauty,40471.66,Completed
CUST01082,Peter Udo,Lagos,47,Books,192964.46,Returned
CUST01083,Michael Abubakar,Warri,41,Books,175982.92,Completed
CUST01084,Joseph Eze,Enugu,62,Sports,132741.81,Completed
CUST01085,Kelechi Nwosu,Owerri,57,Accessories,143817.96,Completed
CUST01086,Ada Eze,Ilorin,39,Electronics,128696.25,Processing
CUST01087,Esther Adeyemi,Abuja,42,Sports,116351.58,Completed
CUST01088,Esther Abubakar,Jos,53,Clothing,140200.53,Cancelled
CUST01089,Chioma Mohammed,Ibadan,52,Clothing,162268.37,Pending
CUST01090,Kelechi Udo,Uyo,62,Furniture,188299.55,Cancelled
CUST01091,David Olawale,Calabar,35,Accessories,170064.68,Completed
CUST01092,Emeka Olawale,Benin City,46,Books,125374.99,Returned
CUST01093,Blessing Onyeka,Jos,70,Accessories,224865.31,Completed
CUST01094,Esther Eze,Ibadan,47,Clothing,20065.6,Processing
CUST01095,Grace Eze,Abuja,28,Beauty,28028.34,Completed
CUST01096,Chioma Williams,Abeokuta,58,Electronics,73310.03,Processing
CUST01097,Mary Balogun,Kaduna,40,Home Appliances,110978.92,Pending
CUST01098,Grace Williams,Abuja,19,Furniture,208741.01,Completed
CUST01099,David Akinyemi,Ilorin,39,Sports,121549.94,Pending
CUST01100,John Onyeka,Kaduna,47,Beauty,141823.73,Processing
CUST01101,Grace Abubakar,Warri,34,Furniture,121073.67,Processing
CUST01102,Kelechi Adeyemi,Port Harcourt,40,Beauty,113995.24,Completed
CUST01103,Zainab Abubakar,Owerri,52,Beauty,45590.57,Completed
CUST01104,Ibrahim Balogun,Port Harcourt,33,Clothing,10311.84,Completed
CUST01105,Chioma Bello,Kano,41,Groceries,51308.71,Pending
CUST01106,Ada Mohammed,Benin City,27,Sports,112121.06,Processing
CUST01107,Mary Ibrahim,Abuja,19,Home Appliances,232768.95,Cancelled
CUST01108,Samuel Mohammed,Port Harcourt,18,Accessories,243900.87,Completed
CUST01109,Ibrahim Ibrahim,Kaduna,36,Office Supplies,166730.26,Cancelled
CUST01110,Hauwa Bello,Benin City,62,Clothing,182916.84,Processing
CUST01111,Chioma Onyeka,Abuja,37,Electronics,100422.44,Returned
CUST01112,Samuel Olawale,Abuja,38,Electronics,152047.6,Completed
CUST01113,John Johnson,Warri,67,Beauty,48949.03,Completed
CUST01114,Ruth Bello,Jos,60,Clothing,243960.48,Completed
CUST01115,Blessing Mohammed,Ilorin,56,Accessories,235851.96,Processing
CUST01116,Esther Okeke,Port Harcourt,63,Home Appliances,92423.25,Completed
CUST01117,Grace Olawale,Benin City,37,Books,218578.58,Completed
CUST01118,Hauwa Bello,Owerri,44,Books,72176.29,Cancelled
CUST01119,Musa Akinyemi,Owerri,44,Groceries,208882.0,Completed
CUST01120,Chioma Williams,Kano,48,Accessories,246659.92,Completed
CUST01121,Peter Okeke,Abuja,18,Home Appliances,159710.53,Completed
CUST01122,Ifeoma Onyeka,Kaduna,63,Office Supplies,188817.06,Completed
CUST01123,Ifeoma Okeke,Kano,53,Books,10582.17,Returned
CUST01124,Victor Udo,Kano,49,Accessories,184970.51,Completed
CUST01125,Amaka Okafor,Port Harcourt,34,Beauty,239007.75,Returned
CUST01126,Blessing Obi,Jos,60,Beauty,104303.76,Completed
CUST01127,Ibrahim Johnson,Lagos,25,Beauty,123275.23,Processing
CUST01128,Joy Olawale,Ilorin,48,Office Supplies,109031.23,Completed
CUST01129,Ada Usman,Owerri,70,Clothing,93316.22,Pending
CUST01130,Adebayo Nwosu,Port Harcourt,55,Electronics,36555.63,Completed
CUST01131,Ibrahim Balogun,Benin City,28,Electronics,68185.77,Completed
CUST01132,Zainab Olawale,Lagos,36,Beauty,132414.84,Processing
CUST01133,John Williams,Warri,58,Groceries,191178.23,Completed
CUST01134,Ifeoma Onyeka,Benin City,38,Beauty,67882.96,Pending
CUST01135,Esther Obi,Abeokuta,55,Sports,205833.12,Completed
CUST01136,John Ibrahim,Benin City,67,Books,103013.33,Processing
CUST01137,Ifeoma Obi,Ibadan,27,Accessories,55297.85,Completed
CUST01138,Musa Onyeka,Ilorin,62,Accessories,211521.29,Pending
CUST01139,Ibrahim Obi,Enugu,47,Clothing,29163.5,Completed
CUST01140,Adebayo Usman,Benin City,37,Sports,34775.02,Completed
CUST01141,Joy Ogunleye,Warri,39,Groceries,177480.97,Completed
CUST01142,Victor Obi,Ibadan,26,Groceries,172019.59,Completed
CUST01143,Yusuf Balogun,Abuja,45,Clothing,19456.88,Cancelled
CUST01144,Kelechi Akinyemi,Lagos,30,Clothing,8222.36,Pending
CUST01145,Peter Adeyemi,Kaduna,25,Beauty,10844.29,Completed
CUST01146,Adebayo Obi,Warri,25,Office Supplies,51370.16,Processing
CUST01147,Ifeoma Olawale,Lagos,23,Groceries,211469.23,Processing
CUST01148,Peter Olawale,Benin City,28,Accessories,195206.01,Completed
CUST01149,John Udo,Abuja,24,Office Supplies,190816.93,Completed
CUST01150,Ibrahim Williams,Kano,28,Accessories,1107.12,Pending
CUST01151,Zainab Williams,Calabar,50,Books,91631.59,Completed
CUST01152,Samuel Obi,Port Harcourt,40,Home Appliances,106037.36,Completed
CUST01153,Sarah Obi,Warri,38,Clothing,116488.78,Completed
CUST01154,Blessing Olawale,Owerri,36,Accessories,180541.09,Completed
CUST01155,Blessing Obi,Enugu,36,Books,150107.37,Completed
CUST01156,Victor Bello,Ibadan,53,Home Appliances,72665.07,Returned
CUST01157,Yusuf Eze,Calabar,69,Books,234772.02,Completed
CUST01158,Adebayo Usman,Jos,24,Home Appliances,109528.64,Pending
CUST01159,Emeka Obi,Port Harcourt,43,Home Appliances,173766.9,Processing
CUST01160,Hauwa Abubakar,Abuja,41,Furniture,84674.45,Completed
CUST01161,Michael Obi,Ibadan,45,Books,69647.62,Pending
CUST01162,Peter Udo,Kano,66,Home Appliances,89040.42,Pending
CUST01163,Michael Usman,Abeokuta,35,Groceries,192005.69,Completed
CUST01164,Daniel Usman,Kaduna,32,Groceries,7455.14,Pending
CUST01165,Victor Eze,Kaduna,61,Electronics,243018.84,Completed
CUST01166,Ada Mohammed,Port Harcourt,37,Office Supplies,155817.57,Cancelled
CUST01167,Ada Ogunleye,Warri,49,Books,50502.89,Pending
CUST01168,Blessing Ogunleye,Kano,52,Sports,202375.16,Completed
CUST01169,Adebayo Adeyemi,Enugu,25,Home Appliances,112542.63,Returned
CUST01170,Samuel Bello,Lagos,20,Groceries,139177.72,Returned
CUST01171,Grace Abubakar,Kaduna,45,Groceries,78132.11,Completed
CUST01172,Kelechi Obi,Ilorin,61,Books,165028.15,Pending
CUST01173,Peter Usman,Kaduna,53,Groceries,126683.6,Completed
CUST01174,Blessing Udo,Enugu,57,Sports,191623.53,Completed
CUST01175,Chukwu Okafor,Ilorin,20,Groceries,209237.61,Completed
CUST01176,Hauwa Udo,Lagos,66,Sports,95158.83,Completed
CUST01177,Esther Akinyemi,Benin City,21,Furniture,61922.29,Pending
CUST01178,Peter Eze,Calabar,62,Clothing,217238.27,Completed
CUST01179,Ifeoma Okafor,Abeokuta,38,Electronics,115240.82,Returned
CUST01180,Peter Ogunleye,Calabar,44,Beauty,5125.06,Completed
CUST01181,Adebayo Mohammed,Enugu,54,Home Appliances,80622.28,Completed
CUST01182,Blessing Obi,Owerri,61,Furniture,84008.47,Completed
CUST01183,Kelechi Mohammed,Port Harcourt,57,Beauty,90849.49,Completed
CUST01184,Blessing Eze,Uyo,52,Furniture,71856.71,Completed
CUST01185,Peter Okeke,Warri,32,Office Supplies,185728.43,Completed
CUST01186,Ruth Udo,Abuja,55,Sports,68359.4,Completed
CUST01187,John Usman,Enugu,31,Sports,198918.05,Pending
CUST01188,Grace Ogunleye,Warri,37,Home Appliances,165872.59,Completed
CUST01189,Sarah Okeke,Kano,57,Accessories,113320.82,Cancelled
CUST01190,Ifeoma Okafor,Jos,63,Accessories,215680.88,Completed
CUST01191,Yusuf Bello,Kano,58,Accessories,202238.15,Returned
CUST01192,Zainab Akinyemi,Calabar,54,Electronics,130579.34,Completed
CUST01193,Chioma Johnson,Port Harcourt,65,Beauty,211034.4,Completed
CUST01194,Ruth Eze,Jos,31,Home Appliances,66752.02,Completed
CUST01195,Ifeoma Nwosu,Jos,56,Furniture,101481.34,Completed
CUST01196,Yusuf Okafor,Ibadan,69,Beauty,116053.32,Completed
CUST01197,Sarah Akinyemi,Jos,20,Furniture,39860.64,Completed
CUST01198,Daniel Nwosu,Jos,53,Groceries,161082.35,Completed
CUST01199,Hauwa Usman,Warri,19,Electronics,214899.51,Completed
CUST01200,Joy Ibrahim,Uyo,22,Home Appliances,224195.89,Pending
CUST01201,Musa Eze,Enugu,64,Groceries,59029.39,Completed
CUST01202,John Obi,Abeokuta,60,Office Supplies,237419.88,Processing
CUST01203,Daniel Usman,Calabar,23,Furniture,149965.33,Cancelled
CUST01204,David Mohammed,Uyo,55,Home Appliances,201465.26,Cancelled
CUST01205,Zainab Akinyemi,Ibadan,27,Clothing,43809.19,Processing
CUST01206,Samuel Akinyemi,Kano,55,Electronics,122602.39,Completed
CUST01207,Tolu Mohammed,Abeokuta,45,Books,170692.54,Processing
CUST01208,Musa Balogun,Benin City,48,Sports,205345.81,Completed
CUST01209,Musa Sani,Lagos,65,Electronics,172678.35,Cancelled
CUST01210,Fatima Nwosu,Abeokuta,42,Beauty,159746.29,Pending
CUST01211,Musa Obi,Abeokuta,33,Books,97133.04,Processing
CUST01212,Michael Nwosu,Kano,23,Furniture,74373.29,Returned
CUST01213,Ifeoma Bello,Jos,38,Home Appliances,197334.62,Completed
CUST01214,Emeka Usman,Kaduna,65,Home Appliances,231626.14,Completed
CUST01215,Sarah Obi,Uyo,28,Beauty,126595.97,Completed
CUST01216,Joy Onyeka,Owerri,38,Books,173810.14,Cancelled
CUST01217,Joseph Abubakar,Jos,46,Groceries,793.87,Completed
CUST01218,Grace Mohammed,Ilorin,23,Clothing,39476.66,Completed
CUST01219,Kelechi Balogun,Uyo,56,Home Appliances,198165.76,Completed
CUST01220,Blessing Balogun,Kano,29,Office Supplies,206696.48,Cancelled
CUST01221,Yusuf Eze,Enugu,41,Groceries,98388.71,Completed
CUST01222,Victor Udo,Ibadan,19,Electronics,230780.01,Pending
CUST01223,Joseph Johnson,Calabar,23,Books,49586.59,Pending
CUST01224,Ifeoma Adeyemi,Enugu,57,Home Appliances,150108.17,Completed
CUST01225,Esther Abubakar,Ilorin,25,Electronics,179652.89,Completed
CUST01226,Zainab Bello,Uyo,61,Books,29650.12,Pending
CUST01227,Yusuf Nwosu,Kano,65,Books,95533.83,Completed
CUST01228,Yusuf Sani,Ibadan,70,Beauty,181683.85,Completed
CUST01229,Ifeoma Akinyemi,Warri,27,Electronics,72565.99,Completed
CUST01230,Joy Bello,Calabar,33,Sports,145736.2,Pending
CUST01231,Emeka Okafor,Kaduna,26,Sports,243600.43,Completed
CUST01232,Yusuf Okeke,Owerri,45,Office Supplies,64074.99,Completed
CUST01233,Chukwu Adeyemi,Benin City,33,Books,227058.93,Processing
CUST01234,Ada Sani,Owerri,65,Electronics,1365.11,Completed
CUST01235,Michael Ibrahim,Enugu,60,Sports,33081.26,Processing
CUST01236,Chukwu Udo,Port Harcourt,34,Groceries,125949.09,Processing
CUST01237,Musa Bello,Port Harcourt,23,Sports,177571.14,Completed
CUST01238,Daniel Obi,Benin City,20,Groceries,124815.17,Processing
CUST01239,Daniel Olawale,Calabar,45,Beauty,225700.6,Completed
CUST01240,Victor Nwosu,Abeokuta,38,Home Appliances,223170.64,Completed
CUST01241,Blessing Balogun,Abeokuta,60,Books,13329.22,Completed
CUST01242,Fatima Abubakar,Lagos,48,Beauty,40909.65,Completed
CUST01243,Tolu Usman,Lagos,46,Sports,247204.93,Completed
CUST01244,Samuel Usman,Abuja,64,Groceries,30935.47,Completed
CUST01245,Ruth Ibrahim,Port Harcourt,28,Accessories,205647.37,Completed
CUST01246,Ada Udo,Ibadan,55,Electronics,131515.7,Completed
CUST01247,Sarah Eze,Ibadan,67,Books,169235.21,Processing
CUST01248,Adebayo Ibrahim,Jos,61,Clothing,98557.6,Completed
CUST01249,Tolu Mohammed,Port Harcourt,19,Clothing,115071.79,Pending
CUST01250,Blessing Bello,Jos,35,Office Supplies,164510.13,Completed
CUST01251,Chukwu Sani,Kaduna,38,Office Supplies,32351.82,Returned
CUST01252,Amaka Ibrahim,Benin City,69,Electronics,185956.4,Completed
CUST01253,Joy Okeke,Abuja,43,Beauty,44523.25,Processing
CUST01254,Ruth Okeke,Abuja,19,Furniture,40756.1,Cancelled
CUST01255,Grace Balogun,Abuja,37,Books,200280.08,Pending
CUST01256,Zainab Ibrahim,Calabar,61,Office Supplies,32843.38,Pending
CUST01257,Victor Olawale,Abeokuta,30,Books,111374.47,Completed
CUST01258,Daniel Udo,Ilorin,45,Clothing,189128.75,Cancelled
CUST01259,Joy Abubakar,Enugu,58,Home Appliances,23259.54,Completed
CUST01260,Samuel Johnson,Jos,61,Groceries,232668.64,Completed
CUST01261,Joseph Ogunleye,Abuja,36,Books,109352.95,Processing
CUST01262,Blessing Ibrahim,Port Harcourt,26,Beauty,210388.45,Completed
CUST01263,Grace Udo,Lagos,53,Clothing,229327.57,Completed
CUST01264,John Akinyemi,Enugu,24,Books,165222.29,Completed
CUST01265,Daniel Olawale,Kano,55,Clothing,192167.48,Completed
CUST01266,Hauwa Bello,Port Harcourt,68,Groceries,210731.38,Completed
CUST01267,Sarah Ibrahim,Benin City,55,Books,189344.63,Completed
CUST01268,Amaka Nwosu,Benin City,69,Groceries,52786.82,Completed
CUST01269,Joy Nwosu,Uyo,61,Clothing,108463.89,Completed
CUST01270,Michael Obi,Lagos,28,Books,115054.25,Completed
CUST01271,Ada Sani,Owerri,49,Beauty,154634.38,Processing
CUST01272,Esther Okeke,Warri,37,Clothing,31294.25,Completed
CUST01273,Tolu Okafor,Owerri,30,Electronics,52327.14,Pending
CUST01274,Joseph Johnson,Enugu,58,Accessories,47748.84,Completed
CUST01275,Samuel Balogun,Kaduna,45,Electronics,29136.79,Processing
CUST01276,Hauwa Bello,Kaduna,48,Electronics,214952.62,Completed
CUST01277,Yusuf Ibrahim,Ilorin,43,Electronics,83479.17,Completed
CUST01278,Ruth Akinyemi,Enugu,49,Office Supplies,148969.99,Completed
CUST01279,Grace Adeyemi,Kaduna,43,Books,128351.1,Pending
CUST01280,Zainab Usman,Ibadan,63,Electronics,132088.99,Completed
CUST01281,David Onyeka,Abuja,35,Home Appliances,222287.92,Completed
CUST01282,Joy Olawale,Kaduna,62,Home Appliances,5226.21,Completed
CUST01283,Yusuf Usman,Benin City,46,Furniture,126921.3,Completed
CUST01284,Ada Mohammed,Calabar,56,Books,32811.36,Completed
CUST01285,Ibrahim Okeke,Enugu,61,Sports,198998.27,Cancelled
CUST01286,Ruth Abubakar,Ilorin,31,Beauty,172682.12,Completed
CUST01287,Blessing Balogun,Port Harcourt,30,Groceries,151447.11,Completed
CUST01288,Sarah Usman,Kano,33,Furniture,139218.71,Processing
CUST01289,Esther Nwosu,Benin City,61,Groceries,43699.33,Returned
CUST01290,John Adeyemi,Warri,22,Sports,107669.35,Completed
CUST01291,Tolu Onyeka,Ibadan,49,Beauty,248415.86,Cancelled
CUST01292,Kelechi Adeyemi,Warri,53,Beauty,224082.02,Returned
CUST01293,Ruth Ogunleye,Ilorin,60,Clothing,176608.57,Processing
CUST01294,Samuel Bello,Uyo,66,Clothing,243665.57,Cancelled
CUST01295,Joy Obi,Uyo,53,Electronics,126838.75,Completed
CUST01296,Tolu Williams,Calabar,41,Groceries,182094.11,Pending
CUST01297,Kelechi Ogunleye,Kaduna,64,Clothing,38595.08,Completed
CUST01298,Victor Balogun,Abuja,30,Books,242409.93,Cancelled
CUST01299,Adebayo Johnson,Uyo,69,Books,85346.48,Completed
CUST01300,Emeka Nwosu,Benin City,63,Home Appliances,90176.84,Pending
CUST01301,Chioma Ogunleye,Enugu,68,Furniture,34520.13,Completed
CUST01302,Zainab Akinyemi,Calabar,47,Accessories,198656.97,Completed
CUST01303,Adebayo Bello,Port Harcourt,67,Electronics,179413.49,Completed
CUST01304,Emeka Eze,Benin City,38,Home Appliances,245486.68,Completed
CUST01305,Chukwu Okeke,Warri,20,Groceries,225630.22,Completed
CUST01306,Joseph Ogunleye,Kano,44,Home Appliances,221448.57,Pending
CUST01307,Ruth Ibrahim,Owerri,65,Sports,227309.98,Completed
CUST01308,Daniel Ogunleye,Ilorin,27,Home Appliances,111561.11,Completed
CUST01309,Mary Sani,Warri,57,Books,174375.3,Processing
CUST01310,Amaka Okeke,Warri,30,Beauty,21093.12,Completed
CUST01311,Michael Balogun,Abeokuta,52,Beauty,53453.29,Completed
CUST01312,Grace Ogunleye,Benin City,66,Groceries,5879.85,Processing
CUST01313,Mary Udo,Kano,33,Beauty,181634.15,Processing
CUST01314,Tolu Adeyemi,Uyo,41,Beauty,156756.71,Completed
CUST01315,Chukwu Obi,Kaduna,37,Office Supplies,184221.25,Completed
CUST01316,Fatima Udo,Ilorin,63,Accessories,211127.83,Completed
CUST01317,Grace Ibrahim,Jos,68,Office Supplies,168116.64,Pending
CUST01318,John Johnson,Abuja,38,Accessories,145602.7,Returned
CUST01319,Esther Bello,Abuja,27,Home Appliances,207113.7,Completed
CUST01320,Chukwu Akinyemi,Calabar,26,Books,53715.73,Completed
CUST01321,Ada Ogunleye,Enugu,55,Accessories,129748.28,Completed
CUST01322,Daniel Udo,Kaduna,58,Home Appliances,249128.03,Pending
CUST01323,Blessing Akinyemi,Uyo,28,Groceries,126458.83,Completed
CUST01324,Samuel Balogun,Owerri,50,Accessories,29536.59,Completed
CUST01325,Blessing Adeyemi,Owerri,28,Accessories,92348.78,Processing
CUST01326,Joy Akinyemi,Abuja,25,Sports,142951.89,Completed
CUST01327,Chioma Obi,Benin City,37,Sports,75832.44,Completed
CUST01328,Amaka Balogun,Port Harcourt,68,Office Supplies,105453.7,Processing
CUST01329,Grace Ibrahim,Ibadan,29,Books,546.39,Completed
CUST01330,Emeka Adeyemi,Enugu,48,Office Supplies,77442.73,Completed
CUST01331,David Okeke,Kaduna,64,Office Supplies,33224.08,Completed
CUST01332,Joseph Bello,Warri,46,Books,37266.92,Pending
CUST01333,Emeka Sani,Jos,57,Home Appliances,96824.1,Processing
CUST01334,David Onyeka,Lagos,60,Books,183984.8,Pending
CUST01335,Ruth Abubakar,Owerri,19,Office Supplies,157536.55,Cancelled
CUST01336,Grace Onyeka,Jos,25,Accessories,21310.88,Processing
CUST01337,Mary Udo,Warri,21,Office Supplies,130450.4,Cancelled
CUST01338,John Okafor,Abuja,60,Accessories,44956.36,Completed
CUST01339,Amaka Williams,Ibadan,63,Office Supplies,111071.26,Cancelled
CUST01340,Joy Mohammed,Enugu,55,Electronics,122880.97,Processing
CUST01341,David Akinyemi,Port Harcourt,44,Electronics,214915.61,Completed
CUST01342,Daniel Eze,Abuja,24,Accessories,42059.79,Completed
CUST01343,Daniel Eze,Port Harcourt,37,Home Appliances,169660.18,Completed
CUST01344,David Abubakar,Lagos,63,Electronics,74523.63,Completed
CUST01345,Chioma Akinyemi,Calabar,38,Beauty,93893.9,Returned
CUST01346,Tolu Adeyemi,Ibadan,33,Office Supplies,146517.62,Completed
CUST01347,Kelechi Ogunleye,Enugu,25,Beauty,15181.48,Completed
CUST01348,Sarah Eze,Kaduna,19,Home Appliances,158394.49,Processing
CUST01349,Adebayo Nwosu,Abeokuta,55,Clothing,61597.87,Completed
CUST01350,Amaka Balogun,Kano,54,Home Appliances,111509.41,Returned
CUST01351,John Williams,Warri,27,Sports,135121.43,Completed
CUST01352,Fatima Onyeka,Enugu,53,Books,10471.98,Cancelled
CUST01353,Victor Sani,Kano,59,Groceries,160.72,Processing
CUST01354,Blessing Nwosu,Ilorin,34,Home Appliances,249810.49,Returned
CUST01355,Yusuf Udo,Uyo,50,Beauty,11395.05,Pending
CUST01356,Peter Eze,Kano,23,Home Appliances,174614.87,Returned
CUST01357,Hauwa Onyeka,Kano,45,Furniture,152621.07,Processing
CUST01358,David Mohammed,Jos,34,Books,68271.46,Pending
CUST01359,David Mohammed,Ibadan,47,Office Supplies,82131.1,Processing
CUST01360,Chioma Okafor,Ilorin,48,Electronics,225363.71,Pending
CUST01361,Sarah Onyeka,Calabar,62,Books,190622.25,Completed
CUST01362,Amaka Eze,Abeokuta,19,Books,168069.67,Completed
CUST01363,Victor Okeke,Uyo,56,Sports,96703.09,Returned
CUST01364,Amaka Okafor,Abuja,47,Sports,234063.56,Completed
CUST01365,Fatima Okafor,Warri,35,Sports,47898.13,Cancelled
CUST01366,Joseph Ibrahim,Warri,63,Furniture,58583.63,Completed
CUST01367,Esther Adeyemi,Kano,49,Office Supplies,52291.35,Completed
CUST01368,Victor Okeke,Abuja,35,Office Supplies,125093.9,Completed
CUST01369,Yusuf Udo,Jos,61,Office Supplies,141295.93,Completed
CUST01370,Chioma Eze,Port Harcourt,34,Office Supplies,213873.35,Processing
CUST01371,Hauwa Nwosu,Ibadan,61,Electronics,247988.04,Pending
CUST01372,Mary Sani,Kano,61,Accessories,220778.41,Completed
CUST01373,Sarah Adeyemi,Uyo,38,Home Appliances,211089.28,Completed
CUST01374,Tolu Ogunleye,Kaduna,49,Sports,129326.3,Completed
CUST01375,Hauwa Johnson,Lagos,35,Home Appliances,133114.26,Completed
CUST01376,Michael Williams,Benin City,23,Office Supplies,201923.04,Processing
CUST01377,Fatima Akinyemi,Abuja,33,Furniture,41141.28,Completed
CUST01378,Joseph Obi,Lagos,48,Home Appliances,202019.57,Completed
CUST01379,Joseph Mohammed,Uyo,34,Furniture,26982.47,Completed
CUST01380,David Adeyemi,Uyo,39,Accessories,198532.93,Processing
CUST01381,Kelechi Sani,Ilorin,46,Clothing,156346.56,Completed
CUST01382,Emeka Adeyemi,Calabar,20,Home Appliances,78337.03,Returned
CUST01383,Emeka Balogun,Lagos,69,Books,13720.84,Completed
CUST01384,Sarah Eze,Abuja,61,Electronics,139825.53,Completed
CUST01385,Michael Okeke,Abuja,57,Home Appliances,58297.17,Completed
CUST01386,Ada Sani,Lagos,47,Home Appliances,116065.67,Completed
CUST01387,Joy Sani,Abuja,39,Electronics,113532.84,Completed
CUST01388,Yusuf Obi,Abuja,18,Office Supplies,178332.02,Completed
CUST01389,Victor Williams,Calabar,54,Groceries,159350.0,Completed
CUST01390,Sarah Usman,Owerri,57,Books,46501.2,Completed
CUST01391,Chukwu Adeyemi,Port Harcourt,37,Office Supplies,108976.14,Processing
CUST01392,Kelechi Olawale,Kano,55,Accessories,193879.53,Completed
CUST01393,Grace Sani,Benin City,36,Sports,242568.51,Completed
CUST01394,Ada Balogun,Lagos,33,Accessories,204800.47,Completed
CUST01395,Chukwu Akinyemi,Benin City,30,Furniture,160147.68,Completed
CUST01396,Emeka Mohammed,Ibadan,60,Books,173703.02,Processing
CUST01397,Joy Mohammed,Uyo,55,Office Supplies,240767.15,Completed
CUST01398,Sarah Mohammed,Port Harcourt,24,Books,219029.47,Processing
CUST01399,Blessing Johnson,Calabar,18,Furniture,173312.81,Completed
CUST01400,Yusuf Johnson,Kaduna,65,Sports,201822.65,Completed
CUST01401,Michael Abubakar,Uyo,18,Sports,2497.78,Completed
CUST01402,Mary Obi,Port Harcourt,36,Books,48621.0,Completed
CUST01403,Kelechi Olawale,Lagos,19,Furniture,49476.3,Completed
CUST01404,Musa Nwosu,Owerri,29,Sports,211887.36,Completed
CUST01405,Yusuf Okafor,Port Harcourt,34,Clothing,5272.92,Pending
CUST01406,Michael Obi,Benin City,31,Beauty,114064.51,Completed
CUST01407,Esther Abubakar,Abeokuta,69,Office Supplies,220418.91,Returned
CUST01408,Emeka Obi,Port Harcourt,26,Furniture,47940.53,Completed
CUST01409,Esther Mohammed,Ilorin,45,Furniture,230255.37,Cancelled
CUST01410,Peter Williams,Uyo,52,Beauty,197402.21,Completed
CUST01411,Chukwu Nwosu,Uyo,26,Accessories,242096.87,Processing
CUST01412,Yusuf Eze,Warri,48,Office Supplies,16241.64,Completed
CUST01413,Kelechi Ogunleye,Benin City,49,Accessories,116080.21,Completed
CUST01414,Esther Ogunleye,Owerri,48,Books,118452.69,Completed
CUST01415,Joseph Udo,Jos,20,Furniture,54901.08,Completed
CUST01416,Ruth Johnson,Enugu,31,Beauty,106270.09,Completed
CUST01417,Ifeoma Olawale,Kano,53,Clothing,33604.22,Completed
CUST01418,Samuel Ogunleye,Benin City,32,Office Supplies,10309.7,Completed
CUST01419,David Akinyemi,Kaduna,47,Home Appliances,102252.97,Cancelled
CUST01420,David Nwosu,Enugu,19,Groceries,110436.08,Completed
CUST01421,Emeka Olawale,Calabar,23,Beauty,210654.78,Completed
CUST01422,Joseph Eze,Warri,35,Furniture,24624.82,Completed
CUST01423,Chukwu Onyeka,Ibadan,39,Furniture,168784.95,Completed
CUST01424,Hauwa Nwosu,Ibadan,63,Office Supplies,249498.98,Processing
CUST01425,Kelechi Onyeka,Calabar,34,Electronics,192524.77,Completed
CUST01426,Esther Okeke,Enugu,70,Office Supplies,189457.57,Completed
CUST01427,Joseph Ogunleye,Warri,27,Home Appliances,56913.93,Pending
CUST01428,Yusuf Usman,Ibadan,51,Office Supplies,196499.01,Cancelled
CUST01429,Hauwa Bello,Benin City,68,Clothing,78285.88,Completed
CUST01430,Kelechi Akinyemi,Ibadan,46,Books,213239.71,Completed
CUST01431,Chioma Udo,Uyo,26,Beauty,235839.92,Completed
CUST01432,Amaka Olawale,Benin City,32,Home Appliances,106444.19,Cancelled
CUST01433,Kelechi Onyeka,Kano,38,Office Supplies,5834.38,Cancelled
CUST01434,Zainab Balogun,Port Harcourt,39,Office Supplies,157469.08,Completed
CUST01435,Joy Udo,Uyo,43,Home Appliances,51071.05,Completed
CUST01436,Mary Okeke,Ibadan,48,Clothing,82227.12,Processing
CUST01437,Joseph Ibrahim,Abuja,28,Clothing,168729.51,Completed
CUST01438,Victor Sani,Kaduna,19,Groceries,49769.71,Processing
CUST01439,Michael Ibrahim,Ibadan,32,Beauty,164900.98,Completed
CUST01440,Chukwu Olawale,Abeokuta,18,Groceries,81709.85,Processing
CUST01441,Michael Abubakar,Abuja,26,Accessories,104617.84,Cancelled
CUST01442,Michael Williams,Port Harcourt,31,Beauty,108064.36,Pending
CUST01443,Blessing Abubakar,Ilorin,54,Beauty,146883.3,Completed
CUST01444,Ada Bello,Kano,30,Electronics,247771.5,Completed
CUST01445,Victor Okeke,Ilorin,69,Furniture,131475.98,Processing
CUST01446,Musa Usman,Kaduna,47,Office Supplies,9795.22,Completed
CUST01447,Joseph Bello,Benin City,62,Beauty,97787.81,Returned
CUST01448,Ruth Abubakar,Enugu,33,Groceries,224993.66,Pending
CUST01449,Samuel Okeke,Calabar,60,Groceries,174638.05,Completed
CUST01450,Ibrahim Adeyemi,Ibadan,28,Beauty,220641.89,Completed
CUST01451,Ada Eze,Owerri,64,Furniture,227186.4,Completed
CUST01452,Kelechi Onyeka,Abuja,41,Clothing,188855.33,Completed
CUST01453,Kelechi Mohammed,Enugu,46,Groceries,63210.34,Completed
CUST01454,Samuel Okafor,Abuja,58,Books,95304.36,Cancelled
CUST01455,Ruth Williams,Enugu,20,Electronics,62670.17,Pending
CUST01456,Chioma Mohammed,Jos,65,Books,121202.69,Completed
CUST01457,Mary Johnson,Owerri,46,Groceries,117710.16,Completed
CUST01458,Ifeoma Abubakar,Uyo,19,Office Supplies,25151.27,Completed
CUST01459,Mary Okeke,Port Harcourt,22,Electronics,169353.85,Completed
CUST01460,Esther Abubakar,Ibadan,63,Electronics,223174.61,Completed
CUST01461,Samuel Adeyemi,Uyo,58,Accessories,160262.02,Pending
CUST01462,Musa Obi,Enugu,62,Beauty,111010.57,Completed
CUST01463,Chukwu Okeke,Warri,30,Furniture,93676.81,Completed
CUST01464,Emeka Okafor,Enugu,19,Electronics,84295.73,Completed
CUST01465,Ada Eze,Ibadan,24,Groceries,181009.77,Completed
CUST01466,John Obi,Uyo,38,Sports,140524.48,Completed
CUST01467,Yusuf Onyeka,Enugu,45,Clothing,58121.22,Completed
CUST01468,David Abubakar,Lagos,43,Sports,3020.05,Completed
CUST01469,Fatima Eze,Jos,70,Beauty,162495.0,Completed
CUST01470,Emeka Williams,Enugu,37,Office Supplies,124906.52,Processing
CUST01471,Ibrahim Onyeka,Warri,54,Groceries,63003.74,Completed
CUST01472,David Okeke,Jos,67,Groceries,83028.34,Pending
CUST01473,Musa Mohammed,Uyo,60,Books,16901.68,Completed
CUST01474,Zainab Udo,Kaduna,42,Accessories,160156.97,Completed
CUST01475,Peter Okafor,Ibadan,19,Office Supplies,189741.28,Completed
CUST01476,Fatima Akinyemi,Warri,33,Office Supplies,19870.43,Completed
CUST01477,Blessing Ibrahim,Ibadan,27,Home Appliances,51116.22,Completed
CUST01478,Zainab Sani,Kaduna,65,Sports,33588.4,Completed
CUST01479,Amaka Adeyemi,Abeokuta,68,Home Appliances,162020.41,Completed
CUST01480,Adebayo Johnson,Uyo,64,Sports,85698.54,Completed
CUST01481,Chukwu Johnson,Warri,61,Furniture,152025.6,Completed
CUST01482,David Abubakar,Kaduna,58,Electronics,16177.6,Completed
CUST01483,Yusuf Adeyemi,Jos,27,Furniture,31412.11,Completed
CUST01484,Mary Williams,Ibadan,50,Clothing,106574.3,Completed
CUST01485,Ifeoma Williams,Ibadan,45,Groceries,151472.66,Completed
CUST01486,Peter Bello,Jos,30,Beauty,215609.82,Completed
CUST01487,Esther Okeke,Enugu,28,Books,110357.98,Completed
CUST01488,Hauwa Akinyemi,Warri,27,Books,4977.27,Completed
CUST01489,Ruth Eze,Warri,37,Office Supplies,134310.99,Completed
CUST01490,Ifeoma Nwosu,Enugu,47,Beauty,113414.44,Completed
CUST01491,Joy Usman,Abuja,39,Groceries,178722.97,Completed
CUST01492,Zainab Williams,Lagos,18,Accessories,182598.9,Completed
CUST01493,Michael Akinyemi,Enugu,65,Sports,96024.76,Completed
CUST01494,Peter Eze,Enugu,20,Clothing,96221.88,Completed
CUST01495,Yusuf Akinyemi,Kano,67,Sports,127414.35,Completed
CUST01496,Ibrahim Olawale,Owerri,21,Home Appliances,231631.53,Pending
CUST01497,Fatima Usman,Lagos,70,Sports,157747.4,Pending
CUST01498,Ibrahim Balogun,Kano,56,Books,236067.7,Completed
CUST01499,Fatima Sani,Ilorin,60,Groceries,3109.04,Cancelled
CUST01500,Joseph Okeke,Enugu,63,Office Supplies,243537.04,Completed
CUST01501,Zainab Williams,Calabar,45,Groceries,207441.65,Completed
CUST01502,Grace Ogunleye,Abeokuta,60,Home Appliances,146530.29,Pending
CUST01503,Kelechi Eze,Abuja,58,Office Supplies,194178.36,Completed
CUST01504,Chioma Nwosu,Owerri,31,Home Appliances,174759.77,Completed
CUST01505,Ifeoma Usman,Lagos,24,Clothing,193441.57,Completed
CUST01506,Sarah Ibrahim,Owerri,45,Groceries,44120.91,Completed
CUST01507,Chioma Williams,Kaduna,29,Accessories,237122.12,Completed
CUST01508,Victor Williams,Port Harcourt,30,Electronics,187485.19,Cancelled
CUST01509,Yusuf Nwosu,Calabar,44,Books,156718.67,Pending
CUST01510,Ruth Abubakar,Abuja,36,Clothing,94447.69,Completed
CUST01511,David Okafor,Ilorin,33,Books,121311.46,Cancelled
CUST01512,Adebayo Adeyemi,Kano,66,Electronics,166338.94,Cancelled
CUST01513,Chukwu Obi,Ibadan,51,Electronics,93932.06,Completed
CUST01514,Kelechi Nwosu,Calabar,49,Books,189233.99,Completed
CUST01515,David Olawale,Jos,39,Sports,204216.38,Processing
CUST01516,Ada Okeke,Enugu,57,Electronics,243826.88,Returned
CUST01517,Amaka Obi,Lagos,47,Home Appliances,181311.92,Processing
CUST01518,Chioma Okafor,Ilorin,25,Accessories,69884.9,Pending
CUST01519,Victor Johnson,Benin City,46,Office Supplies,171554.07,Returned
CUST01520,John Akinyemi,Jos,30,Electronics,246545.7,Processing
CUST01521,Victor Mohammed,Lagos,58,Sports,218361.79,Processing
CUST01522,Hauwa Mohammed,Jos,46,Furniture,151700.59,Completed
CUST01523,Joy Eze,Benin City,45,Books,246718.19,Returned
CUST01524,Musa Obi,Owerri,42,Beauty,151803.27,Pending
CUST01525,Ruth Ogunleye,Calabar,54,Accessories,7960.64,Completed
CUST01526,Emeka Ibrahim,Uyo,61,Accessories,246805.22,Completed
CUST01527,Musa Bello,Abuja,48,Accessories,60244.38,Completed
CUST01528,Kelechi Eze,Abuja,45,Electronics,40079.81,Processing
CUST01529,Musa Okeke,Warri,35,Furniture,179800.77,Pending
CUST01530,Musa Obi,Jos,26,Accessories,158396.21,Completed
CUST01531,Amaka Mohammed,Uyo,32,Office Supplies,191590.19,Completed
CUST01532,Joseph Mohammed,Enugu,63,Home Appliances,163488.56,Cancelled
CUST01533,Ruth Akinyemi,Warri,32,Furniture,64792.01,Completed
CUST01534,Tolu Eze,Benin City,65,Office Supplies,234304.23,Cancelled
CUST01535,Tolu Udo,Benin City,26,Sports,238518.3,Completed
CUST01536,Adebayo Ibrahim,Lagos,55,Accessories,47484.67,Completed
CUST01537,Sarah Mohammed,Warri,41,Groceries,129949.85,Completed
CUST01538,Fatima Obi,Enugu,18,Accessories,213094.2,Completed
CUST01539,Victor Ibrahim,Uyo,32,Books,170003.23,Completed
CUST01540,Grace Balogun,Owerri,60,Electronics,149730.11,Completed
CUST01541,Ibrahim Obi,Kano,63,Office Supplies,119583.73,Returned
CUST01542,Blessing Ibrahim,Owerri,42,Electronics,245286.17,Completed
CUST01543,Victor Williams,Uyo,64,Furniture,175109.34,Completed
CUST01544,Ruth Abubakar,Uyo,49,Home Appliances,74792.97,Cancelled
CUST01545,Zainab Abubakar,Lagos,53,Home Appliances,84369.1,Pending
CUST01546,Esther Okeke,Enugu,22,Accessories,181695.48,Completed
CUST01547,Zainab Williams,Owerri,53,Home Appliances,24352.46,Completed
CUST01548,Amaka Udo,Uyo,69,Electronics,212456.18,Pending
CUST01549,Samuel Abubakar,Ilorin,26,Books,173996.48,Completed
CUST01550,Chioma Williams,Ibadan,69,Furniture,183836.34,Completed
CUST01551,Hauwa Udo,Abuja,61,Groceries,94154.53,Processing
CUST01552,Ada Abubakar,Calabar,21,Clothing,88912.07,Completed
CUST01553,Chukwu Obi,Abeokuta,59,Sports,148358.26,Processing
CUST01554,Joseph Okeke,Ibadan,20,Clothing,60232.83,Completed
CUST01555,Ibrahim Sani,Port Harcourt,59,Home Appliances,193968.06,Processing
CUST01556,Ada Eze,Warri,47,Home Appliances,68822.13,Pending
CUST01557,Esther Okafor,Abuja,25,Clothing,30534.84,Pending
CUST01558,Zainab Ogunleye,Ibadan,19,Office Supplies,143256.15,Completed
CUST01559,Daniel Obi,Warri,55,Groceries,96005.37,Processing
CUST01560,Ibrahim Akinyemi,Kano,54,Groceries,24882.83,Completed
CUST01561,Zainab Onyeka,Port Harcourt,43,Electronics,98464.29,Cancelled
CUST01562,Amaka Ogunleye,Kaduna,22,Accessories,209290.06,Completed
CUST01563,Victor Obi,Warri,66,Furniture,241421.12,Processing
CUST01564,Ifeoma Sani,Owerri,29,Electronics,138691.57,Cancelled
CUST01565,Tolu Adeyemi,Port Harcourt,54,Furniture,163168.81,Completed
CUST01566,Daniel Adeyemi,Abuja,25,Accessories,74662.02,Processing
CUST01567,Ifeoma Akinyemi,Jos,18,Furniture,75167.48,Processing
CUST01568,John Ibrahim,Jos,52,Books,34985.27,Completed
CUST01569,David Ogunleye,Calabar,40,Office Supplies,134563.92,Completed
CUST01570,Tolu Adeyemi,Ibadan,20,Furniture,35438.29,Returned
CUST01571,Yusuf Balogun,Ilorin,53,Furniture,147955.99,Completed
CUST01572,Hauwa Sani,Enugu,22,Accessories,63760.47,Completed
CUST01573,Musa Abubakar,Enugu,47,Clothing,236186.5,Pending
CUST01574,Ibrahim Balogun,Abeokuta,31,Clothing,157401.31,Completed
CUST01575,Joseph Williams,Owerri,41,Office Supplies,164338.08,Returned
CUST01576,Joy Abubakar,Enugu,70,Groceries,79107.18,Cancelled
CUST01577,Michael Okafor,Ilorin,33,Clothing,67549.56,Completed
CUST01578,Ada Onyeka,Enugu,22,Sports,160053.37,Completed
CUST01579,David Nwosu,Port Harcourt,69,Furniture,68429.86,Completed
CUST01580,Fatima Okeke,Abuja,68,Clothing,43953.45,Pending
CUST01581,Grace Udo,Uyo,69,Books,23907.75,Completed
CUST01582,Peter Ibrahim,Abeokuta,35,Office Supplies,24789.06,Completed
CUST01583,David Okeke,Port Harcourt,40,Accessories,137929.13,Processing
CUST01584,Michael Usman,Ilorin,26,Beauty,2399.13,Completed
CUST01585,Chioma Balogun,Port Harcourt,42,Office Supplies,183862.21,Completed
CUST01586,Hauwa Olawale,Owerri,67,Furniture,169561.85,Completed
CUST01587,Samuel Abubakar,Kaduna,40,Books,125569.76,Completed
CUST01588,Sarah Ogunleye,Owerri,70,Furniture,76314.23,Returned
CUST01589,Grace Akinyemi,Warri,38,Clothing,158678.3,Completed
CUST01590,Fatima Eze,Port Harcourt,54,Electronics,21169.17,Completed
CUST01591,Zainab Usman,Warri,18,Home Appliances,169266.34,Processing
CUST01592,Chioma Usman,Kaduna,50,Accessories,174478.04,Completed
CUST01593,Joy Williams,Calabar,65,Electronics,178547.16,Pending
CUST01594,Hauwa Olawale,Ibadan,65,Accessories,171027.42,Completed
CUST01595,Samuel Abubakar,Jos,66,Accessories,225952.06,Completed
CUST01596,Esther Balogun,Abeokuta,40,Electronics,105695.0,Completed
CUST01597,Esther Obi,Benin City,61,Furniture,207935.81,Returned
CUST01598,Ruth Obi,Kano,37,Books,73403.92,Completed
CUST01599,Hauwa Udo,Enugu,31,Beauty,232279.02,Processing
CUST01600,John Adeyemi,Calabar,47,Office Supplies,212091.74,Completed
CUST01601,Adebayo Sani,Kaduna,39,Beauty,88489.34,Completed
CUST01602,Musa Abubakar,Enugu,40,Electronics,25356.91,Completed
CUST01603,Emeka Ogunleye,Abeokuta,27,Home Appliances,30982.57,Completed
CUST01604,Chioma Nwosu,Ibadan,48,Home Appliances,93593.01,Completed
CUST01605,Musa Abubakar,Abeokuta,69,Beauty,27196.03,Completed
CUST01606,Victor Bello,Port Harcourt,26,Sports,186779.09,Completed
CUST01607,Musa Williams,Abuja,30,Beauty,10088.07,Completed
CUST01608,Hauwa Mohammed,Calabar,20,Groceries,166559.55,Processing
CUST01609,Ada Nwosu,Abuja,44,Books,137542.17,Cancelled
CUST01610,Ibrahim Balogun,Benin City,66,Home Appliances,125477.1,Processing
CUST01611,Victor Okeke,Port Harcourt,25,Clothing,198183.42,Completed
CUST01612,Esther Ogunleye,Lagos,67,Furniture,13033.66,Returned
CUST01613,Sarah Sani,Owerri,18,Home Appliances,120061.25,Completed
CUST01614,Emeka Akinyemi,Ibadan,57,Groceries,182318.91,Completed
CUST01615,Daniel Obi,Uyo,34,Furniture,166590.95,Completed
CUST01616,Blessing Obi,Owerri,64,Accessories,152784.83,Completed
CUST01617,Ruth Udo,Jos,58,Groceries,57365.31,Completed
CUST01618,Chukwu Nwosu,Ibadan,27,Home Appliances,4439.89,Completed
CUST01619,Ruth Adeyemi,Enugu,44,Accessories,76628.83,Pending
CUST01620,Fatima Johnson,Benin City,45,Books,15360.9,Completed
CUST01621,Chukwu Ibrahim,Abuja,35,Sports,70156.97,Completed
CUST01622,Sarah Johnson,Benin City,21,Groceries,10246.26,Completed
CUST01623,Hauwa Mohammed,Ibadan,36,Books,70057.83,Completed
CUST01624,Sarah Abubakar,Kano,49,Sports,83587.18,Completed
CUST01625,Ada Okafor,Jos,53,Groceries,82819.65,Cancelled
CUST01626,Esther Udo,Abeokuta,56,Sports,59582.1,Completed
CUST01627,Peter Okeke,Abuja,24,Groceries,157398.92,Completed
CUST01628,Chukwu Udo,Calabar,59,Furniture,48252.05,Completed
CUST01629,Tolu Eze,Abeokuta,57,Sports,75386.57,Completed
CUST01630,Kelechi Williams,Abeokuta,64,Groceries,10976.68,Completed
CUST01631,Mary Nwosu,Calabar,66,Accessories,243782.16,Processing
CUST01632,Samuel Obi,Calabar,45,Clothing,120718.08,Completed
CUST01633,John Okafor,Port Harcourt,56,Beauty,174184.14,Completed
CUST01634,Chukwu Udo,Lagos,68,Furniture,185185.28,Completed
CUST01635,Ada Onyeka,Uyo,50,Clothing,41400.42,Cancelled
CUST01636,Michael Onyeka,Warri,42,Home Appliances,151814.41,Completed
CUST01637,Adebayo Abubakar,Ilorin,31,Office Supplies,174188.02,Returned
CUST01638,Amaka Ogunleye,Kaduna,50,Accessories,64727.18,Returned
CUST01639,Grace Nwosu,Abeokuta,25,Groceries,56001.76,Completed
CUST01640,Grace Adeyemi,Jos,27,Beauty,231813.81,Completed
CUST01641,Amaka Adeyemi,Jos,33,Furniture,133660.37,Completed
CUST01642,Esther Sani,Benin City,38,Clothing,236608.3,Processing
CUST01643,Daniel Balogun,Enugu,57,Beauty,81175.67,Completed
CUST01644,Victor Okafor,Uyo,40,Furniture,182625.91,Completed
CUST01645,Daniel Okafor,Abeokuta,60,Office Supplies,26633.02,Cancelled
CUST01646,Michael Nwosu,Uyo,58,Office Supplies,137730.68,Cancelled
CUST01647,Fatima Mohammed,Kano,31,Office Supplies,157459.42,Returned
CUST01648,Michael Balogun,Kaduna,32,Home Appliances,92175.79,Processing
CUST01649,Emeka Usman,Port Harcourt,47,Groceries,203904.11,Completed
CUST01650,Peter Usman,Owerri,29,Beauty,5286.3,Completed
CUST01651,Ifeoma Okeke,Jos,56,Furniture,17386.79,Completed
CUST01652,Fatima Bello,Calabar,59,Home Appliances,25080.94,Completed
CUST01653,Hauwa Okafor,Ilorin,24,Home Appliances,96013.04,Completed
CUST01654,Adebayo Adeyemi,Port Harcourt,33,Clothing,66932.43,Processing
CUST01655,Joy Okafor,Warri,18,Clothing,135603.98,Cancelled
CUST01656,Ruth Eze,Ibadan,26,Books,189923.95,Processing
CUST01657,Victor Abubakar,Kano,39,Books,38649.47,Completed
CUST01658,Ibrahim Nwosu,Jos,52,Clothing,5326.45,Completed
CUST01659,Mary Ibrahim,Abuja,50,Home Appliances,35480.21,Processing
CUST01660,Adebayo Johnson,Enugu,42,Groceries,88343.65,Completed
CUST01661,Zainab Okeke,Jos,63,Clothing,122967.85,Processing
CUST01662,Fatima Obi,Kano,40,Clothing,153933.8,Completed
CUST01663,Zainab Eze,Calabar,20,Office Supplies,37796.96,Completed
CUST01664,David Sani,Port Harcourt,61,Home Appliances,37576.25,Pending
CUST01665,Grace Sani,Uyo,36,Sports,218853.66,Completed
CUST01666,Blessing Olawale,Calabar,34,Clothing,197219.31,Returned
CUST01667,Chioma Balogun,Benin City,27,Home Appliances,111687.68,Cancelled
CUST01668,Blessing Eze,Abuja,54,Home Appliances,239897.34,Completed
CUST01669,Emeka Mohammed,Port Harcourt,29,Home Appliances,88168.37,Completed
CUST01670,Blessing Akinyemi,Ilorin,68,Sports,34576.86,Processing
CUST01671,Zainab Johnson,Enugu,44,Accessories,124288.15,Completed
CUST01672,Mary Onyeka,Uyo,32,Home Appliances,20927.34,Pending
CUST01673,John Udo,Warri,62,Furniture,175780.75,Completed
CUST01674,Adebayo Williams,Uyo,19,Sports,139604.66,Processing
CUST01675,Zainab Obi,Lagos,40,Sports,212191.66,Returned
CUST01676,Victor Balogun,Kano,47,Groceries,208817.2,Completed
CUST01677,Zainab Akinyemi,Ibadan,31,Furniture,13990.02,Completed
CUST01678,Ibrahim Balogun,Enugu,64,Electronics,174038.23,Completed
CUST01679,Chukwu Obi,Jos,55,Clothing,119219.72,Completed
CUST01680,Ifeoma Okafor,Port Harcourt,41,Groceries,19771.35,Completed
CUST01681,Peter Akinyemi,Port Harcourt,66,Groceries,117454.44,Completed
CUST01682,John Ibrahim,Kaduna,44,Sports,111007.31,Pending
CUST01683,Adebayo Ibrahim,Abuja,27,Electronics,220292.26,Completed
CUST01684,Kelechi Abubakar,Abeokuta,28,Electronics,99112.76,Completed
CUST01685,Musa Bello,Abeokuta,63,Beauty,229789.58,Completed
CUST01686,Ibrahim Johnson,Enugu,28,Beauty,243281.25,Completed
CUST01687,Chioma Williams,Enugu,57,Electronics,54746.13,Completed
CUST01688,Hauwa Onyeka,Ilorin,22,Books,119367.13,Pending
CUST01689,Michael Okeke,Port Harcourt,21,Sports,161670.63,Completed
CUST01690,Tolu Obi,Abuja,41,Office Supplies,194704.85,Completed
CUST01691,Fatima Ibrahim,Port Harcourt,52,Clothing,16353.16,Completed
CUST01692,Kelechi Ibrahim,Ibadan,53,Furniture,159606.28,Completed
CUST01693,Daniel Eze,Ilorin,54,Electronics,140945.74,Cancelled
CUST01694,Chukwu Adeyemi,Benin City,23,Beauty,2144.47,Completed
CUST01695,Grace Okeke,Abeokuta,30,Sports,187966.77,Pending
CUST01696,Chioma Obi,Benin City,44,Accessories,25273.2,Cancelled
CUST01697,Chioma Okafor,Ilorin,68,Home Appliances,119251.33,Returned
CUST01698,Chukwu Ibrahim,Port Harcourt,27,Books,19711.25,Pending
CUST01699,Ibrahim Johnson,Calabar,31,Groceries,192212.21,Completed
CUST01700,John Ogunleye,Owerri,56,Accessories,232558.55,Completed
CUST01701,Amaka Balogun,Benin City,36,Sports,155877.11,Processing
CUST01702,Chukwu Okeke,Ibadan,31,Office Supplies,151729.09,Processing
CUST01703,Peter Usman,Abuja,69,Electronics,35677.06,Returned
CUST01704,Mary Eze,Kaduna,24,Books,78446.83,Processing
CUST01705,Ifeoma Eze,Kano,54,Sports,88358.28,Completed
CUST01706,Ibrahim Bello,Kano,48,Beauty,190792.51,Completed
CUST01707,Zainab Balogun,Abuja,54,Books,9922.17,Returned
CUST01708,Michael Akinyemi,Uyo,57,Groceries,110220.9,Completed
CUST01709,Joy Mohammed,Benin City,23,Home Appliances,126497.96,Completed
CUST01710,Musa Adeyemi,Ilorin,59,Electronics,185267.11,Completed
CUST01711,Victor Onyeka,Lagos,27,Clothing,72682.88,Completed
CUST01712,Michael Eze,Ibadan,42,Books,167295.91,Completed
CUST01713,Samuel Onyeka,Calabar,70,Books,27302.03,Completed
CUST01714,Tolu Okeke,Warri,45,Furniture,100395.08,Completed
CUST01715,David Sani,Kaduna,31,Books,28603.75,Completed
CUST01716,Mary Balogun,Kaduna,27,Furniture,80063.65,Completed
CUST01717,Joy Okeke,Lagos,69,Sports,197395.04,Processing
CUST01718,Yusuf Adeyemi,Ibadan,19,Home Appliances,67480.28,Pending
CUST01719,Emeka Balogun,Abuja,35,Home Appliances,20450.24,Returned
CUST01720,Samuel Akinyemi,Abeokuta,31,Beauty,46039.97,Completed
CUST01721,Musa Akinyemi,Benin City,66,Beauty,41154.21,Completed
CUST01722,Sarah Usman,Kaduna,52,Groceries,241398.32,Completed
CUST01723,Zainab Udo,Enugu,70,Electronics,140238.09,Processing
CUST01724,Yusuf Eze,Owerri,60,Office Supplies,154137.68,Completed
CUST01725,Victor Mohammed,Lagos,27,Books,233456.5,Completed
CUST01726,David Obi,Warri,61,Home Appliances,65719.1,Pending
CUST01727,Samuel Balogun,Jos,46,Office Supplies,24384.08,Completed
CUST01728,Yusuf Akinyemi,Owerri,52,Groceries,150245.82,Completed
CUST01729,Yusuf Williams,Jos,54,Electronics,92579.85,Completed
CUST01730,Grace Ibrahim,Abeokuta,70,Clothing,174836.8,Pending
CUST01731,Samuel Akinyemi,Enugu,40,Sports,207050.76,Completed
CUST01732,Kelechi Mohammed,Abuja,29,Books,107110.19,Completed
CUST01733,Joy Abubakar,Abeokuta,45,Home Appliances,71274.86,Pending
CUST01734,Ada Akinyemi,Jos,36,Office Supplies,234476.94,Processing
CUST01735,Tolu Eze,Warri,24,Clothing,162414.91,Completed
CUST01736,Sarah Obi,Kaduna,65,Office Supplies,231809.05,Completed
CUST01737,Samuel Ogunleye,Ilorin,69,Electronics,166935.84,Returned
CUST01738,Yusuf Johnson,Warri,47,Accessories,95285.43,Completed
CUST01739,Blessing Obi,Benin City,68,Books,103248.36,Returned
CUST01740,Ibrahim Okeke,Lagos,41,Furniture,126902.51,Completed
CUST01741,Ada Nwosu,Kano,68,Home Appliances,168333.37,Completed
CUST01742,Zainab Akinyemi,Lagos,18,Electronics,38365.0,Completed
CUST01743,Victor Ogunleye,Uyo,65,Office Supplies,79384.8,Completed
CUST01744,Peter Akinyemi,Ibadan,53,Home Appliances,48185.28,Pending
CUST01745,Victor Adeyemi,Warri,54,Home Appliances,32239.39,Pending
CUST01746,Hauwa Abubakar,Enugu,38,Accessories,39631.95,Completed
CUST01747,Ibrahim Balogun,Abeokuta,25,Office Supplies,196075.72,Returned
CUST01748,Joseph Nwosu,Uyo,53,Groceries,237176.36,Completed
CUST01749,Emeka Okafor,Enugu,18,Office Supplies,38283.33,Completed
CUST01750,Mary Eze,Ilorin,42,Electronics,185591.35,Completed
CUST01751,Samuel Olawale,Port Harcourt,33,Furniture,74248.2,Completed
CUST01752,Fatima Okeke,Warri,34,Electronics,68759.33,Processing
CUST01753,Joseph Okafor,Jos,55,Clothing,27755.11,Processing
CUST01754,Tolu Obi,Port Harcourt,36,Beauty,223653.83,Completed
CUST01755,Blessing Olawale,Calabar,31,Home Appliances,25190.41,Cancelled
CUST01756,Sarah Eze,Kaduna,58,Clothing,52593.74,Completed
CUST01757,Musa Mohammed,Jos,46,Groceries,44972.11,Completed
CUST01758,Ifeoma Udo,Jos,56,Electronics,29323.85,Completed
CUST01759,Esther Usman,Ilorin,56,Accessories,1278.51,Completed
CUST01760,Daniel Obi,Ibadan,56,Electronics,134000.15,Completed
CUST01761,Kelechi Balogun,Ibadan,41,Clothing,224645.63,Completed
CUST01762,Chioma Johnson,Abuja,64,Groceries,66915.94,Completed
CUST01763,Emeka Olawale,Owerri,53,Beauty,116774.26,Cancelled
CUST01764,Sarah Ogunleye,Enugu,30,Beauty,43260.55,Pending
CUST01765,Musa Nwosu,Enugu,24,Office Supplies,198293.48,Completed
CUST01766,Ifeoma Williams,Owerri,49,Home Appliances,220717.26,Completed
CUST01767,Hauwa Nwosu,Uyo,38,Office Supplies,26912.09,Completed
CUST01768,Yusuf Udo,Benin City,41,Clothing,112364.61,Processing
CUST01769,John Nwosu,Ilorin,44,Beauty,150980.43,Returned
CUST01770,John Olawale,Enugu,19,Clothing,44996.56,Completed
CUST01771,Amaka Abubakar,Benin City,33,Clothing,53815.66,Completed
CUST01772,Chioma Mohammed,Abuja,18,Sports,172080.9,Pending
CUST01773,Yusuf Bello,Ilorin,68,Sports,224688.52,Completed
CUST01774,Michael Ibrahim,Ilorin,31,Accessories,54385.42,Completed
CUST01775,Ibrahim Sani,Calabar,69,Clothing,143497.75,Pending
CUST01776,Ada Akinyemi,Benin City,70,Sports,49557.65,Completed
CUST01777,Blessing Usman,Lagos,35,Home Appliances,29836.77,Completed
CUST01778,Joy Mohammed,Ilorin,42,Furniture,144114.04,Completed
CUST01779,Joseph Udo,Lagos,47,Beauty,32786.24,Processing
CUST01780,Chukwu Onyeka,Calabar,51,Electronics,84364.03,Completed
CUST01781,Blessing Obi,Uyo,69,Home Appliances,180820.34,Completed
CUST01782,Kelechi Olawale,Enugu,23,Accessories,193658.99,Completed
CUST01783,Chukwu Okeke,Kano,62,Books,123346.82,Pending
CUST01784,Zainab Obi,Uyo,41,Office Supplies,25708.33,Completed
CUST01785,Victor Okafor,Port Harcourt,24,Sports,215350.66,Pending
CUST01786,Fatima Abubakar,Abuja,30,Sports,204041.5,Completed
CUST01787,Adebayo Adeyemi,Kano,68,Electronics,27723.13,Processing
CUST01788,Emeka Nwosu,Benin City,62,Office Supplies,197912.17,Completed
CUST01789,Ibrahim Abubakar,Calabar,26,Office Supplies,115186.92,Completed
CUST01790,Ruth Balogun,Warri,55,Home Appliances,159234.99,Pending
CUST01791,John Ogunleye,Ibadan,54,Books,165325.71,Processing
CUST01792,David Usman,Ibadan,23,Beauty,191556.34,Pending
CUST01793,Esther Onyeka,Uyo,33,Furniture,173748.89,Completed
CUST01794,Blessing Adeyemi,Ibadan,18,Furniture,117050.89,Completed
CUST01795,Blessing Obi,Benin City,31,Office Supplies,190406.59,Completed
CUST01796,David Ibrahim,Owerri,47,Groceries,211955.55,Completed
CUST01797,Chioma Johnson,Calabar,41,Home Appliances,243766.79,Returned
CUST01798,John Williams,Warri,43,Furniture,17183.11,Completed
CUST01799,Ada Ibrahim,Uyo,54,Clothing,36843.75,Returned
CUST01800,Hauwa Obi,Ibadan,19,Books,46777.77,Completed
CUST01801,Ada Ogunleye,Kaduna,40,Beauty,29603.59,Completed
CUST01802,Esther Akinyemi,Ibadan,27,Home Appliances,125560.04,Completed
CUST01803,Chukwu Bello,Kano,41,Clothing,12307.37,Completed
CUST01804,Zainab Akinyemi,Ibadan,36,Furniture,100687.96,Completed
CUST01805,John Sani,Kaduna,51,Home Appliances,27318.41,Completed
CUST01806,Fatima Obi,Ibadan,25,Electronics,223767.24,Completed
CUST01807,Fatima Eze,Abeokuta,24,Beauty,56635.59,Pending
CUST01808,Ibrahim Okeke,Enugu,43,Clothing,54991.58,Returned
CUST01809,Ibrahim Nwosu,Kaduna,31,Groceries,196437.27,Completed
CUST01810,Grace Sani,Kano,64,Electronics,23583.29,Completed
CUST01811,Ibrahim Sani,Kaduna,65,Beauty,213144.67,Pending
CUST01812,Ifeoma Mohammed,Jos,22,Groceries,46856.42,Processing
CUST01813,Chioma Okafor,Jos,48,Home Appliances,83530.19,Completed
CUST01814,Daniel Eze,Port Harcourt,61,Electronics,148511.44,Processing
CUST01815,Peter Okafor,Kaduna,33,Books,27368.76,Cancelled
CUST01816,Peter Ibrahim,Uyo,32,Accessories,125799.04,Cancelled
CUST01817,Kelechi Obi,Abuja,37,Sports,113167.77,Pending
CUST01818,Mary Nwosu,Jos,49,Beauty,91088.23,Completed
CUST01819,Esther Ibrahim,Owerri,39,Accessories,193637.21,Returned
CUST01820,Musa Sani,Kaduna,25,Beauty,171453.89,Pending
CUST01821,Adebayo Balogun,Enugu,32,Groceries,89314.67,Completed
CUST01822,Peter Akinyemi,Benin City,31,Clothing,48480.68,Processing
CUST01823,Joseph Obi,Kano,58,Accessories,224807.87,Completed
CUST01824,Musa Ogunleye,Port Harcourt,34,Sports,222001.53,Completed
CUST01825,Sarah Nwosu,Kano,30,Electronics,144889.72,Pending
CUST01826,Victor Sani,Abuja,45,Books,141676.44,Cancelled
CUST01827,Esther Ibrahim,Abuja,18,Books,231810.08,Completed
CUST01828,Ada Balogun,Abeokuta,36,Office Supplies,139546.26,Completed
CUST01829,Blessing Ibrahim,Abuja,69,Beauty,3922.71,Completed
CUST01830,Grace Udo,Abuja,21,Books,76472.73,Completed
CUST01831,Ada Okafor,Lagos,34,Groceries,87570.8,Completed
CUST01832,Ruth Ogunleye,Jos,67,Accessories,38780.38,Completed
CUST01833,Daniel Balogun,Owerri,30,Home Appliances,146316.58,Completed
CUST01834,Fatima Adeyemi,Kaduna,40,Furniture,202931.98,Pending
CUST01835,Sarah Okeke,Calabar,24,Beauty,230050.53,Completed
CUST01836,Ifeoma Udo,Enugu,61,Sports,201099.95,Completed
CUST01837,Kelechi Williams,Kano,26,Home Appliances,138582.09,Completed
CUST01838,Emeka Ibrahim,Ilorin,58,Books,136469.02,Completed
CUST01839,Musa Akinyemi,Abuja,26,Accessories,110489.29,Completed
CUST01840,Zainab Olawale,Kaduna,40,Home Appliances,116651.48,Processing
CUST01841,Samuel Okafor,Calabar,53,Electronics,239374.0,Completed
CUST01842,Kelechi Balogun,Ilorin,37,Furniture,145091.1,Completed
CUST01843,Joy Onyeka,Calabar,54,Beauty,13407.67,Returned
CUST01844,Chioma Okeke,Jos,18,Books,201875.07,Returned
CUST01845,Samuel Adeyemi,Abuja,21,Beauty,207477.82,Pending
CUST01846,David Sani,Abuja,70,Beauty,141371.71,Pending
CUST01847,Ruth Adeyemi,Abuja,65,Office Supplies,168611.39,Pending
CUST01848,Chukwu Williams,Abeokuta,27,Accessories,185112.52,Completed
CUST01849,Fatima Balogun,Kano,58,Beauty,179792.53,Processing
CUST01850,Amaka Usman,Ilorin,62,Furniture,28699.35,Completed
CUST01851,Joy Obi,Abeokuta,24,Furniture,51093.31,Completed
CUST01852,Victor Ogunleye,Kaduna,43,Electronics,231512.96,Completed
CUST01853,Blessing Abubakar,Uyo,33,Accessories,65086.37,Completed
CUST01854,Samuel Sani,Abuja,45,Groceries,159058.39,Completed
CUST01855,Victor Johnson,Port Harcourt,50,Accessories,50107.75,Completed
CUST01856,Grace Obi,Ilorin,49,Sports,166933.22,Completed
CUST01857,Ibrahim Obi,Kaduna,44,Home Appliances,37062.93,Completed
CUST01858,Tolu Udo,Enugu,18,Office Supplies,75707.82,Pending
CUST01859,Musa Sani,Kaduna,20,Sports,240700.06,Completed
CUST01860,Hauwa Bello,Kano,18,Groceries,89452.97,Returned
CUST01861,John Williams,Benin City,63,Accessories,97671.32,Completed
CUST01862,Joseph Balogun,Benin City,59,Office Supplies,84839.29,Pending
CUST01863,Amaka Balogun,Kano,68,Beauty,230871.15,Completed
CUST01864,Victor Usman,Enugu,48,Office Supplies,164751.48,Completed
CUST01865,Zainab Ogunleye,Warri,60,Accessories,64825.02,Pending
CUST01866,Peter Udo,Benin City,55,Office Supplies,207475.82,Completed
CUST01867,Adebayo Abubakar,Ibadan,24,Clothing,124870.99,Pending
CUST01868,David Johnson,Warri,69,Furniture,26380.32,Processing
CUST01869,Hauwa Okeke,Warri,44,Clothing,15505.11,Completed
CUST01870,Chukwu Eze,Kaduna,66,Sports,151643.16,Returned
CUST01871,Zainab Abubakar,Benin City,24,Books,94422.8,Processing
CUST01872,Peter Onyeka,Ibadan,30,Beauty,122788.48,Pending
CUST01873,Fatima Williams,Owerri,28,Home Appliances,203464.09,Cancelled
CUST01874,Yusuf Eze,Ilorin,19,Clothing,50904.81,Cancelled
CUST01875,Musa Okafor,Benin City,67,Home Appliances,142084.55,Returned
CUST01876,David Abubakar,Jos,64,Accessories,124056.46,Returned
CUST01877,Peter Usman,Abeokuta,40,Sports,154629.25,Completed
CUST01878,Chioma Eze,Kaduna,45,Home Appliances,218497.38,Completed
CUST01879,Chioma Ogunleye,Kano,24,Clothing,124690.59,Completed
CUST01880,Mary Mohammed,Lagos,32,Beauty,230570.28,Completed
CUST01881,Ibrahim Olawale,Abuja,28,Beauty,18717.41,Completed
CUST01882,Ruth Ogunleye,Calabar,57,Accessories,78077.02,Completed
CUST01883,Mary Obi,Ilorin,48,Beauty,163316.67,Completed
CUST01884,Sarah Nwosu,Ibadan,39,Electronics,34843.67,Completed
CUST01885,Hauwa Mohammed,Calabar,66,Electronics,58923.41,Completed
CUST01886,Peter Sani,Owerri,66,Electronics,86477.75,Completed
CUST01887,Sarah Sani,Owerri,57,Clothing,221882.47,Completed
CUST01888,Chioma Nwosu,Owerri,20,Clothing,8924.13,Completed
CUST01889,Joseph Olawale,Enugu,48,Beauty,195390.92,Returned
CUST01890,Fatima Okafor,Calabar,21,Electronics,193408.97,Cancelled
CUST01891,Mary Sani,Uyo,42,Electronics,138135.18,Completed
CUST01892,Kelechi Okeke,Owerri,26,Home Appliances,175341.91,Completed
CUST01893,Tolu Bello,Abuja,57,Sports,87963.48,Completed
CUST01894,Zainab Adeyemi,Ibadan,32,Clothing,147164.65,Completed
CUST01895,Hauwa Onyeka,Ilorin,20,Electronics,218317.12,Completed
CUST01896,Chukwu Eze,Lagos,26,Books,45168.85,Completed
CUST01897,Esther Sani,Jos,33,Beauty,32450.82,Completed
CUST01898,Ada Obi,Jos,22,Clothing,62568.46,Completed
CUST01899,Blessing Olawale,Calabar,32,Books,178290.64,Processing
CUST01900,Kelechi Onyeka,Kano,59,Furniture,131722.88,Completed
CUST01901,Ibrahim Onyeka,Abeokuta,24,Electronics,86675.2,Completed
CUST01902,Joy Usman,Kano,23,Furniture,228014.5,Returned
CUST01903,John Johnson,Kano,65,Accessories,52712.14,Completed
CUST01904,Victor Balogun,Lagos,33,Books,162485.77,Completed
CUST01905,Tolu Okafor,Kaduna,20,Beauty,69509.88,Completed
CUST01906,Victor Eze,Lagos,35,Office Supplies,95999.47,Completed
CUST01907,Michael Okeke,Kaduna,20,Furniture,51452.39,Completed
CUST01908,Sarah Onyeka,Lagos,60,Beauty,7850.74,Cancelled
CUST01909,Zainab Okafor,Calabar,56,Sports,230676.6,Processing
CUST01910,Amaka Udo,Ibadan,66,Electronics,85252.57,Returned
CUST01911,Sarah Akinyemi,Warri,64,Electronics,201853.99,Completed
CUST01912,Hauwa Ibrahim,Uyo,52,Books,105973.16,Pending
CUST01913,Kelechi Ogunleye,Kano,28,Home Appliances,116846.43,Processing
CUST01914,Fatima Balogun,Calabar,18,Beauty,199902.24,Processing
CUST01915,Emeka Johnson,Warri,52,Beauty,84399.65,Completed
CUST01916,Joy Nwosu,Benin City,35,Beauty,195612.01,Cancelled
CUST01917,Joy Okafor,Abuja,37,Office Supplies,165202.6,Returned
CUST01918,Ruth Abubakar,Kaduna,47,Electronics,109991.32,Completed
CUST01919,Esther Usman,Jos,53,Furniture,102167.51,Completed
CUST01920,Emeka Nwosu,Calabar,57,Accessories,78523.78,Completed
CUST01921,Ifeoma Nwosu,Warri,68,Beauty,64903.71,Completed
CUST01922,Fatima Abubakar,Port Harcourt,57,Electronics,58187.3,Pending
CUST01923,Ifeoma Ogunleye,Uyo,46,Office Supplies,79350.68,Completed
CUST01924,Fatima Adeyemi,Owerri,34,Beauty,4054.14,Returned
CUST01925,Ruth Olawale,Abeokuta,63,Electronics,150154.7,Completed
CUST01926,Emeka Ogunleye,Kaduna,25,Accessories,19385.62,Completed
CUST01927,Peter Olawale,Uyo,70,Home Appliances,17871.51,Completed
CUST01928,Grace Balogun,Lagos,38,Office Supplies,197046.41,Completed
CUST01929,Sarah Olawale,Kaduna,36,Office Supplies,7813.57,Completed
CUST01930,Grace Balogun,Calabar,55,Electronics,26580.37,Completed
CUST01931,David Ogunleye,Owerri,67,Accessories,195872.2,Pending
CUST01932,Yusuf Okeke,Uyo,55,Electronics,164273.41,Completed
CUST01933,Kelechi Eze,Abuja,32,Office Supplies,125886.38,Completed
CUST01934,Mary Akinyemi,Abeokuta,64,Clothing,211902.58,Completed
CUST01935,Chukwu Sani,Kaduna,60,Accessories,130095.99,Completed
CUST01936,Yusuf Udo,Kano,33,Sports,60787.26,Cancelled
CUST01937,Esther Johnson,Kaduna,38,Clothing,173275.96,Completed
CUST01938,Musa Akinyemi,Benin City,23,Sports,140125.27,Completed
CUST01939,Esther Usman,Ilorin,32,Books,196581.38,Completed
CUST01940,Victor Balogun,Calabar,52,Furniture,194117.66,Completed
CUST01941,Peter Balogun,Ilorin,34,Beauty,85409.41,Completed
CUST01942,Sarah Akinyemi,Abeokuta,27,Office Supplies,123562.7,Processing
CUST01943,Yusuf Abubakar,Calabar,47,Electronics,41713.57,Completed
CUST01944,Kelechi Onyeka,Owerri,48,Clothing,31621.33,Completed
CUST01945,Sarah Okafor,Owerri,28,Clothing,33116.13,Returned
CUST01946,Zainab Okeke,Calabar,45,Sports,31885.06,Pending
CUST01947,Fatima Ibrahim,Abuja,39,Sports,147879.71,Completed
CUST01948,Hauwa Adeyemi,Abuja,65,Sports,237481.02,Processing
CUST01949,Joseph Bello,Owerri,45,Beauty,189421.07,Pending
CUST01950,Hauwa Abubakar,Owerri,67,Office Supplies,229087.55,Processing
CUST01951,Emeka Balogun,Calabar,18,Office Supplies,148272.24,Pending
CUST01952,Samuel Okeke,Benin City,46,Groceries,127179.08,Completed
CUST01953,Kelechi Obi,Ibadan,37,Books,85295.77,Completed
CUST01954,Musa Ogunleye,Ilorin,50,Home Appliances,71332.17,Completed
CUST01955,Kelechi Abubakar,Port Harcourt,20,Furniture,107648.65,Completed
CUST01956,Musa Sani,Benin City,24,Sports,71215.62,Completed
CUST01957,Daniel Usman,Kaduna,32,Groceries,72137.49,Processing
CUST01958,Joy Obi,Calabar,32,Beauty,35272.26,Completed
CUST01959,Victor Ogunleye,Warri,28,Electronics,149607.93,Completed
CUST01960,Musa Onyeka,Abeokuta,69,Furniture,1691.11,Returned
CUST01961,Adebayo Olawale,Ibadan,36,Office Supplies,106639.98,Completed
CUST01962,Chioma Bello,Kano,25,Clothing,111115.16,Completed
CUST01963,Daniel Eze,Uyo,26,Beauty,182915.14,Completed
CUST01964,Esther Eze,Owerri,68,Furniture,181847.21,Completed
CUST01965,John Mohammed,Kano,47,Accessories,168028.57,Completed
CUST01966,Ibrahim Mohammed,Calabar,20,Home Appliances,25132.19,Pending
CUST01967,John Mohammed,Ibadan,53,Electronics,237296.91,Pending
CUST01968,Fatima Balogun,Ilorin,42,Furniture,168345.07,Completed
CUST01969,Chioma Usman,Uyo,29,Books,70667.85,Completed
CUST01970,Musa Eze,Abeokuta,64,Furniture,824.35,Completed
CUST01971,Mary Sani,Ibadan,63,Groceries,9727.21,Pending
CUST01972,Joy Okeke,Jos,55,Furniture,159437.71,Completed
CUST01973,Ada Abubakar,Calabar,37,Furniture,218762.89,Pending
CUST01974,Blessing Okeke,Ilorin,40,Accessories,120252.74,Completed
CUST01975,Tolu Ibrahim,Enugu,46,Sports,61867.88,Completed
CUST01976,Ifeoma Bello,Benin City,60,Clothing,86910.95,Completed
CUST01977,Chioma Usman,Uyo,69,Books,150274.67,Pending
CUST01978,Adebayo Ibrahim,Kano,50,Furniture,222455.41,Cancelled
CUST01979,Chukwu Onyeka,Warri,38,Beauty,168755.39,Completed
CUST01980,Amaka Bello,Enugu,43,Beauty,228094.37,Completed
CUST01981,Hauwa Johnson,Benin City,58,Electronics,77144.95,Completed
CUST01982,Peter Abubakar,Abeokuta,31,Clothing,236970.75,Completed
CUST01983,David Balogun,Ilorin,52,Electronics,237570.88,Completed
CUST01984,Michael Eze,Warri,63,Sports,228059.34,Cancelled
CUST01985,Mary Eze,Jos,21,Accessories,52635.59,Completed
CUST01986,Ifeoma Onyeka,Enugu,63,Furniture,72564.62,Completed
CUST01987,Esther Mohammed,Enugu,31,Accessories,183340.25,Processing
CUST01988,Chukwu Okafor,Warri,51,Clothing,125387.29,Cancelled
CUST01989,Chukwu Abubakar,Kano,37,Electronics,57520.56,Cancelled
CUST01990,Fatima Adeyemi,Kano,65,Clothing,203253.64,Completed
CUST01991,Michael Balogun,Uyo,65,Beauty,215499.37,Completed
CUST01992,John Akinyemi,Lagos,18,Accessories,151227.84,Completed
CUST01993,Hauwa Udo,Warri,43,Furniture,207872.14,Returned
CUST01994,Amaka Mohammed,Enugu,50,Electronics,75555.94,Completed
CUST01995,Tolu Nwosu,Jos,54,Books,94160.77,Completed
CUST01996,Fatima Akinyemi,Abeokuta,35,Books,71123.64,Pending
CUST01997,John Johnson,Enugu,19,Books,181896.17,Processing
CUST01998,Kelechi Onyeka,Owerri,24,Books,56034.61,Processing
CUST01999,Michael Johnson,Kaduna,41,Books,140799.24,Pending
CUST02000,David Balogun,Warri,58,Clothing,23869.87,Completed
CUST02001,Ruth Usman,Ilorin,33,Clothing,35354.11,Completed
CUST02002,Blessing Ogunleye,Owerri,54,Furniture,14756.77,Completed
CUST02003,Sarah Ibrahim,Owerri,39,Groceries,9151.51,Pending
CUST02004,Joy Akinyemi,Uyo,18,Beauty,172607.07,Cancelled
CUST02005,Amaka Usman,Abeokuta,49,Sports,239869.83,Completed
CUST02006,Samuel Usman,Abeokuta,53,Clothing,230309.57,Completed
CUST02007,Emeka Okeke,Port Harcourt,66,Electronics,40544.23,Cancelled
CUST02008,Ifeoma Williams,Kaduna,25,Electronics,221378.57,Completed
CUST02009,Joseph Ogunleye,Kaduna,26,Accessories,104551.38,Completed
CUST02010,Tolu Akinyemi,Kano,64,Beauty,130631.96,Completed
CUST02011,Esther Udo,Jos,28,Groceries,72566.94,Pending
CUST02012,Amaka Sani,Owerri,41,Accessories,151139.33,Completed
CUST02013,Yusuf Mohammed,Calabar,65,Groceries,41080.45,Pending
CUST02014,Blessing Okafor,Benin City,44,Groceries,37608.51,Completed
CUST02015,Adebayo Ibrahim,Owerri,30,Furniture,173518.94,Completed
CUST02016,David Obi,Lagos,57,Books,148623.75,Completed
CUST02017,Joseph Onyeka,Calabar,32,Sports,157214.72,Processing
CUST02018,Daniel Ibrahim,Uyo,45,Office Supplies,182337.55,Completed
CUST02019,Kelechi Okeke,Calabar,34,Accessories,135265.72,Pending
CUST02020,Emeka Udo,Port Harcourt,24,Furniture,70014.38,Completed
CUST02021,Tolu Balogun,Warri,51,Office Supplies,161216.41,Completed
CUST02022,Peter Udo,Ilorin,35,Office Supplies,167132.52,Completed
CUST02023,Ifeoma Okafor,Warri,32,Furniture,22857.28,Cancelled
CUST02024,Chioma Balogun,Port Harcourt,48,Electronics,80851.39,Processing
CUST02025,Chukwu Balogun,Abeokuta,69,Books,106365.8,Completed
CUST02026,Grace Ogunleye,Warri,25,Furniture,140047.28,Completed
CUST02027,Michael Usman,Benin City,37,Accessories,79260.06,Completed
CUST02028,Joy Williams,Port Harcourt,58,Beauty,177844.14,Returned
CUST02029,Mary Bello,Kaduna,62,Beauty,171349.76,Completed
CUST02030,Sarah Olawale,Port Harcourt,19,Sports,213846.69,Cancelled
CUST02031,Esther Akinyemi,Ibadan,57,Accessories,219076.8,Processing
CUST02032,Yusuf Okeke,Benin City,29,Electronics,48979.13,Completed
CUST02033,Yusuf Okafor,Ilorin,37,Sports,23549.77,Completed
CUST02034,Daniel Ogunleye,Calabar,18,Office Supplies,68275.13,Pending
CUST02035,Joseph Usman,Enugu,20,Beauty,68561.6,Completed
CUST02036,Peter Okafor,Uyo,63,Books,249307.96,Pending
CUST02037,Blessing Abubakar,Kaduna,65,Accessories,201862.49,Completed
CUST02038,Adebayo Sani,Calabar,63,Groceries,176417.25,Completed
CUST02039,Ruth Balogun,Abuja,44,Clothing,14035.6,Pending
CUST02040,Chukwu Mohammed,Abuja,52,Beauty,245851.27,Completed
CUST02041,Joy Okafor,Benin City,61,Sports,224436.67,Completed
CUST02042,Peter Olawale,Abeokuta,18,Home Appliances,104109.27,Pending
CUST02043,Chukwu Eze,Ibadan,70,Accessories,36899.8,Completed
CUST02044,Ifeoma Bello,Lagos,35,Office Supplies,49690.88,Completed
CUST02045,Ifeoma Okafor,Kano,35,Accessories,87687.43,Completed
CUST02046,Peter Eze,Ilorin,47,Clothing,29087.52,Completed
CUST02047,Hauwa Eze,Port Harcourt,38,Office Supplies,156665.57,Completed
CUST02048,Ifeoma Okafor,Ibadan,58,Sports,115100.77,Returned
CUST02049,Fatima Ibrahim,Uyo,61,Furniture,186858.42,Pending
CUST02050,Grace Adeyemi,Enugu,63,Beauty,44521.56,Completed
CUST02051,David Akinyemi,Ibadan,30,Beauty,220895.06,Completed
CUST02052,Grace Nwosu,Owerri,46,Beauty,23125.7,Completed
CUST02053,Esther Olawale,Warri,59,Accessories,112432.04,Pending
CUST02054,Victor Abubakar,Lagos,55,Home Appliances,38947.16,Completed
CUST02055,Ibrahim Akinyemi,Benin City,59,Beauty,51881.55,Pending
CUST02056,John Onyeka,Uyo,65,Beauty,22712.11,Cancelled
CUST02057,Daniel Williams,Kaduna,34,Electronics,230481.8,Completed
CUST02058,Joseph Abubakar,Kaduna,26,Books,146715.52,Completed
CUST02059,Michael Udo,Calabar,20,Sports,175329.54,Pending
CUST02060,Ruth Okafor,Port Harcourt,44,Books,83694.75,Pending
CUST02061,Tolu Abubakar,Calabar,40,Beauty,40707.34,Completed
CUST02062,Kelechi Okafor,Kaduna,69,Office Supplies,114125.01,Completed
CUST02063,Sarah Okeke,Kaduna,33,Beauty,180850.03,Completed
CUST02064,Blessing Okeke,Kano,20,Furniture,190799.17,Processing
CUST02065,John Obi,Enugu,45,Beauty,238496.64,Completed
CUST02066,Adebayo Abubakar,Abeokuta,28,Beauty,221651.65,Processing
CUST02067,John Williams,Ilorin,66,Groceries,32494.46,Completed
CUST02068,Chukwu Eze,Kano,68,Groceries,200377.37,Completed
CUST02069,Ifeoma Bello,Lagos,60,Groceries,50121.62,Completed
CUST02070,Grace Eze,Port Harcourt,33,Furniture,109151.31,Pending
CUST02071,Chioma Onyeka,Uyo,67,Sports,1261.07,Completed
CUST02072,Tolu Usman,Abeokuta,61,Home Appliances,174702.47,Processing
CUST02073,Ada Okeke,Uyo,47,Furniture,190769.97,Completed
CUST02074,Chioma Mohammed,Warri,26,Home Appliances,193320.78,Processing
CUST02075,Victor Akinyemi,Ilorin,43,Accessories,17937.41,Completed
CUST02076,Hauwa Udo,Lagos,32,Office Supplies,44560.55,Completed
CUST02077,Esther Mohammed,Abeokuta,70,Electronics,152651.37,Cancelled
CUST02078,Zainab Eze,Jos,32,Groceries,124999.92,Completed
CUST02079,Grace Akinyemi,Abuja,39,Home Appliances,163519.88,Completed
CUST02080,Grace Ibrahim,Enugu,61,Books,8730.79,Processing
CUST02081,Sarah Abubakar,Port Harcourt,43,Accessories,208562.27,Completed
CUST02082,Emeka Olawale,Jos,64,Clothing,163975.75,Completed
CUST02083,Amaka Okafor,Port Harcourt,38,Groceries,143681.19,Completed
CUST02084,Samuel Okafor,Kaduna,59,Home Appliances,105628.71,Completed
CUST02085,Sarah Nwosu,Owerri,58,Clothing,150918.92,Cancelled
CUST02086,Samuel Ogunleye,Benin City,67,Books,178013.07,Returned
CUST02087,Esther Obi,Warri,29,Home Appliances,132939.61,Completed
CUST02088,Ada Eze,Port Harcourt,18,Sports,237051.6,Pending
CUST02089,Daniel Williams,Abeokuta,70,Office Supplies,181914.0,Completed
CUST02090,Chukwu Bello,Kano,20,Clothing,216977.48,Completed
CUST02091,Chukwu Sani,Jos,41,Beauty,106439.99,Pending
CUST02092,Kelechi Okafor,Abeokuta,35,Groceries,73327.59,Completed
CUST02093,Samuel Mohammed,Kano,58,Electronics,148954.83,Completed
CUST02094,Chukwu Onyeka,Owerri,43,Furniture,43829.03,Completed
CUST02095,Chioma Balogun,Jos,49,Home Appliances,223181.85,Completed
CUST02096,Samuel Sani,Ibadan,70,Accessories,142277.84,Completed
CUST02097,David Olawale,Lagos,27,Office Supplies,244211.41,Pending
CUST02098,Musa Obi,Enugu,50,Clothing,84459.74,Pending
CUST02099,Grace Akinyemi,Enugu,19,Groceries,237590.96,Completed
CUST02100,Joseph Eze,Uyo,45,Clothing,198416.36,Completed
CUST02101,Grace Sani,Abeokuta,52,Furniture,173571.93,Completed
CUST02102,Peter Usman,Ibadan,66,Home Appliances,68714.82,Pending
CUST02103,Ifeoma Nwosu,Abeokuta,60,Electronics,151165.53,Processing
CUST02104,Ada Ibrahim,Kano,18,Home Appliances,51803.91,Cancelled
CUST02105,Ada Balogun,Kano,35,Books,149779.89,Processing
CUST02106,David Obi,Ibadan,32,Electronics,177259.4,Completed
CUST02107,Joy Ibrahim,Owerri,63,Office Supplies,206748.07,Completed
CUST02108,Joseph Sani,Benin City,52,Home Appliances,118913.83,Completed
CUST02109,David Mohammed,Benin City,40,Books,37965.86,Returned
CUST02110,Blessing Williams,Abeokuta,62,Groceries,168254.66,Completed
CUST02111,Chukwu Udo,Abuja,58,Books,140342.4,Completed
CUST02112,Yusuf Ogunleye,Benin City,37,Beauty,187720.61,Completed
CUST02113,Samuel Okafor,Port Harcourt,57,Office Supplies,41704.41,Completed
CUST02114,Sarah Akinyemi,Warri,19,Beauty,139120.96,Completed
CUST02115,Fatima Okeke,Calabar,52,Groceries,94622.75,Processing
CUST02116,Tolu Obi,Enugu,31,Furniture,248032.92,Completed
CUST02117,Ifeoma Abubakar,Warri,67,Home Appliances,137528.84,Completed
CUST02118,Yusuf Akinyemi,Calabar,56,Beauty,79867.89,Completed
CUST02119,Tolu Mohammed,Abeokuta,52,Accessories,98058.54,Returned
CUST02120,Blessing Bello,Kano,70,Books,39263.03,Returned
CUST02121,Michael Ibrahim,Lagos,52,Sports,190739.65,Pending
CUST02122,Ada Obi,Enugu,55,Home Appliances,243562.49,Completed
CUST02123,Joseph Okafor,Ilorin,32,Groceries,152436.27,Completed
CUST02124,Emeka Sani,Ilorin,64,Home Appliances,236373.62,Completed
CUST02125,Fatima Abubakar,Ilorin,58,Books,171098.66,Processing
CUST02126,Adebayo Sani,Calabar,68,Home Appliances,138025.54,Returned
CUST02127,Ruth Abubakar,Kaduna,41,Furniture,43823.37,Processing
CUST02128,Zainab Williams,Benin City,26,Beauty,16226.59,Completed
CUST02129,Peter Bello,Kaduna,33,Office Supplies,110927.21,Completed
CUST02130,Ifeoma Bello,Abeokuta,59,Clothing,200926.65,Returned
CUST02131,Ruth Abubakar,Ibadan,47,Clothing,1745.66,Completed
CUST02132,Ada Akinyemi,Uyo,51,Books,215545.69,Completed
CUST02133,Sarah Nwosu,Calabar,63,Accessories,30267.47,Cancelled
CUST02134,Joseph Onyeka,Owerri,19,Books,120214.87,Pending
CUST02135,Grace Okeke,Uyo,70,Electronics,90859.23,Pending
CUST02136,John Bello,Enugu,68,Clothing,25928.16,Returned
CUST02137,Kelechi Udo,Warri,68,Clothing,180505.5,Completed
CUST02138,Ada Mohammed,Port Harcourt,33,Books,52540.99,Completed
CUST02139,Joseph Eze,Kaduna,63,Books,188131.81,Cancelled
CUST02140,David Ibrahim,Owerri,46,Sports,196848.8,Pending
CUST02141,Peter Nwosu,Ilorin,20,Groceries,37027.29,Completed
CUST02142,Fatima Olawale,Ilorin,41,Beauty,76683.02,Pending
CUST02143,Peter Ibrahim,Kaduna,63,Books,168327.85,Completed
CUST02144,Amaka Balogun,Port Harcourt,56,Beauty,214790.43,Completed
CUST02145,Fatima Okafor,Uyo,31,Office Supplies,75756.57,Completed
CUST02146,Daniel Olawale,Owerri,50,Accessories,101476.01,Completed
CUST02147,Ifeoma Olawale,Jos,27,Office Supplies,213156.3,Completed
CUST02148,Esther Okeke,Uyo,49,Groceries,217698.8,Completed
CUST02149,Blessing Okeke,Lagos,60,Clothing,85608.19,Completed
CUST02150,Fatima Balogun,Kano,56,Clothing,162507.92,Completed
CUST02151,Samuel Udo,Calabar,58,Electronics,209998.28,Returned
CUST02152,Amaka Ogunleye,Calabar,32,Furniture,90905.99,Completed
CUST02153,Joseph Obi,Benin City,50,Clothing,67886.6,Processing
CUST02154,Ruth Onyeka,Uyo,23,Electronics,111672.05,Completed
CUST02155,Fatima Nwosu,Warri,65,Groceries,172432.52,Pending
CUST02156,Fatima Johnson,Owerri,63,Books,44378.23,Processing
CUST02157,Daniel Onyeka,Kano,23,Furniture,183340.98,Processing
CUST02158,Musa Balogun,Abeokuta,37,Electronics,51952.82,Completed
CUST02159,Kelechi Udo,Kaduna,47,Clothing,134244.99,Cancelled
CUST02160,David Eze,Ibadan,48,Clothing,110488.47,Completed
CUST02161,Tolu Onyeka,Ilorin,31,Office Supplies,121820.49,Completed
CUST02162,Peter Akinyemi,Uyo,25,Books,194354.53,Completed
CUST02163,Amaka Sani,Warri,47,Electronics,62955.65,Completed
CUST02164,Daniel Usman,Jos,29,Sports,126835.56,Completed
CUST02165,Joseph Ibrahim,Kano,52,Furniture,85302.04,Pending
CUST02166,John Ibrahim,Jos,46,Clothing,244307.82,Processing
CUST02167,Blessing Okafor,Benin City,50,Books,123959.59,Completed
CUST02168,Kelechi Akinyemi,Jos,37,Clothing,231325.7,Completed
CUST02169,Joseph Onyeka,Uyo,29,Furniture,194703.48,Cancelled
CUST02170,Yusuf Ibrahim,Abeokuta,37,Sports,191610.97,Completed
CUST02171,Ada Ibrahim,Calabar,57,Furniture,142762.83,Completed
CUST02172,Ifeoma Williams,Warri,43,Groceries,213093.01,Completed
CUST02173,Ifeoma Mohammed,Abeokuta,48,Office Supplies,197192.44,Cancelled
CUST02174,Daniel Johnson,Calabar,34,Books,233584.14,Returned
CUST02175,Esther Balogun,Kano,39,Sports,207312.09,Completed
CUST02176,Grace Akinyemi,Ilorin,43,Home Appliances,1442.99,Processing
CUST02177,Chukwu Akinyemi,Benin City,59,Groceries,243747.07,Cancelled
CUST02178,Adebayo Williams,Ibadan,60,Beauty,73716.85,Completed
CUST02179,David Akinyemi,Warri,42,Sports,139528.09,Pending
CUST02180,Amaka Williams,Ilorin,50,Books,214104.45,Completed
CUST02181,Fatima Abubakar,Benin City,64,Books,235375.0,Completed
CUST02182,Chukwu Okeke,Owerri,63,Books,62480.29,Processing
CUST02183,Peter Okeke,Lagos,24,Electronics,159916.18,Completed
CUST02184,Esther Bello,Calabar,36,Clothing,117973.42,Processing
CUST02185,Emeka Mohammed,Warri,64,Home Appliances,206082.07,Returned
CUST02186,Peter Ibrahim,Ilorin,30,Accessories,22024.09,Completed
CUST02187,Peter Onyeka,Warri,60,Beauty,139179.69,Cancelled
CUST02188,Ibrahim Okafor,Port Harcourt,67,Clothing,217684.56,Pending
CUST02189,Hauwa Mohammed,Uyo,41,Books,186824.62,Completed
CUST02190,David Bello,Ibadan,47,Sports,83269.7,Pending
CUST02191,Ibrahim Nwosu,Kano,56,Electronics,35088.98,Pending
CUST02192,Sarah Okeke,Warri,49,Electronics,207922.82,Completed
CUST02193,John Olawale,Lagos,54,Home Appliances,248913.72,Processing
CUST02194,Ruth Mohammed,Warri,52,Books,70679.54,Completed
CUST02195,Emeka Eze,Ilorin,23,Accessories,195152.54,Completed
CUST02196,Amaka Ogunleye,Uyo,23,Office Supplies,230626.16,Completed
CUST02197,Yusuf Eze,Warri,61,Home Appliances,204443.5,Completed
CUST02198,Musa Balogun,Jos,39,Clothing,45438.91,Completed
CUST02199,Samuel Ogunleye,Warri,62,Home Appliances,222352.01,Completed
CUST02200,Grace Okafor,Ilorin,42,Electronics,2159.26,Completed
CUST02201,Chioma Nwosu,Uyo,32,Office Supplies,168642.71,Completed
CUST02202,Samuel Williams,Warri,70,Office Supplies,231341.0,Processing
CUST02203,Ibrahim Udo,Port Harcourt,30,Groceries,51555.89,Completed
CUST02204,Adebayo Onyeka,Ilorin,20,Groceries,135030.56,Processing
CUST02205,David Mohammed,Calabar,32,Furniture,50445.31,Completed
CUST02206,Daniel Johnson,Calabar,31,Sports,6848.43,Returned
CUST02207,Samuel Obi,Uyo,42,Electronics,111002.02,Cancelled
CUST02208,Hauwa Williams,Enugu,21,Books,109650.75,Completed
CUST02209,Kelechi Okeke,Ilorin,70,Clothing,23235.63,Completed
CUST02210,Zainab Udo,Owerri,51,Clothing,40741.68,Completed
CUST02211,Blessing Sani,Benin City,65,Sports,103796.59,Completed
CUST02212,Emeka Ogunleye,Benin City,48,Beauty,127196.1,Processing
CUST02213,Adebayo Okafor,Enugu,69,Home Appliances,100092.08,Returned
CUST02214,Esther Olawale,Kano,22,Home Appliances,236486.5,Pending
CUST02215,Fatima Eze,Jos,59,Home Appliances,218988.56,Completed
CUST02216,Daniel Mohammed,Lagos,27,Furniture,44360.16,Completed
CUST02217,John Balogun,Port Harcourt,62,Books,190577.9,Completed
CUST02218,Amaka Williams,Uyo,65,Beauty,92941.72,Completed
CUST02219,Ifeoma Akinyemi,Port Harcourt,29,Accessories,241325.91,Cancelled
CUST02220,Amaka Abubakar,Benin City,25,Groceries,7519.28,Completed
CUST02221,Michael Olawale,Calabar,34,Office Supplies,80285.16,Cancelled
CUST02222,David Okafor,Calabar,48,Electronics,183744.34,Completed
CUST02223,Sarah Adeyemi,Abeokuta,42,Office Supplies,180637.62,Completed
CUST02224,Tolu Okafor,Benin City,32,Clothing,104985.22,Completed
CUST02225,Blessing Bello,Enugu,52,Books,33622.99,Completed
CUST02226,Joseph Okafor,Kano,48,Books,224889.76,Completed
CUST02227,David Onyeka,Benin City,57,Clothing,119460.52,Cancelled
CUST02228,Ruth Udo,Ibadan,26,Furniture,128695.64,Cancelled
CUST02229,Chioma Johnson,Jos,23,Clothing,179324.09,Completed
CUST02230,Joy Obi,Ibadan,32,Beauty,46177.07,Pending
CUST02231,David Bello,Jos,55,Accessories,129238.17,Processing
CUST02232,Daniel Balogun,Benin City,45,Sports,165308.93,Completed
CUST02233,Zainab Adeyemi,Owerri,69,Home Appliances,157979.26,Cancelled
CUST02234,Ifeoma Okafor,Port Harcourt,58,Electronics,208848.89,Completed
CUST02235,Michael Mohammed,Lagos,54,Books,120974.12,Completed
CUST02236,Joseph Udo,Enugu,46,Furniture,113312.07,Completed
CUST02237,Samuel Obi,Owerri,35,Accessories,230973.31,Completed
CUST02238,Musa Abubakar,Kano,39,Books,193007.65,Completed
CUST02239,Tolu Mohammed,Warri,51,Beauty,15802.86,Completed
CUST02240,Joseph Okafor,Abeokuta,26,Clothing,56800.59,Completed
CUST02241,Tolu Obi,Abeokuta,63,Beauty,31596.66,Completed
CUST02242,Samuel Akinyemi,Abeokuta,23,Accessories,45673.53,Returned
CUST02243,Musa Ogunleye,Ibadan,27,Furniture,193983.44,Completed
CUST02244,Hauwa Olawale,Abeokuta,56,Groceries,140731.68,Completed
CUST02245,Chukwu Onyeka,Benin City,52,Furniture,173431.34,Processing
CUST02246,Ifeoma Olawale,Port Harcourt,24,Groceries,158735.96,Returned
CUST02247,Fatima Balogun,Abeokuta,57,Home Appliances,214577.34,Completed
CUST02248,Michael Ibrahim,Enugu,51,Home Appliances,223438.78,Completed
CUST02249,Chioma Ibrahim,Lagos,22,Beauty,177092.56,Pending
CUST02250,Yusuf Sani,Ilorin,22,Electronics,188798.51,Completed
CUST02251,Blessing Abubakar,Warri,69,Furniture,97824.79,Completed
CUST02252,Sarah Okeke,Ilorin,30,Furniture,208586.4,Completed
CUST02253,Daniel Balogun,Calabar,43,Clothing,181501.59,Completed
CUST02254,Ada Balogun,Ibadan,46,Groceries,168067.71,Cancelled
CUST02255,Adebayo Obi,Abeokuta,37,Accessories,25675.49,Pending
CUST02256,Blessing Johnson,Jos,46,Beauty,205564.54,Completed
CUST02257,Joy Bello,Port Harcourt,22,Sports,218811.99,Processing
CUST02258,Chukwu Okeke,Uyo,34,Clothing,156733.91,Completed
CUST02259,Ifeoma Usman,Warri,36,Furniture,130721.76,Completed
CUST02260,Hauwa Sani,Ilorin,41,Furniture,217343.59,Pending
CUST02261,Victor Akinyemi,Enugu,21,Clothing,216295.18,Completed
CUST02262,Hauwa Nwosu,Calabar,34,Accessories,82224.2,Pending
CUST02263,Daniel Olawale,Abuja,18,Clothing,178281.08,Completed
CUST02264,Peter Usman,Ibadan,55,Home Appliances,166415.48,Completed
CUST02265,Kelechi Usman,Abeokuta,56,Office Supplies,93971.19,Completed
CUST02266,Zainab Okeke,Lagos,56,Clothing,147596.0,Cancelled
CUST02267,Tolu Udo,Abuja,25,Furniture,90191.19,Pending
CUST02268,Musa Sani,Enugu,70,Home Appliances,179579.29,Completed
CUST02269,Joseph Bello,Uyo,47,Office Supplies,215856.23,Completed
CUST02270,Michael Akinyemi,Jos,19,Furniture,141743.33,Completed
CUST02271,David Obi,Kano,44,Electronics,182271.12,Returned
CUST02272,Daniel Olawale,Uyo,61,Sports,88110.8,Processing
CUST02273,Daniel Bello,Warri,21,Sports,114564.69,Processing
CUST02274,Daniel Abubakar,Ibadan,53,Accessories,162080.52,Cancelled
CUST02275,Kelechi Olawale,Warri,70,Groceries,211183.84,Returned
CUST02276,David Olawale,Ilorin,52,Furniture,79150.62,Completed
CUST02277,Zainab Eze,Jos,43,Sports,155459.39,Pending
CUST02278,Kelechi Okeke,Ibadan,34,Books,87664.71,Cancelled
CUST02279,Musa Olawale,Warri,28,Groceries,80706.88,Completed
CUST02280,Peter Ibrahim,Calabar,50,Accessories,74068.52,Completed
CUST02281,Ifeoma Okeke,Ilorin,62,Clothing,49674.94,Completed
CUST02282,Joy Okeke,Uyo,34,Groceries,178979.13,Completed
CUST02283,Michael Balogun,Calabar,42,Clothing,211256.25,Pending
CUST02284,Musa Ibrahim,Ilorin,54,Clothing,80975.98,Completed
CUST02285,Victor Adeyemi,Ibadan,53,Groceries,166888.64,Completed
CUST02286,Blessing Johnson,Uyo,62,Furniture,61356.8,Completed
CUST02287,Joseph Williams,Port Harcourt,18,Beauty,60938.96,Completed
CUST02288,Joy Usman,Uyo,46,Home Appliances,139091.68,Processing
CUST02289,Yusuf Akinyemi,Port Harcourt,51,Office Supplies,99919.22,Completed
CUST02290,Musa Okeke,Owerri,34,Sports,200861.44,Completed
CUST02291,Esther Olawale,Calabar,33,Sports,135103.77,Completed
CUST02292,Ibrahim Balogun,Benin City,70,Furniture,198894.38,Completed
CUST02293,Tolu Ogunleye,Owerri,48,Accessories,78388.36,Cancelled
CUST02294,Joy Johnson,Owerri,40,Accessories,205273.86,Completed
CUST02295,Daniel Udo,Uyo,21,Books,154711.02,Completed
CUST02296,Sarah Eze,Port Harcourt,19,Accessories,112130.86,Pending
CUST02297,Musa Olawale,Kaduna,63,Groceries,15967.61,Completed
CUST02298,Hauwa Nwosu,Ilorin,34,Electronics,178410.21,Completed
CUST02299,Ibrahim Balogun,Enugu,31,Books,77473.57,Pending
CUST02300,Grace Mohammed,Ibadan,54,Accessories,236568.29,Completed
CUST02301,Mary Udo,Benin City,18,Office Supplies,13266.41,Cancelled
CUST02302,Peter Obi,Warri,22,Office Supplies,15930.59,Completed
CUST02303,Ifeoma Williams,Ibadan,56,Groceries,208938.96,Completed
CUST02304,Zainab Usman,Owerri,25,Sports,22299.2,Processing
CUST02305,Peter Okeke,Warri,44,Home Appliances,174111.35,Completed
CUST02306,David Abubakar,Abuja,37,Sports,44373.3,Completed
CUST02307,Daniel Usman,Abuja,29,Beauty,100371.9,Completed
CUST02308,Joseph Eze,Benin City,46,Clothing,130978.72,Completed
CUST02309,Joy Adeyemi,Abeokuta,21,Sports,23895.19,Completed
CUST02310,John Okafor,Lagos,38,Home Appliances,76583.32,Cancelled
CUST02311,Peter Udo,Benin City,22,Groceries,47140.81,Pending
CUST02312,Ifeoma Onyeka,Ibadan,40,Clothing,218027.47,Processing
CUST02313,Joy Olawale,Ilorin,29,Books,176599.23,Returned
CUST02314,Ifeoma Ogunleye,Port Harcourt,70,Books,7609.66,Completed
CUST02315,Mary Obi,Warri,37,Beauty,26966.04,Pending
CUST02316,Peter Ogunleye,Port Harcourt,24,Books,48310.1,Completed
CUST02317,Joy Mohammed,Kaduna,60,Accessories,207946.74,Cancelled
CUST02318,Tolu Onyeka,Abuja,39,Furniture,91439.24,Completed
CUST02319,Victor Usman,Ibadan,68,Home Appliances,10421.56,Completed
CUST02320,Zainab Usman,Warri,60,Office Supplies,24717.62,Completed
CUST02321,Ada Mohammed,Calabar,51,Office Supplies,143782.32,Completed
CUST02322,Michael Onyeka,Jos,30,Beauty,80096.1,Completed
CUST02323,Yusuf Ibrahim,Jos,45,Home Appliances,108798.83,Completed
CUST02324,Adebayo Usman,Abuja,38,Accessories,121039.02,Completed
CUST02325,Blessing Ibrahim,Warri,61,Electronics,131899.34,Completed
CUST02326,Emeka Ibrahim,Calabar,55,Office Supplies,135708.19,Pending
CUST02327,Hauwa Adeyemi,Abeokuta,19,Electronics,241692.88,Completed
CUST02328,Esther Onyeka,Lagos,70,Home Appliances,184641.56,Completed
CUST02329,Ifeoma Ogunleye,Benin City,61,Electronics,227667.76,Completed
CUST02330,Ifeoma Johnson,Owerri,38,Clothing,178515.79,Completed
CUST02331,Peter Sani,Lagos,20,Home Appliances,51527.31,Pending
CUST02332,Zainab Ibrahim,Lagos,33,Sports,246100.88,Processing
CUST02333,Victor Johnson,Benin City,43,Electronics,39003.35,Completed
CUST02334,Joy Nwosu,Calabar,45,Office Supplies,177550.35,Processing
CUST02335,Grace Williams,Calabar,59,Beauty,102315.62,Completed
CUST02336,Victor Akinyemi,Enugu,35,Furniture,204185.74,Completed
CUST02337,Joy Okafor,Jos,62,Home Appliances,10473.79,Cancelled
CUST02338,Chioma Johnson,Abuja,58,Clothing,28841.72,Processing
CUST02339,Blessing Eze,Port Harcourt,52,Sports,41862.5,Cancelled
CUST02340,Ada Okeke,Kano,52,Beauty,71194.09,Completed
CUST02341,Tolu Obi,Enugu,70,Furniture,237553.51,Completed
CUST02342,Blessing Williams,Port Harcourt,51,Electronics,117252.52,Completed
CUST02343,Fatima Adeyemi,Uyo,42,Groceries,20924.92,Pending
CUST02344,Emeka Johnson,Enugu,57,Sports,109541.19,Completed
CUST02345,Joy Adeyemi,Jos,50,Furniture,192143.09,Pending
CUST02346,Chukwu Udo,Lagos,27,Sports,214875.4,Completed
CUST02347,Ifeoma Olawale,Kaduna,30,Electronics,97843.18,Completed
CUST02348,Grace Ogunleye,Abuja,32,Groceries,156812.73,Completed
CUST02349,Hauwa Bello,Lagos,46,Clothing,210859.49,Completed
CUST02350,Grace Onyeka,Port Harcourt,27,Accessories,241045.03,Completed
CUST02351,Ada Eze,Enugu,51,Accessories,4390.02,Pending
CUST02352,Hauwa Mohammed,Benin City,20,Groceries,225382.37,Pending
CUST02353,Adebayo Okeke,Lagos,54,Electronics,203431.17,Cancelled
CUST02354,Tolu Johnson,Warri,58,Electronics,140920.6,Completed
CUST02355,Joseph Usman,Calabar,54,Home Appliances,70635.05,Completed
CUST02356,Samuel Johnson,Jos,49,Office Supplies,62529.33,Processing
CUST02357,Joseph Bello,Kaduna,27,Books,134125.26,Completed
CUST02358,Chioma Ibrahim,Jos,64,Groceries,240760.85,Completed
CUST02359,Daniel Abubakar,Benin City,65,Electronics,107948.35,Completed
CUST02360,Chukwu Bello,Enugu,63,Accessories,212924.62,Processing
CUST02361,Chioma Olawale,Ibadan,43,Home Appliances,220908.36,Completed
CUST02362,Samuel Bello,Enugu,47,Sports,84466.89,Pending
CUST02363,Chioma Ogunleye,Ibadan,33,Furniture,178154.65,Completed
CUST02364,Ruth Sani,Benin City,47,Accessories,215613.11,Cancelled
CUST02365,Esther Ibrahim,Ibadan,43,Groceries,117571.36,Completed
CUST02366,Samuel Ibrahim,Calabar,67,Office Supplies,103044.16,Completed
CUST02367,David Onyeka,Calabar,28,Home Appliances,234282.07,Completed
CUST02368,Samuel Okafor,Owerri,31,Home Appliances,141859.04,Completed
CUST02369,Hauwa Udo,Warri,27,Home Appliances,143777.91,Cancelled
CUST02370,Chioma Akinyemi,Benin City,47,Furniture,217010.82,Completed
CUST02371,Zainab Usman,Benin City,57,Office Supplies,132658.76,Pending
CUST02372,Chukwu Obi,Warri,22,Clothing,5390.98,Processing
CUST02373,Ruth Adeyemi,Benin City,23,Sports,232892.37,Completed
CUST02374,Hauwa Balogun,Ibadan,37,Clothing,90750.94,Processing
CUST02375,Peter Bello,Kaduna,39,Groceries,72453.02,Completed
CUST02376,Mary Abubakar,Calabar,27,Groceries,103811.09,Completed
CUST02377,Joy Akinyemi,Port Harcourt,53,Accessories,157179.91,Pending
CUST02378,Daniel Johnson,Abuja,60,Groceries,227298.48,Completed
CUST02379,Chukwu Balogun,Calabar,42,Books,94857.95,Completed
CUST02380,Adebayo Udo,Owerri,70,Sports,232737.27,Completed
CUST02381,Ifeoma Bello,Calabar,19,Books,236652.35,Completed
CUST02382,Musa Mohammed,Abuja,41,Clothing,44329.44,Pending
CUST02383,Ada Okeke,Calabar,27,Clothing,248224.38,Cancelled
CUST02384,Ada Williams,Jos,38,Beauty,177859.26,Processing
CUST02385,Emeka Olawale,Ilorin,69,Books,4013.48,Processing
CUST02386,Sarah Abubakar,Benin City,34,Furniture,128367.86,Processing
CUST02387,Musa Okafor,Kaduna,38,Groceries,13026.47,Completed
CUST02388,Grace Nwosu,Kaduna,45,Sports,10137.92,Cancelled
CUST02389,Kelechi Bello,Jos,23,Sports,137829.75,Completed
CUST02390,Zainab Sani,Lagos,65,Office Supplies,4827.56,Completed
CUST02391,Musa Usman,Enugu,42,Electronics,173829.69,Completed
CUST02392,Michael Mohammed,Benin City,69,Accessories,213410.32,Cancelled
CUST02393,Sarah Mohammed,Port Harcourt,40,Beauty,138106.85,Completed
CUST02394,Daniel Eze,Calabar,46,Clothing,201373.66,Processing
CUST02395,Ruth Ogunleye,Calabar,25,Electronics,202693.5,Cancelled
CUST02396,Tolu Johnson,Abuja,29,Sports,16263.17,Completed
CUST02397,Fatima Eze,Uyo,22,Electronics,180783.7,Pending
CUST02398,David Sani,Abuja,27,Office Supplies,156540.94,Returned
CUST02399,Samuel Mohammed,Warri,60,Clothing,153150.98,Completed
CUST02400,Chioma Williams,Calabar,65,Clothing,46414.06,Pending
CUST02401,Emeka Okafor,Enugu,68,Furniture,52574.5,Pending
CUST02402,Michael Mohammed,Jos,51,Furniture,119024.13,Completed
CUST02403,Blessing Sani,Owerri,29,Books,72033.67,Pending
CUST02404,Ruth Adeyemi,Kaduna,29,Accessories,1603.19,Completed
CUST02405,Yusuf Nwosu,Port Harcourt,52,Office Supplies,243181.61,Pending
CUST02406,Ibrahim Eze,Ibadan,29,Sports,189077.65,Completed
CUST02407,Michael Udo,Kano,56,Home Appliances,126675.95,Completed
CUST02408,Sarah Nwosu,Uyo,40,Furniture,132649.45,Pending
CUST02409,Ada Nwosu,Kano,66,Groceries,16186.72,Completed
CUST02410,Esther Adeyemi,Ilorin,66,Home Appliances,20010.9,Cancelled
CUST02411,Ibrahim Bello,Lagos,65,Clothing,79616.55,Cancelled
CUST02412,Zainab Olawale,Owerri,61,Office Supplies,169556.93,Completed
CUST02413,Daniel Mohammed,Kaduna,40,Books,92626.59,Completed
CUST02414,Blessing Mohammed,Abeokuta,65,Furniture,57047.2,Completed
CUST02415,Ibrahim Olawale,Enugu,47,Books,81108.83,Cancelled
CUST02416,Michael Bello,Uyo,47,Books,38192.39,Pending
CUST02417,Michael Akinyemi,Lagos,26,Sports,95379.8,Returned
CUST02418,Chioma Okeke,Benin City,18,Home Appliances,197848.99,Pending
CUST02419,Ifeoma Balogun,Ilorin,29,Furniture,23734.18,Completed
CUST02420,Chioma Nwosu,Benin City,30,Electronics,124343.18,Completed
CUST02421,Victor Onyeka,Kano,32,Furniture,121646.53,Pending
CUST02422,Sarah Akinyemi,Uyo,28,Books,242275.75,Completed
CUST02423,Tolu Eze,Benin City,63,Books,151964.22,Completed
CUST02424,John Usman,Warri,31,Home Appliances,122639.46,Processing
CUST02425,Joseph Abubakar,Benin City,58,Beauty,171022.29,Completed
CUST02426,Tolu Sani,Port Harcourt,51,Beauty,85290.78,Completed
CUST02427,Ibrahim Balogun,Benin City,54,Books,15804.67,Completed
CUST02428,Sarah Johnson,Ibadan,38,Furniture,227538.78,Processing
CUST02429,Joseph Usman,Warri,35,Accessories,85205.82,Cancelled
CUST02430,Ibrahim Williams,Calabar,26,Sports,195404.24,Completed
CUST02431,Zainab Johnson,Owerri,55,Office Supplies,59273.54,Cancelled
CUST02432,Blessing Udo,Kaduna,19,Sports,127752.34,Completed
CUST02433,Kelechi Balogun,Ilorin,38,Clothing,132320.66,Completed
CUST02434,Musa Nwosu,Abuja,46,Home Appliances,194363.87,Cancelled
CUST02435,Daniel Balogun,Benin City,67,Electronics,118449.89,Completed
CUST02436,Adebayo Mohammed,Benin City,70,Office Supplies,120651.22,Completed
CUST02437,Daniel Mohammed,Kaduna,38,Office Supplies,220806.3,Completed
CUST02438,Amaka Williams,Calabar,56,Office Supplies,30112.6,Pending
CUST02439,Hauwa Williams,Abeokuta,69,Accessories,70632.0,Cancelled
CUST02440,Sarah Okafor,Kano,34,Furniture,36036.3,Completed
CUST02441,Joseph Akinyemi,Abuja,41,Books,193954.83,Processing
CUST02442,Samuel Okeke,Abeokuta,28,Office Supplies,111048.72,Completed
CUST02443,Zainab Nwosu,Kaduna,35,Furniture,176581.53,Completed
CUST02444,Ifeoma Udo,Port Harcourt,38,Electronics,31000.64,Returned
CUST02445,Mary Usman,Benin City,27,Sports,207955.29,Completed
CUST02446,Adebayo Akinyemi,Jos,38,Home Appliances,44520.16,Completed
CUST02447,Kelechi Adeyemi,Jos,36,Sports,141415.08,Completed
CUST02448,Musa Ogunleye,Lagos,64,Groceries,124181.74,Processing
CUST02449,Chioma Balogun,Abuja,51,Groceries,235032.19,Completed
CUST02450,Kelechi Olawale,Benin City,39,Clothing,103175.13,Cancelled
CUST02451,Blessing Okeke,Abeokuta,21,Accessories,104102.82,Cancelled
CUST02452,Ibrahim Balogun,Abeokuta,70,Clothing,203595.68,Completed
CUST02453,Tolu Nwosu,Ibadan,33,Electronics,161198.53,Completed
CUST02454,Chukwu Johnson,Kaduna,20,Electronics,54769.75,Completed
CUST02455,Chioma Balogun,Abeokuta,38,Sports,96896.63,Pending
CUST02456,Michael Okafor,Abeokuta,66,Beauty,123069.51,Pending
CUST02457,Ibrahim Akinyemi,Abeokuta,22,Electronics,50051.1,Completed
CUST02458,Fatima Udo,Kaduna,18,Sports,175463.51,Completed
CUST02459,Esther Ogunleye,Calabar,28,Home Appliances,53214.26,Completed
CUST02460,Zainab Sani,Kano,35,Accessories,93590.79,Completed
CUST02461,Victor Williams,Warri,56,Beauty,83638.07,Completed
CUST02462,Daniel Okeke,Abuja,59,Beauty,112926.15,Completed
CUST02463,Joseph Ogunleye,Warri,43,Furniture,46228.39,Completed
CUST02464,Amaka Obi,Owerri,31,Furniture,189945.83,Pending
CUST02465,Grace Williams,Calabar,55,Beauty,90250.56,Completed
CUST02466,Joseph Johnson,Ilorin,34,Furniture,127787.07,Completed
CUST02467,Yusuf Abubakar,Uyo,39,Furniture,124910.69,Pending
CUST02468,Hauwa Mohammed,Kaduna,43,Office Supplies,188470.81,Processing
CUST02469,Blessing Onyeka,Ilorin,36,Furniture,19441.59,Completed
CUST02470,Adebayo Okafor,Ilorin,21,Electronics,236698.11,Processing
CUST02471,Grace Bello,Enugu,64,Office Supplies,240303.07,Completed
CUST02472,Esther Williams,Jos,30,Home Appliances,185468.08,Completed
CUST02473,Daniel Akinyemi,Jos,19,Beauty,192616.66,Processing
CUST02474,Grace Balogun,Kano,47,Furniture,30103.25,Pending
CUST02475,Ada Okafor,Calabar,48,Groceries,3610.65,Completed
CUST02476,Fatima Bello,Uyo,55,Accessories,68301.81,Completed
CUST02477,Peter Usman,Abuja,64,Groceries,53888.51,Completed
CUST02478,Michael Okafor,Lagos,49,Home Appliances,207617.04,Completed
CUST02479,Adebayo Udo,Calabar,20,Clothing,239858.23,Returned
CUST02480,Ibrahim Ibrahim,Owerri,48,Furniture,200490.21,Completed
CUST02481,Daniel Williams,Ibadan,62,Books,202593.22,Processing
CUST02482,Chukwu Udo,Uyo,45,Accessories,238037.8,Completed
CUST02483,Fatima Adeyemi,Kano,41,Clothing,149522.32,Completed
CUST02484,Blessing Onyeka,Port Harcourt,41,Sports,181556.5,Completed
CUST02485,David Olawale,Enugu,29,Office Supplies,100459.75,Completed
CUST02486,Esther Ibrahim,Port Harcourt,70,Books,168935.78,Completed
CUST02487,Sarah Eze,Ilorin,34,Groceries,83217.7,Completed
CUST02488,Samuel Bello,Warri,52,Groceries,222437.98,Completed
CUST02489,Zainab Balogun,Ilorin,39,Accessories,158183.54,Cancelled
CUST02490,Ruth Udo,Port Harcourt,70,Furniture,206175.76,Completed
CUST02491,Victor Akinyemi,Calabar,25,Accessories,136010.58,Completed
CUST02492,Peter Okafor,Kano,53,Groceries,184934.32,Pending
CUST02493,Amaka Mohammed,Kaduna,25,Sports,182970.38,Cancelled
CUST02494,Mary Okeke,Abeokuta,60,Home Appliances,54787.38,Completed
CUST02495,Sarah Obi,Ibadan,58,Books,38946.4,Pending
CUST02496,Kelechi Williams,Owerri,18,Accessories,199988.8,Completed
CUST02497,Zainab Eze,Owerri,37,Furniture,188956.25,Completed
CUST02498,Yusuf Onyeka,Jos,24,Furniture,5900.82,Completed
CUST02499,Tolu Williams,Port Harcourt,70,Clothing,16778.79,Completed
CUST02500,Tolu Akinyemi,Benin City,60,Home Appliances,2666.85,Completed
CUST02501,David Okeke,Benin City,31,Beauty,107145.26,Completed
CUST02502,Blessing Sani,Ilorin,20,Books,244253.94,Completed
CUST02503,Esther Okafor,Kano,62,Books,215297.19,Completed
CUST02504,Mary Obi,Enugu,62,Office Supplies,155067.43,Completed
CUST02505,Ada Usman,Lagos,42,Electronics,240693.0,Cancelled
CUST02506,Emeka Usman,Kano,52,Clothing,20764.1,Pending
CUST02507,Ibrahim Obi,Kaduna,42,Sports,60363.63,Processing
CUST02508,Chukwu Mohammed,Kano,53,Books,54158.42,Completed
CUST02509,Adebayo Balogun,Ilorin,61,Electronics,233886.16,Completed
CUST02510,John Abubakar,Kaduna,35,Office Supplies,97059.82,Processing
CUST02511,Joseph Adeyemi,Kano,55,Clothing,174561.68,Completed
CUST02512,Musa Bello,Kano,28,Electronics,72589.41,Completed
CUST02513,Tolu Balogun,Uyo,22,Furniture,120549.49,Completed
CUST02514,Michael Abubakar,Warri,42,Electronics,75586.6,Completed
CUST02515,Ruth Udo,Uyo,49,Furniture,178464.14,Cancelled
CUST02516,Zainab Obi,Abuja,28,Groceries,33021.45,Processing
CUST02517,Joy Udo,Lagos,46,Books,91684.74,Pending
CUST02518,Adebayo Ogunleye,Calabar,62,Sports,158717.13,Completed
CUST02519,Blessing Adeyemi,Kano,45,Accessories,175519.39,Completed
CUST02520,Emeka Nwosu,Calabar,60,Sports,118669.51,Completed
CUST02521,Fatima Balogun,Abuja,19,Groceries,21617.22,Completed
CUST02522,Yusuf Bello,Jos,52,Sports,139353.18,Completed
CUST02523,Amaka Abubakar,Ilorin,44,Clothing,139927.65,Completed
CUST02524,Chioma Ibrahim,Port Harcourt,65,Home Appliances,2823.13,Completed
CUST02525,Amaka Okafor,Abuja,51,Beauty,146403.57,Completed
CUST02526,Musa Balogun,Benin City,33,Books,200311.29,Completed
CUST02527,Blessing Usman,Kaduna,31,Clothing,43125.18,Completed
CUST02528,Joseph Onyeka,Uyo,69,Clothing,36549.45,Completed
CUST02529,John Balogun,Uyo,66,Clothing,119435.16,Processing
CUST02530,Emeka Udo,Port Harcourt,33,Home Appliances,209946.74,Completed
CUST02531,Fatima Nwosu,Enugu,21,Home Appliances,10751.15,Completed
CUST02532,Michael Okafor,Ibadan,60,Sports,97709.29,Completed
CUST02533,Ruth Johnson,Owerri,26,Books,153733.57,Cancelled
CUST02534,Musa Akinyemi,Jos,66,Groceries,60354.12,Completed
CUST02535,Blessing Eze,Enugu,56,Electronics,104343.68,Completed
CUST02536,Ibrahim Balogun,Warri,59,Electronics,92396.04,Completed
CUST02537,Samuel Mohammed,Kano,52,Office Supplies,81788.76,Completed
CUST02538,Blessing Ogunleye,Kaduna,42,Office Supplies,173820.01,Processing
CUST02539,Joy Sani,Jos,68,Office Supplies,34338.4,Completed
CUST02540,Ibrahim Usman,Benin City,52,Accessories,154101.26,Completed
CUST02541,Joseph Nwosu,Calabar,35,Beauty,148618.59,Completed
CUST02542,Zainab Mohammed,Calabar,33,Office Supplies,47836.86,Processing
CUST02543,Yusuf Mohammed,Abeokuta,61,Home Appliances,69648.57,Completed
CUST02544,Ada Williams,Warri,57,Groceries,200566.05,Pending
CUST02545,Yusuf Olawale,Owerri,52,Accessories,80302.59,Cancelled
CUST02546,Peter Ogunleye,Port Harcourt,25,Beauty,159657.87,Completed
CUST02547,Amaka Mohammed,Port Harcourt,59,Books,93765.28,Completed
CUST02548,Ibrahim Nwosu,Calabar,54,Books,134363.72,Completed
CUST02549,Joy Eze,Kano,25,Home Appliances,203283.3,Processing
CUST02550,Adebayo Eze,Ibadan,69,Beauty,231953.23,Completed
CUST02551,Mary Udo,Uyo,35,Accessories,141874.22,Completed
CUST02552,Chukwu Akinyemi,Jos,49,Office Supplies,27042.09,Completed
CUST02553,David Obi,Port Harcourt,29,Clothing,90349.7,Cancelled
CUST02554,Chukwu Adeyemi,Uyo,22,Beauty,26887.72,Completed
CUST02555,Chioma Obi,Calabar,65,Home Appliances,51243.06,Processing
CUST02556,Peter Adeyemi,Lagos,25,Sports,244209.64,Pending
CUST02557,Grace Akinyemi,Ibadan,32,Furniture,154587.52,Completed
CUST02558,Daniel Onyeka,Benin City,33,Groceries,5762.94,Completed
CUST02559,Kelechi Johnson,Port Harcourt,69,Home Appliances,50805.22,Completed
CUST02560,Ifeoma Eze,Ilorin,65,Office Supplies,244668.66,Completed
CUST02561,Blessing Obi,Abuja,33,Home Appliances,55262.85,Completed
CUST02562,Ifeoma Abubakar,Calabar,32,Beauty,26869.04,Completed
CUST02563,Grace Akinyemi,Ilorin,56,Home Appliances,111555.15,Completed
CUST02564,Ruth Eze,Enugu,63,Books,110645.83,Pending
CUST02565,Michael Sani,Warri,42,Electronics,135327.62,Completed
CUST02566,Musa Usman,Enugu,68,Accessories,85588.63,Completed
CUST02567,John Sani,Enugu,46,Office Supplies,51387.26,Completed
CUST02568,Emeka Sani,Uyo,62,Home Appliances,42116.2,Completed
CUST02569,Yusuf Mohammed,Benin City,43,Beauty,62210.2,Completed
CUST02570,Fatima Okeke,Ilorin,48,Electronics,171630.88,Completed
CUST02571,Joseph Eze,Kaduna,63,Electronics,97232.75,Completed
CUST02572,Michael Okafor,Kaduna,45,Books,227299.28,Completed
CUST02573,Daniel Olawale,Ibadan,35,Sports,227901.87,Completed
CUST02574,Ifeoma Abubakar,Ibadan,55,Accessories,149786.33,Cancelled
CUST02575,Ruth Adeyemi,Enugu,41,Electronics,190183.54,Completed
CUST02576,Zainab Abubakar,Abuja,57,Accessories,12540.02,Completed
CUST02577,Zainab Nwosu,Kaduna,27,Beauty,35429.97,Completed
CUST02578,Ruth Abubakar,Ibadan,44,Beauty,41678.03,Completed
CUST02579,Ruth Eze,Ilorin,21,Office Supplies,163664.11,Cancelled
CUST02580,Ruth Abubakar,Kano,53,Books,235505.48,Processing
CUST02581,Fatima Okafor,Warri,30,Office Supplies,178139.45,Completed
CUST02582,Tolu Nwosu,Uyo,68,Groceries,133499.98,Cancelled
CUST02583,Mary Olawale,Owerri,29,Groceries,133425.99,Completed
CUST02584,Amaka Okafor,Benin City,28,Beauty,128323.65,Completed
CUST02585,John Adeyemi,Enugu,26,Groceries,12109.91,Completed
CUST02586,Chioma Johnson,Uyo,56,Sports,143476.78,Completed
CUST02587,Fatima Bello,Port Harcourt,63,Clothing,178364.59,Completed
CUST02588,Joy Adeyemi,Abuja,42,Groceries,168.33,Completed
CUST02589,Amaka Usman,Jos,66,Home Appliances,137590.18,Pending
CUST02590,Musa Ogunleye,Kaduna,59,Accessories,88500.02,Completed
CUST02591,Ibrahim Okeke,Warri,34,Accessories,234219.11,Completed
CUST02592,Ruth Usman,Port Harcourt,69,Electronics,51743.08,Completed
CUST02593,Esther Ibrahim,Abuja,56,Home Appliances,95658.51,Completed
CUST02594,Adebayo Mohammed,Kaduna,30,Electronics,53912.22,Cancelled
CUST02595,Kelechi Balogun,Kaduna,55,Groceries,162276.6,Completed
CUST02596,Fatima Balogun,Lagos,32,Books,63248.67,Completed
CUST02597,Ibrahim Bello,Benin City,31,Books,32625.27,Processing
CUST02598,Fatima Balogun,Calabar,58,Clothing,73872.14,Completed
CUST02599,Samuel Okeke,Calabar,59,Home Appliances,19553.92,Completed
CUST02600,Victor Ogunleye,Abeokuta,48,Electronics,233495.95,Returned
CUST02601,Blessing Eze,Benin City,39,Furniture,77602.69,Completed
CUST02602,Adebayo Obi,Port Harcourt,65,Accessories,67420.41,Completed
CUST02603,Yusuf Ogunleye,Benin City,19,Books,100867.93,Cancelled
CUST02604,Samuel Olawale,Ilorin,38,Beauty,92007.68,Cancelled
CUST02605,Peter Obi,Calabar,46,Books,108366.21,Completed
CUST02606,Ada Onyeka,Owerri,65,Office Supplies,126499.29,Processing
CUST02607,Chioma Okeke,Benin City,60,Books,182869.17,Pending
CUST02608,Chioma Balogun,Warri,30,Clothing,154228.17,Completed
CUST02609,Fatima Adeyemi,Lagos,37,Electronics,238391.08,Completed
CUST02610,Peter Williams,Enugu,69,Groceries,106742.2,Completed
CUST02611,Zainab Williams,Lagos,22,Groceries,214713.69,Completed
CUST02612,Blessing Eze,Ibadan,47,Groceries,231207.33,Completed
CUST02613,Emeka Bello,Warri,39,Office Supplies,181987.28,Completed
CUST02614,Blessing Nwosu,Ilorin,53,Accessories,222295.35,Cancelled
CUST02615,David Mohammed,Abeokuta,27,Office Supplies,130024.07,Completed
CUST02616,Joy Johnson,Ibadan,70,Electronics,108482.49,Completed
CUST02617,John Ibrahim,Kaduna,64,Home Appliances,12845.36,Completed
CUST02618,Amaka Nwosu,Abuja,70,Groceries,138764.65,Returned
CUST02619,Fatima Johnson,Kaduna,27,Clothing,174353.0,Completed
CUST02620,Sarah Okeke,Enugu,54,Sports,74788.66,Completed
CUST02621,Joy Usman,Calabar,60,Clothing,193747.14,Processing
CUST02622,Chukwu Akinyemi,Enugu,70,Home Appliances,38532.63,Completed
CUST02623,Adebayo Mohammed,Benin City,25,Beauty,58939.69,Returned
CUST02624,Blessing Okeke,Ilorin,31,Home Appliances,107540.66,Completed
CUST02625,Fatima Sani,Warri,28,Sports,39819.02,Completed
CUST02626,Michael Eze,Abuja,23,Clothing,199053.67,Completed
CUST02627,Mary Akinyemi,Kaduna,23,Groceries,247959.52,Completed
CUST02628,Ifeoma Adeyemi,Port Harcourt,36,Sports,169692.96,Processing
CUST02629,Ibrahim Olawale,Jos,54,Clothing,10131.45,Processing
CUST02630,David Obi,Lagos,55,Clothing,247046.46,Completed
CUST02631,Victor Williams,Warri,28,Home Appliances,206052.13,Completed
CUST02632,Daniel Udo,Kano,57,Accessories,17944.04,Completed
CUST02633,Chioma Eze,Kaduna,56,Beauty,39369.58,Cancelled
CUST02634,John Obi,Kaduna,56,Furniture,172265.78,Completed
CUST02635,Ruth Mohammed,Jos,28,Books,202572.44,Completed
CUST02636,John Ibrahim,Kano,59,Home Appliances,104506.95,Processing
CUST02637,Amaka Ibrahim,Jos,38,Furniture,60189.3,Completed
CUST02638,Chioma Adeyemi,Abuja,21,Office Supplies,218788.53,Completed
CUST02639,Samuel Balogun,Port Harcourt,64,Clothing,70636.75,Completed
CUST02640,David Udo,Ibadan,63,Books,108847.83,Completed
CUST02641,Joseph Onyeka,Owerri,55,Beauty,234360.61,Completed
CUST02642,Blessing Adeyemi,Benin City,28,Home Appliances,47892.36,Completed
CUST02643,Chukwu Nwosu,Enugu,29,Books,115889.4,Processing
CUST02644,Amaka Mohammed,Kaduna,26,Sports,186326.68,Pending
CUST02645,Ada Mohammed,Calabar,66,Office Supplies,217036.76,Completed
CUST02646,Ruth Abubakar,Kano,44,Clothing,121736.38,Processing
CUST02647,Chioma Adeyemi,Calabar,26,Furniture,128208.28,Completed
CUST02648,Daniel Williams,Owerri,29,Home Appliances,9636.31,Completed
CUST02649,Esther Mohammed,Warri,57,Sports,84311.52,Completed
CUST02650,Kelechi Ogunleye,Ibadan,31,Groceries,83146.17,Pending
CUST02651,Hauwa Ogunleye,Kano,51,Home Appliances,222399.35,Processing
CUST02652,Joy Sani,Ibadan,45,Electronics,113751.75,Pending
CUST02653,Mary Ibrahim,Abeokuta,66,Books,11152.3,Completed
CUST02654,Sarah Udo,Jos,68,Clothing,118642.53,Returned
CUST02655,Zainab Bello,Calabar,56,Office Supplies,57755.54,Completed
CUST02656,Peter Johnson,Kaduna,34,Beauty,222881.01,Returned
CUST02657,Victor Johnson,Jos,55,Beauty,98718.27,Completed
CUST02658,Fatima Adeyemi,Ibadan,70,Books,59764.02,Completed
CUST02659,Chukwu Eze,Warri,69,Beauty,133826.03,Processing
CUST02660,Sarah Okafor,Abeokuta,64,Beauty,192230.99,Pending
CUST02661,Blessing Udo,Ibadan,52,Accessories,71907.1,Completed
CUST02662,Fatima Okeke,Abeokuta,64,Sports,44329.75,Pending
CUST02663,Adebayo Akinyemi,Abuja,39,Furniture,236645.98,Completed
CUST02664,Chioma Nwosu,Port Harcourt,60,Beauty,167960.92,Completed
CUST02665,Musa Akinyemi,Ibadan,64,Groceries,90373.37,Cancelled
CUST02666,Grace Ibrahim,Abeokuta,62,Accessories,159764.68,Completed
CUST02667,Chioma Obi,Uyo,18,Furniture,16518.92,Cancelled
CUST02668,Kelechi Nwosu,Port Harcourt,25,Books,84399.02,Completed
CUST02669,Victor Onyeka,Kaduna,50,Clothing,120323.44,Completed
CUST02670,Amaka Eze,Benin City,68,Clothing,88326.21,Completed
CUST02671,Yusuf Onyeka,Kano,64,Electronics,227732.21,Pending
CUST02672,Amaka Eze,Abuja,28,Groceries,85541.74,Completed
CUST02673,Ibrahim Onyeka,Ibadan,48,Sports,7471.53,Returned
CUST02674,Amaka Akinyemi,Abuja,69,Accessories,193971.15,Completed
CUST02675,Ifeoma Williams,Ilorin,58,Books,193371.51,Cancelled
CUST02676,Emeka Johnson,Uyo,60,Books,139375.5,Completed
CUST02677,David Olawale,Ibadan,20,Electronics,113241.03,Completed
CUST02678,Esther Okafor,Jos,41,Sports,103898.03,Returned
CUST02679,David Bello,Abuja,26,Clothing,148672.26,Completed
CUST02680,Tolu Udo,Port Harcourt,48,Books,138407.43,Completed
CUST02681,Kelechi Mohammed,Abuja,57,Electronics,196541.9,Pending
CUST02682,Fatima Ibrahim,Abeokuta,70,Home Appliances,73380.49,Returned
CUST02683,Chukwu Ibrahim,Jos,26,Beauty,203927.95,Processing
CUST02684,Daniel Mohammed,Uyo,44,Clothing,243783.01,Completed
CUST02685,Blessing Ibrahim,Owerri,37,Home Appliances,5707.49,Processing
CUST02686,David Abubakar,Owerri,23,Groceries,232854.29,Completed
CUST02687,Ruth Obi,Benin City,25,Clothing,243660.41,Cancelled
CUST02688,David Obi,Port Harcourt,54,Furniture,145567.49,Completed
CUST02689,Chukwu Nwosu,Kano,66,Accessories,188716.29,Processing
CUST02690,Emeka Onyeka,Calabar,54,Accessories,74319.17,Completed
CUST02691,Grace Obi,Calabar,43,Electronics,77990.25,Returned
CUST02692,Emeka Mohammed,Kano,65,Electronics,34244.49,Completed
CUST02693,Peter Okafor,Abuja,48,Electronics,117319.05,Completed
CUST02694,Mary Obi,Kano,28,Office Supplies,234915.8,Processing
CUST02695,Fatima Eze,Benin City,28,Groceries,162130.23,Completed
CUST02696,Ruth Obi,Jos,69,Electronics,117592.16,Pending
CUST02697,Chioma Abubakar,Owerri,70,Accessories,59665.67,Completed
CUST02698,Ada Ogunleye,Calabar,35,Office Supplies,198670.39,Cancelled
CUST02699,Yusuf Usman,Abeokuta,33,Electronics,107445.04,Completed
CUST02700,Michael Williams,Uyo,51,Beauty,86083.36,Completed
CUST02701,Peter Akinyemi,Calabar,55,Beauty,67358.33,Completed
CUST02702,Musa Obi,Owerri,44,Beauty,162093.2,Completed
CUST02703,Tolu Okeke,Ilorin,30,Beauty,172832.71,Completed
CUST02704,Victor Udo,Abuja,60,Furniture,33133.83,Completed
CUST02705,Fatima Adeyemi,Owerri,22,Home Appliances,33262.19,Completed
CUST02706,Tolu Udo,Lagos,59,Furniture,179316.2,Returned
CUST02707,Adebayo Akinyemi,Abuja,39,Furniture,111782.45,Completed
CUST02708,Joseph Obi,Uyo,41,Sports,244313.07,Completed
CUST02709,John Nwosu,Kaduna,60,Furniture,214442.61,Completed
CUST02710,Michael Olawale,Ibadan,60,Furniture,122491.09,Processing
CUST02711,Sarah Adeyemi,Kano,18,Home Appliances,115909.04,Completed
CUST02712,Musa Adeyemi,Owerri,47,Accessories,72286.0,Completed
CUST02713,Musa Ibrahim,Port Harcourt,36,Beauty,44285.59,Cancelled
CUST02714,Blessing Ogunleye,Abuja,55,Books,86977.05,Pending
CUST02715,Samuel Williams,Owerri,35,Books,240877.96,Completed
CUST02716,Blessing Johnson,Kaduna,26,Electronics,195257.43,Pending
CUST02717,Michael Johnson,Abeokuta,50,Groceries,27478.35,Pending
CUST02718,John Nwosu,Owerri,24,Beauty,215504.05,Completed
CUST02719,Grace Okeke,Lagos,22,Office Supplies,239289.6,Completed
CUST02720,Musa Ibrahim,Kano,69,Furniture,189440.29,Pending
CUST02721,Mary Sani,Ilorin,69,Accessories,230458.82,Pending
CUST02722,John Okafor,Port Harcourt,19,Sports,192129.07,Cancelled
CUST02723,Sarah Udo,Benin City,18,Books,48374.95,Completed
CUST02724,Grace Akinyemi,Kano,62,Beauty,146558.43,Pending
CUST02725,Ada Sani,Ilorin,54,Sports,24045.08,Completed
CUST02726,Yusuf Johnson,Benin City,20,Sports,89236.24,Cancelled
CUST02727,Mary Mohammed,Kaduna,32,Home Appliances,239376.51,Completed
CUST02728,Emeka Obi,Ilorin,26,Furniture,102698.56,Completed
CUST02729,Samuel Akinyemi,Abeokuta,65,Clothing,25676.22,Processing
CUST02730,Mary Bello,Owerri,26,Furniture,184512.67,Completed
CUST02731,Tolu Adeyemi,Kano,18,Office Supplies,102299.32,Processing
CUST02732,Joseph Udo,Calabar,46,Furniture,23393.4,Processing
CUST02733,Joy Obi,Abuja,69,Beauty,197780.11,Completed
CUST02734,Joseph Johnson,Lagos,48,Beauty,135280.26,Pending
CUST02735,Ibrahim Okafor,Calabar,49,Furniture,198935.68,Processing
CUST02736,Tolu Eze,Abeokuta,55,Furniture,231204.65,Completed
CUST02737,Sarah Olawale,Calabar,40,Books,139082.81,Completed
CUST02738,Hauwa Obi,Jos,54,Electronics,166832.97,Completed
CUST02739,Victor Abubakar,Ibadan,65,Electronics,183116.75,Completed
CUST02740,Yusuf Williams,Port Harcourt,36,Books,15342.26,Completed
CUST02741,Joy Balogun,Lagos,25,Furniture,91676.44,Cancelled
CUST02742,Kelechi Ibrahim,Uyo,61,Home Appliances,38503.52,Completed
CUST02743,Musa Abubakar,Kaduna,42,Electronics,42864.5,Completed
CUST02744,Ifeoma Akinyemi,Abuja,23,Groceries,52966.0,Completed
CUST02745,Tolu Akinyemi,Ibadan,62,Groceries,66553.37,Completed
CUST02746,Mary Ogunleye,Calabar,55,Office Supplies,246102.27,Processing
CUST02747,Ifeoma Sani,Abeokuta,60,Office Supplies,53916.51,Completed
CUST02748,Ifeoma Sani,Uyo,68,Books,69811.87,Completed
CUST02749,Yusuf Okafor,Ibadan,43,Beauty,93897.14,Completed
CUST02750,Zainab Eze,Uyo,55,Clothing,199155.53,Completed
CUST02751,Chukwu Johnson,Owerri,62,Accessories,237391.91,Completed
CUST02752,Blessing Okeke,Calabar,59,Office Supplies,178119.43,Cancelled
CUST02753,Chukwu Ogunleye,Port Harcourt,52,Furniture,199740.75,Completed
CUST02754,Chukwu Ogunleye,Uyo,56,Accessories,221108.14,Completed
CUST02755,Mary Eze,Benin City,51,Accessories,23406.79,Completed
CUST02756,Mary Balogun,Uyo,29,Electronics,106944.48,Returned
CUST02757,Yusuf Balogun,Warri,68,Furniture,174701.41,Completed
CUST02758,Chioma Sani,Kaduna,22,Home Appliances,180236.94,Completed
CUST02759,Hauwa Mohammed,Kaduna,28,Beauty,248188.15,Completed
CUST02760,Chukwu Okafor,Warri,19,Electronics,215724.87,Pending
CUST02761,Emeka Mohammed,Port Harcourt,66,Office Supplies,20288.77,Pending
CUST02762,Blessing Obi,Kaduna,68,Accessories,161895.74,Completed
CUST02763,Joseph Sani,Lagos,64,Groceries,247101.02,Completed
CUST02764,Ada Obi,Warri,50,Beauty,188138.52,Completed
CUST02765,Emeka Onyeka,Uyo,27,Office Supplies,167044.19,Completed
CUST02766,Grace Usman,Abeokuta,67,Clothing,37665.55,Returned
CUST02767,Grace Ogunleye,Ilorin,68,Electronics,78545.56,Completed
CUST02768,John Akinyemi,Kaduna,19,Electronics,149812.93,Completed
CUST02769,Daniel Johnson,Enugu,40,Sports,22194.92,Pending
CUST02770,Daniel Ogunleye,Port Harcourt,43,Home Appliances,140761.3,Completed
CUST02771,Chioma Nwosu,Abeokuta,32,Sports,92407.33,Completed
CUST02772,Grace Abubakar,Warri,54,Home Appliances,182406.68,Completed
CUST02773,Chukwu Usman,Lagos,44,Furniture,60116.45,Completed
CUST02774,Joy Onyeka,Kaduna,57,Sports,196636.14,Completed
CUST02775,Joy Ogunleye,Port Harcourt,26,Clothing,15201.42,Cancelled
CUST02776,Zainab Obi,Uyo,43,Beauty,208728.68,Completed
CUST02777,Mary Ogunleye,Owerri,18,Beauty,156403.96,Completed
CUST02778,Ruth Abubakar,Abeokuta,48,Books,220116.49,Completed
CUST02779,Yusuf Okeke,Owerri,66,Furniture,132092.12,Completed
CUST02780,Daniel Johnson,Port Harcourt,61,Clothing,35396.7,Completed
CUST02781,Ada Ibrahim,Owerri,28,Accessories,142865.82,Pending
CUST02782,Hauwa Ibrahim,Enugu,37,Groceries,5201.83,Returned
CUST02783,Kelechi Balogun,Benin City,64,Accessories,107736.49,Completed
CUST02784,Kelechi Nwosu,Abuja,47,Electronics,205513.68,Completed
CUST02785,Joseph Okeke,Port Harcourt,40,Sports,189420.56,Returned
CUST02786,Chukwu Abubakar,Enugu,68,Furniture,180288.0,Completed
CUST02787,Mary Abubakar,Kano,30,Electronics,167174.38,Completed
CUST02788,Grace Akinyemi,Warri,35,Beauty,128257.21,Processing
CUST02789,John Ogunleye,Calabar,19,Furniture,182701.75,Completed
CUST02790,Mary Ogunleye,Abeokuta,29,Beauty,82904.52,Processing
CUST02791,Samuel Sani,Uyo,62,Electronics,168427.6,Completed
CUST02792,Grace Adeyemi,Uyo,36,Furniture,51179.85,Completed
CUST02793,Kelechi Olawale,Ibadan,51,Beauty,146790.71,Processing
CUST02794,Tolu Okeke,Owerri,32,Groceries,201491.85,Completed
CUST02795,Ibrahim Sani,Kaduna,51,Books,180319.9,Cancelled
CUST02796,Mary Adeyemi,Ilorin,30,Furniture,148339.59,Pending
CUST02797,Yusuf Usman,Ibadan,26,Home Appliances,161015.96,Processing
CUST02798,Chukwu Akinyemi,Uyo,20,Clothing,239053.74,Processing
CUST02799,Joy Ogunleye,Kaduna,66,Sports,247855.7,Completed
CUST02800,John Akinyemi,Warri,53,Accessories,222958.68,Completed
CUST02801,Ifeoma Williams,Uyo,19,Electronics,146532.92,Completed
CUST02802,Sarah Obi,Abeokuta,26,Office Supplies,130979.34,Completed
CUST02803,Ibrahim Okeke,Benin City,48,Books,65990.19,Completed
CUST02804,Joy Obi,Owerri,44,Electronics,220573.26,Pending
CUST02805,Michael Olawale,Ilorin,68,Sports,33503.23,Completed
CUST02806,Grace Sani,Abuja,69,Clothing,217713.63,Pending
CUST02807,Peter Ibrahim,Abuja,52,Beauty,56480.38,Completed
CUST02808,Blessing Mohammed,Uyo,19,Office Supplies,34844.93,Processing
CUST02809,Yusuf Abubakar,Uyo,64,Groceries,235401.49,Completed
CUST02810,John Balogun,Abuja,33,Books,68773.04,Completed
CUST02811,Emeka Eze,Kano,20,Beauty,32534.86,Completed
CUST02812,Hauwa Adeyemi,Uyo,41,Electronics,194510.16,Completed
CUST02813,Blessing Okeke,Enugu,45,Electronics,129846.83,Completed
CUST02814,Hauwa Balogun,Enugu,67,Electronics,234712.83,Processing
CUST02815,Ruth Adeyemi,Abeokuta,31,Sports,97662.67,Processing
CUST02816,Emeka Okafor,Enugu,27,Books,18193.04,Processing
CUST02817,Yusuf Obi,Port Harcourt,67,Furniture,63525.38,Completed
CUST02818,Chukwu Akinyemi,Abeokuta,53,Groceries,109074.21,Completed
CUST02819,Joseph Usman,Enugu,66,Accessories,161046.63,Completed
CUST02820,Yusuf Ogunleye,Uyo,34,Beauty,187422.09,Completed
CUST02821,Fatima Ibrahim,Calabar,53,Electronics,198458.0,Processing
CUST02822,Kelechi Williams,Benin City,37,Furniture,119234.8,Pending
CUST02823,Mary Ogunleye,Port Harcourt,44,Electronics,53009.89,Pending
CUST02824,Joy Obi,Lagos,24,Sports,112897.18,Pending
CUST02825,Joy Adeyemi,Abeokuta,41,Office Supplies,145221.39,Completed
CUST02826,Grace Ibrahim,Ilorin,29,Electronics,178670.33,Completed
CUST02827,Daniel Udo,Warri,28,Home Appliances,189060.77,Pending
CUST02828,Joy Akinyemi,Warri,57,Office Supplies,202022.31,Returned
CUST02829,Ada Ibrahim,Uyo,53,Office Supplies,189879.67,Cancelled
CUST02830,Ada Bello,Abuja,51,Beauty,36316.63,Cancelled
CUST02831,Peter Okeke,Jos,54,Furniture,36754.29,Completed
CUST02832,Grace Okafor,Warri,50,Beauty,142381.15,Cancelled
CUST02833,Ruth Williams,Port Harcourt,30,Clothing,46259.03,Cancelled
CUST02834,Victor Johnson,Kano,67,Groceries,194072.79,Completed
CUST02835,Peter Onyeka,Lagos,44,Office Supplies,174926.9,Processing
CUST02836,Blessing Balogun,Enugu,58,Clothing,114308.94,Completed
CUST02837,Musa Okafor,Jos,46,Groceries,187325.41,Completed
CUST02838,Hauwa Johnson,Abeokuta,56,Furniture,81461.38,Pending
CUST02839,Zainab Olawale,Jos,33,Accessories,34652.3,Processing
CUST02840,Kelechi Okafor,Uyo,70,Beauty,207007.7,Processing
CUST02841,Sarah Obi,Port Harcourt,62,Office Supplies,152511.5,Completed
CUST02842,Mary Balogun,Enugu,55,Sports,136136.49,Completed
CUST02843,Ada Nwosu,Abuja,68,Accessories,95623.91,Completed
CUST02844,Sarah Eze,Calabar,31,Electronics,140459.47,Cancelled
CUST02845,Tolu Balogun,Warri,30,Accessories,78440.83,Completed
CUST02846,Zainab Obi,Kano,30,Beauty,99682.66,Completed
CUST02847,Peter Ibrahim,Uyo,50,Beauty,156519.67,Completed
CUST02848,Adebayo Abubakar,Kaduna,66,Furniture,269.52,Pending
CUST02849,John Akinyemi,Ilorin,43,Home Appliances,15674.68,Completed
CUST02850,Victor Okeke,Abeokuta,30,Clothing,20326.5,Completed
CUST02851,Joy Mohammed,Uyo,70,Electronics,12002.84,Completed
CUST02852,John Adeyemi,Ilorin,59,Beauty,20049.11,Pending
CUST02853,Emeka Mohammed,Lagos,47,Home Appliances,193419.24,Returned
CUST02854,John Williams,Uyo,55,Books,160527.25,Pending
CUST02855,Chukwu Olawale,Ibadan,58,Beauty,67548.62,Processing
CUST02856,Samuel Bello,Ilorin,36,Home Appliances,40599.01,Pending
CUST02857,Samuel Balogun,Owerri,43,Home Appliances,167856.57,Completed
CUST02858,Esther Okafor,Abeokuta,69,Clothing,186472.11,Completed
CUST02859,Joseph Usman,Calabar,42,Electronics,245496.06,Completed
CUST02860,Zainab Sani,Abuja,67,Beauty,5708.2,Processing
CUST02861,Ada Onyeka,Kano,22,Furniture,49629.85,Completed
CUST02862,Emeka Balogun,Calabar,38,Sports,178736.85,Completed
CUST02863,Esther Okeke,Abuja,47,Accessories,231793.52,Completed
CUST02864,Yusuf Abubakar,Jos,24,Clothing,150741.72,Completed
CUST02865,Tolu Johnson,Warri,45,Furniture,206296.21,Processing
CUST02866,David Balogun,Kaduna,49,Accessories,143369.58,Completed
CUST02867,Tolu Williams,Ibadan,46,Clothing,222852.85,Completed
CUST02868,Grace Nwosu,Ilorin,21,Groceries,216142.88,Completed
CUST02869,Chioma Okeke,Kano,50,Electronics,243270.32,Completed
CUST02870,Daniel Ibrahim,Lagos,33,Books,51242.46,Completed
CUST02871,Tolu Okeke,Kaduna,52,Clothing,231922.8,Processing
CUST02872,Hauwa Usman,Jos,50,Groceries,228794.75,Completed
CUST02873,Victor Abubakar,Jos,23,Books,223569.2,Completed
CUST02874,Victor Abubakar,Abuja,58,Furniture,65293.06,Processing
CUST02875,Sarah Abubakar,Ilorin,52,Sports,183643.63,Completed
CUST02876,Hauwa Sani,Kaduna,32,Home Appliances,216649.22,Completed
CUST02877,Victor Onyeka,Ibadan,25,Accessories,44324.72,Pending
CUST02878,David Akinyemi,Lagos,39,Furniture,143117.03,Completed
CUST02879,Hauwa Okafor,Kaduna,68,Office Supplies,136160.98,Pending
CUST02880,Michael Obi,Kaduna,48,Electronics,100679.77,Processing
CUST02881,Fatima Okeke,Abeokuta,67,Groceries,215028.76,Completed
CUST02882,Kelechi Okafor,Enugu,52,Groceries,21111.02,Returned
CUST02883,Ifeoma Johnson,Jos,40,Sports,168478.91,Completed
CUST02884,Michael Olawale,Lagos,67,Sports,134780.15,Completed
CUST02885,Tolu Nwosu,Enugu,54,Groceries,183129.1,Completed
CUST02886,Kelechi Abubakar,Abuja,54,Groceries,81864.95,Completed
CUST02887,Samuel Sani,Lagos,53,Office Supplies,133576.52,Pending
CUST02888,Fatima Akinyemi,Ilorin,56,Accessories,72218.8,Completed
CUST02889,Adebayo Abubakar,Port Harcourt,20,Sports,199601.32,Processing
CUST02890,Ibrahim Johnson,Jos,52,Home Appliances,243752.96,Completed
CUST02891,Ibrahim Nwosu,Abeokuta,36,Groceries,74551.86,Completed
CUST02892,Ruth Sani,Abeokuta,53,Clothing,161826.51,Completed
CUST02893,Samuel Onyeka,Abeokuta,47,Electronics,173827.71,Completed
CUST02894,Esther Abubakar,Ibadan,52,Home Appliances,111908.6,Completed
CUST02895,Mary Abubakar,Lagos,57,Books,68743.14,Cancelled
CUST02896,Joy Eze,Owerri,58,Books,123737.19,Completed
CUST02897,Michael Onyeka,Port Harcourt,57,Office Supplies,228831.69,Completed
CUST02898,Ibrahim Balogun,Uyo,26,Sports,129041.31,Completed
CUST02899,Hauwa Adeyemi,Warri,59,Accessories,79580.51,Completed
CUST02900,Michael Abubakar,Jos,58,Furniture,92186.01,Pending
CUST02901,Musa Okafor,Jos,41,Home Appliances,95250.27,Completed
CUST02902,Ada Bello,Ilorin,20,Electronics,168260.99,Completed
CUST02903,Musa Onyeka,Port Harcourt,67,Sports,213124.09,Completed
CUST02904,Ifeoma Ogunleye,Enugu,47,Office Supplies,98531.9,Completed
CUST02905,Victor Sani,Kano,29,Furniture,158496.41,Completed
CUST02906,Mary Udo,Uyo,35,Home Appliances,207581.33,Completed
CUST02907,Yusuf Onyeka,Calabar,54,Clothing,85063.01,Completed
CUST02908,Emeka Mohammed,Port Harcourt,52,Sports,180612.15,Processing
CUST02909,Ifeoma Mohammed,Enugu,28,Office Supplies,42985.0,Processing
CUST02910,Fatima Johnson,Benin City,51,Office Supplies,195426.1,Completed
CUST02911,Fatima Ogunleye,Abuja,53,Home Appliances,92323.63,Completed
CUST02912,Joseph Usman,Abeokuta,34,Home Appliances,237395.53,Completed
CUST02913,Adebayo Sani,Benin City,66,Books,193256.49,Completed
CUST02914,Daniel Johnson,Lagos,30,Beauty,157041.23,Completed
CUST02915,Ada Ogunleye,Uyo,54,Clothing,231581.5,Completed
CUST02916,Blessing Sani,Kaduna,28,Electronics,49806.98,Returned
CUST02917,David Udo,Ibadan,35,Electronics,21525.39,Completed
CUST02918,Michael Ibrahim,Abuja,38,Beauty,113432.84,Completed
CUST02919,David Williams,Abuja,31,Groceries,91543.38,Processing
CUST02920,Victor Akinyemi,Kaduna,64,Accessories,24367.04,Cancelled
CUST02921,Samuel Mohammed,Lagos,19,Office Supplies,66456.96,Returned
CUST02922,Ibrahim Obi,Kano,67,Clothing,8822.17,Completed
CUST02923,Samuel Okeke,Ilorin,51,Clothing,174027.32,Completed
CUST02924,Mary Adeyemi,Ilorin,64,Groceries,189447.26,Completed
CUST02925,Esther Balogun,Ibadan,50,Accessories,139462.26,Cancelled
CUST02926,Michael Abubakar,Calabar,26,Sports,139362.71,Processing
CUST02927,Kelechi Akinyemi,Enugu,21,Sports,216012.0,Completed
CUST02928,Sarah Bello,Abeokuta,46,Beauty,74680.08,Completed
CUST02929,Blessing Mohammed,Abeokuta,39,Beauty,135348.83,Completed
CUST02930,Peter Akinyemi,Benin City,68,Sports,196907.26,Returned
CUST02931,Grace Abubakar,Abeokuta,26,Beauty,239502.33,Processing
CUST02932,Emeka Akinyemi,Benin City,19,Groceries,233145.32,Completed
CUST02933,Chukwu Adeyemi,Port Harcourt,69,Beauty,93141.59,Completed
CUST02934,Joseph Johnson,Abuja,33,Groceries,160671.56,Returned
CUST02935,Victor Obi,Warri,38,Sports,17333.91,Completed
CUST02936,David Usman,Lagos,51,Furniture,158363.63,Completed
CUST02937,Hauwa Abubakar,Jos,24,Beauty,75833.03,Returned
CUST02938,John Sani,Enugu,42,Office Supplies,155000.07,Pending
CUST02939,Chioma Usman,Uyo,62,Furniture,105782.51,Processing
CUST02940,Amaka Bello,Owerri,36,Home Appliances,37447.43,Completed
CUST02941,Esther Ogunleye,Owerri,63,Groceries,229812.29,Completed
CUST02942,Emeka Ogunleye,Ibadan,69,Groceries,176898.76,Cancelled
CUST02943,Tolu Balogun,Ibadan,22,Groceries,50065.27,Completed
CUST02944,Victor Okafor,Jos,37,Office Supplies,23173.71,Completed
CUST02945,Adebayo Eze,Abeokuta,33,Home Appliances,65616.03,Completed
CUST02946,Ibrahim Onyeka,Kaduna,40,Electronics,133139.97,Cancelled
CUST02947,Michael Ogunleye,Owerri,23,Books,44255.87,Completed
CUST02948,Esther Usman,Kaduna,38,Beauty,186712.98,Completed
CUST02949,Joseph Nwosu,Kaduna,26,Home Appliances,38709.87,Completed
CUST02950,Chukwu Mohammed,Port Harcourt,57,Clothing,127744.27,Cancelled
CUST02951,Ada Bello,Enugu,60,Accessories,60291.21,Completed
CUST02952,Chukwu Onyeka,Uyo,29,Books,240088.64,Pending
CUST02953,Ifeoma Eze,Kaduna,61,Furniture,49600.34,Cancelled
CUST02954,Hauwa Williams,Calabar,54,Office Supplies,241655.89,Processing
CUST02955,Zainab Okafor,Benin City,29,Groceries,38819.03,Processing
CUST02956,Zainab Sani,Ibadan,65,Home Appliances,220392.64,Processing
CUST02957,Hauwa Akinyemi,Warri,38,Office Supplies,18863.83,Completed
CUST02958,Mary Onyeka,Port Harcourt,33,Groceries,81292.5,Completed
CUST02959,Fatima Udo,Uyo,52,Furniture,80067.92,Processing
CUST02960,Daniel Akinyemi,Abuja,49,Books,184285.31,Processing
CUST02961,Fatima Abubakar,Warri,43,Beauty,61802.65,Completed
CUST02962,David Nwosu,Uyo,34,Office Supplies,202695.6,Cancelled
CUST02963,Joy Obi,Port Harcourt,46,Office Supplies,206221.64,Returned
CUST02964,Samuel Okafor,Port Harcourt,54,Groceries,110049.42,Completed
CUST02965,David Johnson,Jos,56,Books,189942.41,Processing
CUST02966,Hauwa Obi,Ibadan,49,Sports,34590.38,Processing
CUST02967,Zainab Ogunleye,Ibadan,26,Groceries,7043.89,Pending
CUST02968,Tolu Balogun,Warri,41,Home Appliances,182307.54,Pending
CUST02969,Chukwu Onyeka,Ibadan,29,Electronics,220845.79,Completed
CUST02970,Mary Usman,Ilorin,69,Books,129668.03,Completed
CUST02971,Peter Bello,Benin City,61,Furniture,173337.57,Pending
CUST02972,Musa Olawale,Jos,50,Sports,46184.43,Pending
CUST02973,Michael Adeyemi,Warri,66,Electronics,50518.75,Completed
CUST02974,Grace Johnson,Calabar,42,Clothing,203672.82,Returned
CUST02975,Peter Mohammed,Abuja,47,Clothing,86738.19,Returned
CUST02976,Yusuf Udo,Calabar,23,Electronics,194741.73,Pending
CUST02977,Ifeoma Udo,Owerri,40,Electronics,23141.45,Completed
CUST02978,Daniel Ogunleye,Ibadan,21,Office Supplies,205816.71,Processing
CUST02979,Peter Akinyemi,Kaduna,23,Furniture,171701.21,Completed
CUST02980,Joy Obi,Port Harcourt,43,Electronics,158331.84,Pending
CUST02981,Tolu Williams,Port Harcourt,25,Books,102542.63,Cancelled
CUST02982,Chioma Adeyemi,Abuja,56,Clothing,29005.58,Completed
CUST02983,Tolu Balogun,Calabar,29,Electronics,30261.17,Pending
CUST02984,Samuel Balogun,Owerri,39,Accessories,189994.0,Processing
CUST02985,Yusuf Sani,Owerri,64,Furniture,9279.83,Completed
CUST02986,Sarah Okeke,Benin City,31,Accessories,3376.93,Completed
CUST02987,Joseph Ibrahim,Warri,51,Clothing,37429.2,Cancelled
CUST02988,Ifeoma Obi,Abuja,36,Electronics,197464.5,Pending
CUST02989,Joseph Ogunleye,Port Harcourt,39,Electronics,144117.98,Completed
CUST02990,Chioma Balogun,Ilorin,36,Home Appliances,32223.63,Returned
CUST02991,Peter Williams,Owerri,41,Sports,180400.51,Returned
CUST02992,Emeka Okafor,Warri,31,Office Supplies,149060.78,Completed
CUST02993,Ibrahim Udo,Kaduna,70,Electronics,194096.34,Completed
CUST02994,Samuel Obi,Port Harcourt,35,Furniture,105979.93,Completed
CUST02995,David Onyeka,Benin City,42,Beauty,190648.97,Completed
CUST02996,Ruth Okafor,Kano,22,Groceries,6435.75,Processing
CUST02997,Zainab Adeyemi,Enugu,25,Sports,153572.43,Completed
CUST02998,Mary Usman,Kano,21,Groceries,149776.72,Completed
CUST02999,Hauwa Eze,Enugu,45,Office Supplies,5619.54,Completed
CUST03000,Chioma Ibrahim,Abeokuta,59,Clothing,85614.02,Completed
CUST03001,Ruth Abubakar,Uyo,61,Electronics,55478.68,Pending
CUST03002,Grace Adeyemi,Ibadan,21,Clothing,4239.61,Completed
CUST03003,Musa Okeke,Kaduna,54,Books,92157.31,Processing
CUST03004,Grace Sani,Abuja,41,Books,147540.97,Cancelled
CUST03005,Esther Olawale,Kano,45,Groceries,236443.89,Completed
CUST03006,Victor Obi,Port Harcourt,69,Beauty,115449.93,Completed
CUST03007,Chukwu Onyeka,Lagos,67,Clothing,199319.83,Completed
CUST03008,Chukwu Williams,Lagos,69,Home Appliances,138471.99,Completed
CUST03009,Michael Nwosu,Warri,23,Books,40489.54,Completed
CUST03010,Mary Okafor,Abeokuta,24,Sports,111954.11,Completed
CUST03011,Adebayo Obi,Benin City,63,Electronics,115877.25,Completed
CUST03012,Chukwu Akinyemi,Kaduna,24,Furniture,13494.42,Pending
CUST03013,David Eze,Lagos,70,Beauty,90296.26,Completed
CUST03014,Daniel Usman,Kano,30,Home Appliances,43765.78,Pending
CUST03015,Adebayo Okafor,Ilorin,45,Groceries,87249.67,Returned
CUST03016,Ada Olawale,Kaduna,45,Home Appliances,149050.17,Completed
CUST03017,Yusuf Obi,Abeokuta,18,Sports,49761.23,Pending
CUST03018,Ruth Williams,Ilorin,43,Groceries,205650.8,Processing
CUST03019,Samuel Nwosu,Uyo,45,Home Appliances,109216.29,Completed
CUST03020,Esther Udo,Abuja,51,Furniture,207677.49,Pending
CUST03021,Blessing Okafor,Lagos,21,Beauty,100761.01,Completed
CUST03022,Grace Mohammed,Jos,55,Electronics,188780.13,Cancelled
CUST03023,Chukwu Bello,Ilorin,49,Books,31102.75,Completed
CUST03024,Adebayo Nwosu,Ilorin,33,Accessories,192073.97,Completed
CUST03025,Victor Udo,Warri,62,Beauty,143552.86,Completed
CUST03026,Ada Eze,Benin City,68,Groceries,10598.17,Completed
CUST03027,John Adeyemi,Warri,55,Beauty,161654.85,Completed
CUST03028,Blessing Okeke,Warri,56,Accessories,247424.73,Pending
CUST03029,Joseph Eze,Ibadan,47,Office Supplies,109768.36,Completed
CUST03030,Sarah Okeke,Ilorin,53,Beauty,25536.3,Processing
CUST03031,Tolu Balogun,Ibadan,49,Beauty,238137.78,Completed
CUST03032,Peter Nwosu,Ibadan,32,Groceries,190554.72,Completed
CUST03033,Yusuf Ogunleye,Jos,55,Office Supplies,72294.24,Completed
CUST03034,Tolu Sani,Kaduna,69,Electronics,16772.22,Returned
CUST03035,Daniel Abubakar,Calabar,45,Groceries,6601.08,Completed
CUST03036,John Bello,Uyo,52,Groceries,26445.15,Completed
CUST03037,Victor Abubakar,Jos,60,Electronics,157715.39,Pending
CUST03038,Daniel Obi,Uyo,52,Clothing,58821.8,Pending
CUST03039,Kelechi Sani,Ilorin,50,Office Supplies,126126.58,Processing
CUST03040,Peter Bello,Calabar,27,Clothing,20898.11,Completed
CUST03041,Adebayo Onyeka,Abeokuta,58,Office Supplies,241146.43,Processing
CUST03042,John Okafor,Uyo,70,Clothing,242627.79,Processing
CUST03043,Musa Nwosu,Kano,52,Groceries,40200.06,Completed
CUST03044,Musa Olawale,Abeokuta,50,Furniture,142782.63,Completed
CUST03045,John Olawale,Kaduna,18,Accessories,43164.44,Cancelled
CUST03046,Daniel Onyeka,Lagos,44,Books,80066.53,Pending
CUST03047,Victor Abubakar,Uyo,30,Home Appliances,140868.19,Completed
CUST03048,Michael Eze,Warri,59,Clothing,233538.81,Completed
CUST03049,Blessing Udo,Kano,68,Groceries,149985.43,Completed
CUST03050,Musa Ogunleye,Port Harcourt,47,Home Appliances,144659.53,Processing
CUST03051,Zainab Usman,Jos,58,Electronics,66801.94,Completed
CUST03052,Fatima Obi,Kano,68,Clothing,197534.4,Completed
CUST03053,Esther Akinyemi,Lagos,49,Accessories,160590.64,Completed
CUST03054,Grace Onyeka,Abeokuta,32,Sports,180723.26,Completed
CUST03055,Kelechi Bello,Ilorin,69,Home Appliances,45451.77,Pending
CUST03056,Musa Sani,Calabar,44,Beauty,208775.77,Completed
CUST03057,Mary Johnson,Owerri,34,Office Supplies,107341.33,Completed
CUST03058,John Ibrahim,Port Harcourt,22,Books,2928.52,Completed
CUST03059,Tolu Okeke,Port Harcourt,28,Sports,145009.85,Completed
CUST03060,Joseph Akinyemi,Kano,52,Accessories,31286.3,Completed
CUST03061,Peter Johnson,Kano,52,Home Appliances,133187.54,Completed
CUST03062,Joy Adeyemi,Calabar,45,Groceries,246253.48,Completed
CUST03063,Chioma Ogunleye,Kaduna,56,Office Supplies,17060.76,Completed
CUST03064,Victor Eze,Abuja,37,Clothing,53632.59,Returned
CUST03065,Peter Johnson,Benin City,60,Office Supplies,160033.25,Completed
CUST03066,Victor Williams,Owerri,44,Clothing,58181.41,Completed
CUST03067,Sarah Okafor,Benin City,29,Furniture,10971.62,Completed
CUST03068,Mary Ogunleye,Abuja,43,Sports,194945.22,Pending
CUST03069,Zainab Abubakar,Benin City,35,Beauty,123910.6,Completed
CUST03070,Joy Obi,Enugu,38,Electronics,218263.65,Pending
CUST03071,Daniel Okafor,Warri,54,Home Appliances,100531.14,Completed
CUST03072,Kelechi Usman,Calabar,65,Clothing,193105.66,Completed
CUST03073,Daniel Sani,Abeokuta,54,Accessories,157630.97,Completed
CUST03074,Zainab Okafor,Uyo,43,Books,208336.15,Completed
CUST03075,Daniel Eze,Kaduna,35,Home Appliances,129254.97,Processing
CUST03076,Amaka Johnson,Uyo,38,Office Supplies,46197.37,Completed
CUST03077,Michael Nwosu,Abeokuta,45,Office Supplies,165800.41,Completed
CUST03078,Zainab Johnson,Owerri,55,Home Appliances,174127.41,Completed
CUST03079,Grace Ogunleye,Enugu,54,Beauty,172180.07,Returned
CUST03080,David Mohammed,Ilorin,34,Sports,200899.73,Completed
CUST03081,Tolu Sani,Port Harcourt,64,Office Supplies,169888.77,Completed
CUST03082,Ada Usman,Benin City,33,Home Appliances,222291.23,Completed
CUST03083,Tolu Eze,Kaduna,23,Home Appliances,170699.44,Completed
CUST03084,Victor Sani,Abeokuta,66,Accessories,201880.79,Completed
CUST03085,David Johnson,Enugu,63,Groceries,25024.58,Completed
CUST03086,David Olawale,Ilorin,21,Home Appliances,121389.89,Completed
CUST03087,Joy Udo,Kano,69,Groceries,74695.88,Processing
CUST03088,Daniel Abubakar,Lagos,36,Home Appliances,249660.04,Pending
CUST03089,Daniel Onyeka,Ilorin,45,Home Appliances,124388.42,Completed
CUST03090,Amaka Akinyemi,Kano,28,Electronics,205052.34,Processing
CUST03091,David Akinyemi,Uyo,41,Books,189072.67,Completed
CUST03092,Musa Okafor,Ilorin,46,Beauty,192007.15,Processing
CUST03093,Yusuf Ogunleye,Warri,56,Electronics,106302.24,Completed
CUST03094,Amaka Olawale,Kano,69,Home Appliances,218974.51,Cancelled
CUST03095,Ruth Abubakar,Warri,44,Sports,175157.09,Completed
CUST03096,Michael Mohammed,Ilorin,56,Sports,57244.81,Completed
CUST03097,Ibrahim Akinyemi,Port Harcourt,29,Clothing,43747.6,Completed
CUST03098,Kelechi Bello,Enugu,48,Books,77671.3,Completed
CUST03099,David Sani,Abuja,42,Electronics,25936.48,Completed
CUST03100,Ibrahim Obi,Abuja,41,Accessories,203826.0,Completed
CUST03101,Amaka Ogunleye,Jos,42,Electronics,1554.67,Processing
CUST03102,Mary Okafor,Abuja,48,Office Supplies,129079.69,Completed
CUST03103,Ibrahim Usman,Abeokuta,26,Furniture,218657.84,Completed
CUST03104,Joy Olawale,Kaduna,68,Electronics,232748.07,Completed
CUST03105,Chioma Akinyemi,Warri,34,Groceries,159657.55,Completed
CUST03106,Chioma Obi,Calabar,28,Electronics,50992.64,Completed
CUST03107,Hauwa Usman,Benin City,32,Home Appliances,86446.16,Completed
CUST03108,Michael Onyeka,Lagos,47,Accessories,87604.84,Cancelled
CUST03109,Ifeoma Olawale,Kano,50,Groceries,77457.99,Completed
CUST03110,Mary Johnson,Abeokuta,38,Beauty,90523.24,Cancelled
CUST03111,Daniel Adeyemi,Lagos,61,Home Appliances,63634.81,Pending
CUST03112,Grace Bello,Benin City,65,Groceries,217470.84,Returned
CUST03113,Emeka Obi,Port Harcourt,30,Groceries,233665.32,Processing
CUST03114,Grace Onyeka,Ilorin,66,Books,170550.97,Pending
CUST03115,Victor Eze,Kaduna,46,Home Appliances,191045.21,Completed
CUST03116,Grace Abubakar,Kaduna,28,Electronics,47927.25,Returned
CUST03117,Mary Okeke,Jos,28,Clothing,224437.37,Completed
CUST03118,Adebayo Onyeka,Lagos,69,Clothing,151694.96,Completed
CUST03119,Fatima Adeyemi,Kano,39,Furniture,8324.21,Completed
CUST03120,Amaka Johnson,Benin City,64,Accessories,125772.75,Completed
CUST03121,Joy Johnson,Benin City,32,Beauty,2978.53,Returned
CUST03122,Ruth Obi,Abeokuta,22,Home Appliances,110149.38,Completed
CUST03123,John Eze,Uyo,45,Sports,247224.92,Completed
CUST03124,Daniel Olawale,Kano,34,Home Appliances,13395.46,Completed
CUST03125,Victor Onyeka,Calabar,41,Clothing,118790.98,Completed
CUST03126,Samuel Onyeka,Abuja,18,Sports,60249.87,Completed
CUST03127,Chioma Onyeka,Kaduna,50,Accessories,165276.09,Returned
CUST03128,Hauwa Okeke,Warri,57,Office Supplies,144830.45,Processing
CUST03129,John Ogunleye,Warri,27,Office Supplies,15253.69,Processing
CUST03130,David Usman,Ilorin,62,Groceries,209381.67,Completed
CUST03131,Victor Bello,Jos,26,Beauty,94226.12,Completed
CUST03132,Emeka Sani,Abeokuta,65,Home Appliances,177625.39,Completed
CUST03133,Chioma Williams,Uyo,53,Furniture,148108.41,Completed
CUST03134,Fatima Johnson,Ilorin,68,Clothing,37758.2,Completed
CUST03135,Joseph Onyeka,Kaduna,19,Home Appliances,229989.66,Completed
CUST03136,Musa Udo,Ibadan,29,Accessories,216736.84,Processing
CUST03137,Ibrahim Udo,Abeokuta,31,Groceries,36447.78,Completed
CUST03138,Tolu Okafor,Port Harcourt,32,Groceries,222243.69,Completed
CUST03139,Ibrahim Ogunleye,Enugu,47,Home Appliances,94866.12,Completed
CUST03140,Adebayo Ogunleye,Uyo,58,Office Supplies,167876.47,Completed
CUST03141,Amaka Usman,Owerri,42,Clothing,2825.74,Completed
CUST03142,Grace Williams,Benin City,42,Clothing,72208.75,Processing
CUST03143,Fatima Onyeka,Kano,38,Furniture,160297.29,Completed
CUST03144,John Adeyemi,Warri,48,Beauty,105299.51,Cancelled
CUST03145,Ruth Onyeka,Jos,26,Furniture,78732.59,Completed
CUST03146,Peter Mohammed,Uyo,61,Clothing,8741.43,Completed
CUST03147,Kelechi Okafor,Kaduna,66,Home Appliances,229001.92,Completed
CUST03148,Victor Nwosu,Benin City,65,Office Supplies,94812.87,Returned
CUST03149,David Okafor,Calabar,62,Electronics,108992.02,Processing
CUST03150,Ada Okeke,Enugu,35,Clothing,18479.59,Processing
CUST03151,Michael Olawale,Kano,23,Clothing,176027.31,Processing
CUST03152,Fatima Ibrahim,Lagos,69,Books,135424.92,Completed
CUST03153,Joy Udo,Kano,67,Office Supplies,117371.71,Completed
CUST03154,Adebayo Olawale,Warri,53,Furniture,107488.38,Completed
CUST03155,Grace Onyeka,Port Harcourt,42,Accessories,181410.76,Completed
CUST03156,Michael Abubakar,Enugu,56,Books,196233.29,Completed
CUST03157,Mary Akinyemi,Abeokuta,53,Accessories,224429.08,Completed
CUST03158,Blessing Ogunleye,Jos,60,Books,195402.78,Completed
CUST03159,Adebayo Olawale,Warri,55,Home Appliances,45173.01,Completed
CUST03160,Emeka Udo,Kaduna,42,Electronics,173311.03,Completed
CUST03161,Adebayo Eze,Port Harcourt,45,Sports,113651.67,Processing
CUST03162,John Udo,Abeokuta,29,Home Appliances,3697.77,Processing
CUST03163,Mary Okafor,Warri,54,Sports,233632.72,Processing
CUST03164,Amaka Bello,Benin City,39,Accessories,78605.79,Processing
CUST03165,Samuel Usman,Kaduna,36,Clothing,167749.28,Completed
CUST03166,Grace Okeke,Ilorin,29,Clothing,24165.58,Pending
CUST03167,Victor Onyeka,Port Harcourt,35,Clothing,152147.7,Completed
CUST03168,Chioma Akinyemi,Kano,29,Groceries,35249.8,Processing
CUST03169,David Ogunleye,Ilorin,22,Books,13372.31,Pending
CUST03170,Zainab Nwosu,Owerri,64,Sports,66618.6,Completed
CUST03171,Victor Onyeka,Benin City,61,Beauty,93227.78,Returned
CUST03172,Chukwu Mohammed,Enugu,67,Accessories,31626.6,Returned
CUST03173,Chioma Balogun,Uyo,41,Books,207630.37,Pending
CUST03174,Adebayo Adeyemi,Abuja,58,Home Appliances,54908.83,Pending
CUST03175,David Akinyemi,Kano,21,Books,42939.98,Returned
CUST03176,Daniel Usman,Port Harcourt,50,Groceries,229887.61,Completed
CUST03177,Musa Nwosu,Lagos,21,Clothing,121381.57,Pending
CUST03178,Zainab Ogunleye,Port Harcourt,28,Beauty,179276.26,Completed
CUST03179,Chioma Akinyemi,Abuja,42,Accessories,231050.89,Cancelled
CUST03180,Esther Okafor,Kaduna,22,Electronics,196580.64,Processing
CUST03181,Joseph Adeyemi,Abuja,25,Office Supplies,92966.08,Completed
CUST03182,Ifeoma Bello,Calabar,69,Clothing,245264.19,Pending
CUST03183,David Abubakar,Enugu,23,Electronics,185973.45,Completed
CUST03184,Victor Bello,Lagos,70,Office Supplies,34062.67,Completed
CUST03185,Samuel Eze,Warri,45,Office Supplies,78494.68,Completed
CUST03186,Blessing Nwosu,Calabar,62,Clothing,219317.21,Completed
CUST03187,Grace Onyeka,Owerri,38,Beauty,56770.16,Pending
CUST03188,Amaka Udo,Abeokuta,47,Home Appliances,148284.69,Completed
CUST03189,Ruth Akinyemi,Benin City,26,Office Supplies,64291.28,Processing
CUST03190,Kelechi Obi,Enugu,64,Clothing,239835.06,Cancelled
CUST03191,John Balogun,Kaduna,30,Beauty,202738.92,Completed
CUST03192,Musa Eze,Lagos,34,Sports,11374.85,Completed
CUST03193,Mary Sani,Enugu,32,Groceries,17203.47,Processing
CUST03194,Yusuf Olawale,Kaduna,34,Accessories,190991.12,Returned
CUST03195,David Balogun,Enugu,51,Electronics,101422.75,Completed
CUST03196,Mary Akinyemi,Lagos,65,Home Appliances,111964.97,Completed
CUST03197,Fatima Nwosu,Calabar,37,Accessories,125857.37,Completed
CUST03198,Ifeoma Mohammed,Warri,32,Home Appliances,230286.31,Cancelled
CUST03199,Joseph Ibrahim,Enugu,26,Accessories,11882.02,Completed
CUST03200,Samuel Bello,Calabar,35,Electronics,98383.55,Completed
CUST03201,David Olawale,Abuja,41,Home Appliances,39884.95,Completed
CUST03202,Hauwa Okafor,Ilorin,20,Accessories,234230.91,Processing
CUST03203,David Obi,Lagos,49,Beauty,182661.7,Pending
CUST03204,Joy Obi,Calabar,32,Clothing,237761.72,Processing
CUST03205,Samuel Ogunleye,Enugu,24,Office Supplies,246570.4,Completed
CUST03206,David Ibrahim,Owerri,46,Home Appliances,13519.5,Pending
CUST03207,Ifeoma Okafor,Enugu,63,Office Supplies,92752.99,Completed
CUST03208,Victor Nwosu,Owerri,23,Groceries,249552.77,Processing
CUST03209,Ada Balogun,Port Harcourt,46,Sports,196238.77,Processing
CUST03210,Esther Adeyemi,Lagos,28,Home Appliances,189892.65,Pending
CUST03211,Chukwu Eze,Benin City,25,Sports,53669.33,Pending
CUST03212,Ifeoma Olawale,Warri,59,Office Supplies,64925.93,Pending
CUST03213,Joy Mohammed,Lagos,46,Beauty,10980.38,Returned
CUST03214,Tolu Bello,Owerri,30,Groceries,115937.31,Completed
CUST03215,Zainab Olawale,Owerri,65,Office Supplies,168526.0,Pending
CUST03216,Zainab Johnson,Jos,66,Clothing,12059.92,Processing
CUST03217,Grace Sani,Ibadan,37,Electronics,50835.78,Processing
CUST03218,Tolu Okafor,Kano,40,Groceries,234423.48,Returned
CUST03219,Sarah Adeyemi,Abeokuta,57,Beauty,16125.76,Completed
CUST03220,Joseph Sani,Calabar,24,Furniture,247621.65,Completed
CUST03221,Joy Sani,Calabar,29,Accessories,89809.56,Cancelled
CUST03222,Fatima Olawale,Jos,54,Sports,36648.32,Completed
CUST03223,Emeka Adeyemi,Lagos,44,Books,142359.39,Completed
CUST03224,Joseph Okafor,Enugu,54,Home Appliances,235727.58,Processing
CUST03225,Mary Adeyemi,Abuja,52,Home Appliances,179289.28,Completed
CUST03226,Chukwu Johnson,Kaduna,50,Beauty,173604.69,Completed
CUST03227,Musa Williams,Jos,30,Office Supplies,212073.31,Completed
CUST03228,Ibrahim Olawale,Uyo,32,Electronics,719.7,Completed
CUST03229,Michael Abubakar,Benin City,38,Electronics,54511.1,Pending
CUST03230,Victor Okafor,Abuja,49,Furniture,246342.42,Completed
CUST03231,Chioma Okeke,Port Harcourt,36,Clothing,114858.14,Completed
CUST03232,Peter Adeyemi,Jos,29,Office Supplies,175621.55,Completed
CUST03233,Amaka Johnson,Kano,39,Clothing,17459.26,Pending
CUST03234,Chukwu Udo,Lagos,59,Home Appliances,209736.59,Completed
CUST03235,Fatima Okafor,Jos,66,Accessories,138957.57,Completed
CUST03236,Daniel Johnson,Lagos,27,Clothing,22119.35,Completed
CUST03237,Fatima Balogun,Ilorin,18,Beauty,224098.77,Completed
CUST03238,Zainab Bello,Benin City,66,Office Supplies,139131.98,Processing
CUST03239,Samuel Mohammed,Uyo,54,Groceries,21954.52,Completed
CUST03240,Peter Akinyemi,Kano,28,Home Appliances,11630.39,Processing
CUST03241,Fatima Akinyemi,Jos,69,Groceries,199339.94,Processing
CUST03242,Chioma Bello,Benin City,40,Accessories,46654.99,Completed
CUST03243,Samuel Okafor,Owerri,56,Groceries,299.32,Completed
CUST03244,Emeka Olawale,Uyo,28,Furniture,178430.72,Completed
CUST03245,Ifeoma Williams,Enugu,62,Groceries,24766.19,Cancelled
CUST03246,Hauwa Abubakar,Abuja,40,Accessories,196424.44,Completed
CUST03247,Zainab Usman,Owerri,18,Sports,141396.71,Completed
CUST03248,Kelechi Obi,Abeokuta,45,Furniture,133894.25,Completed
CUST03249,Mary Eze,Owerri,55,Sports,142254.54,Completed
CUST03250,Blessing Abubakar,Owerri,62,Clothing,95445.39,Completed
CUST03251,Ibrahim Adeyemi,Warri,67,Sports,229294.03,Completed
CUST03252,Kelechi Sani,Uyo,31,Clothing,136883.54,Completed
CUST03253,Chioma Ogunleye,Calabar,55,Books,224806.19,Cancelled
CUST03254,Daniel Mohammed,Calabar,37,Electronics,164347.7,Processing
CUST03255,Chioma Abubakar,Owerri,66,Books,40649.33,Completed
CUST03256,Mary Williams,Ilorin,36,Accessories,31887.02,Processing
CUST03257,Fatima Balogun,Jos,27,Electronics,63009.21,Completed
CUST03258,Blessing Nwosu,Jos,31,Groceries,231140.58,Returned
CUST03259,Hauwa Obi,Abuja,44,Sports,144329.15,Pending
CUST03260,Ibrahim Okafor,Jos,26,Electronics,31916.98,Pending
CUST03261,Chukwu Nwosu,Calabar,63,Groceries,54773.9,Completed
CUST03262,Ibrahim Bello,Kaduna,40,Groceries,173870.76,Completed
CUST03263,Esther Williams,Lagos,67,Groceries,125846.95,Completed
CUST03264,Musa Adeyemi,Enugu,34,Home Appliances,49280.44,Pending
CUST03265,Victor Adeyemi,Benin City,63,Office Supplies,57721.51,Returned
CUST03266,Samuel Bello,Benin City,43,Office Supplies,24011.05,Completed
CUST03267,Chioma Eze,Jos,19,Groceries,247667.32,Completed
CUST03268,Ada Eze,Kaduna,37,Home Appliances,216300.65,Completed
CUST03269,Ifeoma Udo,Owerri,51,Furniture,29854.93,Cancelled
CUST03270,Daniel Johnson,Uyo,65,Accessories,205298.96,Completed
CUST03271,Michael Okeke,Port Harcourt,27,Office Supplies,20312.94,Returned
CUST03272,Tolu Akinyemi,Kaduna,18,Accessories,13992.87,Completed
CUST03273,Musa Olawale,Uyo,44,Home Appliances,115139.63,Cancelled
CUST03274,Musa Adeyemi,Enugu,32,Home Appliances,232467.14,Completed
CUST03275,John Okeke,Benin City,41,Electronics,75816.59,Completed
CUST03276,Kelechi Nwosu,Kano,59,Electronics,110257.79,Completed
CUST03277,Yusuf Ibrahim,Ilorin,67,Furniture,179327.0,Completed
CUST03278,Esther Okafor,Kano,59,Office Supplies,94247.78,Completed
CUST03279,Chioma Abubakar,Enugu,26,Home Appliances,220519.0,Completed
CUST03280,Grace Balogun,Kano,31,Home Appliances,166374.51,Processing
CUST03281,Hauwa Mohammed,Jos,53,Sports,66657.1,Completed
CUST03282,Ada Ogunleye,Uyo,50,Electronics,133461.89,Completed
CUST03283,Joy Sani,Abuja,65,Office Supplies,232578.03,Completed
CUST03284,Fatima Ibrahim,Calabar,70,Clothing,164512.3,Completed
CUST03285,Michael Nwosu,Ibadan,30,Accessories,84725.4,Completed
CUST03286,Chioma Ibrahim,Kaduna,29,Sports,166685.94,Completed
CUST03287,Fatima Johnson,Ibadan,34,Furniture,237342.23,Completed
CUST03288,Ibrahim Johnson,Abuja,23,Sports,212088.66,Completed
CUST03289,Michael Okafor,Benin City,64,Beauty,92464.49,Completed
CUST03290,Hauwa Okeke,Calabar,62,Office Supplies,168793.0,Completed
CUST03291,Amaka Bello,Enugu,55,Beauty,180443.38,Processing
CUST03292,Zainab Mohammed,Ibadan,41,Furniture,109160.62,Completed
CUST03293,Ruth Nwosu,Enugu,42,Office Supplies,194235.76,Completed
CUST03294,Amaka Eze,Enugu,31,Beauty,31640.13,Completed
CUST03295,Grace Olawale,Lagos,52,Electronics,143182.31,Processing
CUST03296,Zainab Sani,Calabar,37,Accessories,21907.4,Completed
CUST03297,Kelechi Okeke,Ilorin,27,Sports,196637.18,Completed
CUST03298,Michael Okeke,Kano,46,Groceries,28232.6,Processing
CUST03299,Adebayo Bello,Uyo,35,Groceries,59918.34,Cancelled
CUST03300,Peter Obi,Kano,29,Home Appliances,30656.89,Cancelled
CUST03301,Chukwu Nwosu,Jos,52,Office Supplies,48873.45,Cancelled
CUST03302,Ifeoma Akinyemi,Uyo,25,Beauty,194193.47,Processing
CUST03303,Yusuf Adeyemi,Kaduna,54,Home Appliances,55022.18,Cancelled
CUST03304,Fatima Obi,Calabar,61,Electronics,7521.17,Pending
CUST03305,Hauwa Obi,Kaduna,51,Sports,229940.14,Completed
CUST03306,Tolu Eze,Benin City,64,Accessories,111672.37,Processing
CUST03307,Mary Nwosu,Benin City,28,Furniture,90702.96,Processing
CUST03308,Daniel Abubakar,Enugu,50,Books,64958.9,Returned
CUST03309,Joseph Usman,Lagos,25,Books,48519.04,Processing
CUST03310,Ruth Okafor,Owerri,51,Home Appliances,199163.24,Returned
CUST03311,Victor Balogun,Ibadan,46,Books,113255.26,Completed
CUST03312,Michael Mohammed,Enugu,30,Furniture,117020.94,Completed
CUST03313,Zainab Adeyemi,Jos,70,Electronics,231251.97,Pending
CUST03314,Esther Balogun,Uyo,46,Accessories,15743.88,Processing
CUST03315,Esther Mohammed,Jos,51,Electronics,9115.73,Processing
CUST03316,Blessing Abubakar,Owerri,26,Clothing,77314.46,Completed
CUST03317,Ada Williams,Abuja,45,Electronics,151063.72,Completed
CUST03318,Peter Obi,Warri,31,Home Appliances,132283.42,Pending
CUST03319,Emeka Usman,Port Harcourt,20,Furniture,30427.74,Completed
CUST03320,Esther Olawale,Owerri,27,Accessories,193896.97,Completed
CUST03321,Hauwa Okafor,Ilorin,59,Groceries,143913.98,Pending
CUST03322,Blessing Johnson,Benin City,26,Sports,241590.89,Completed
CUST03323,Musa Williams,Calabar,33,Groceries,42264.77,Pending
CUST03324,Kelechi Bello,Ibadan,62,Office Supplies,47546.28,Completed
CUST03325,Joy Abubakar,Lagos,36,Sports,213219.7,Pending
CUST03326,Victor Johnson,Warri,40,Furniture,32322.43,Completed
CUST03327,Emeka Ogunleye,Benin City,20,Books,99289.08,Processing
CUST03328,Mary Bello,Lagos,50,Groceries,97287.76,Completed
CUST03329,Tolu Ogunleye,Warri,28,Furniture,95298.72,Completed
CUST03330,Blessing Obi,Port Harcourt,43,Clothing,88571.33,Returned
CUST03331,Victor Onyeka,Ibadan,53,Accessories,158039.2,Completed
CUST03332,Emeka Usman,Jos,68,Home Appliances,230762.64,Cancelled
CUST03333,Mary Nwosu,Warri,43,Books,50096.02,Completed
CUST03334,Daniel Balogun,Port Harcourt,31,Furniture,245538.52,Processing
CUST03335,Chioma Abubakar,Calabar,63,Accessories,4246.41,Completed
CUST03336,Joy Ibrahim,Kano,27,Sports,140064.27,Pending
CUST03337,Hauwa Udo,Port Harcourt,63,Groceries,44680.09,Processing
CUST03338,Michael Adeyemi,Enugu,29,Office Supplies,248225.87,Completed
CUST03339,Esther Adeyemi,Calabar,42,Furniture,208283.2,Pending
CUST03340,Hauwa Usman,Uyo,69,Furniture,16690.61,Pending
CUST03341,Mary Adeyemi,Kano,43,Books,68963.03,Returned
CUST03342,Adebayo Usman,Jos,38,Furniture,214196.54,Processing
CUST03343,Kelechi Obi,Jos,53,Sports,37145.57,Processing
CUST03344,Emeka Johnson,Warri,42,Groceries,100338.13,Completed
CUST03345,Amaka Ibrahim,Jos,43,Furniture,142738.37,Pending
CUST03346,Ada Olawale,Enugu,22,Sports,182631.13,Cancelled
CUST03347,Chukwu Olawale,Benin City,34,Office Supplies,18203.55,Completed
CUST03348,Joseph Eze,Benin City,23,Home Appliances,244339.06,Completed
CUST03349,Emeka Udo,Warri,61,Sports,82503.83,Completed
CUST03350,Peter Eze,Ilorin,64,Home Appliances,148116.46,Completed
CUST03351,David Bello,Abeokuta,49,Sports,201218.26,Completed
CUST03352,Amaka Okafor,Warri,26,Electronics,63423.89,Completed
CUST03353,Ifeoma Okafor,Abuja,57,Books,24046.09,Pending
CUST03354,Emeka Balogun,Kano,22,Furniture,142904.12,Cancelled
CUST03355,Sarah Sani,Enugu,47,Accessories,141643.21,Completed
CUST03356,Chukwu Udo,Abeokuta,48,Furniture,18571.48,Completed
CUST03357,Musa Usman,Ibadan,23,Office Supplies,246272.86,Completed
CUST03358,Samuel Okeke,Jos,66,Electronics,115109.06,Completed
CUST03359,Peter Ogunleye,Abeokuta,57,Books,162195.87,Completed
CUST03360,Fatima Williams,Jos,61,Office Supplies,225029.8,Pending
CUST03361,Grace Williams,Abuja,56,Clothing,157500.57,Completed
CUST03362,Grace Williams,Lagos,50,Office Supplies,159242.63,Completed
CUST03363,Tolu Balogun,Lagos,28,Clothing,146533.72,Completed
CUST03364,Adebayo Olawale,Kaduna,69,Home Appliances,68090.05,Completed
CUST03365,Joseph Bello,Warri,36,Books,1746.74,Completed
CUST03366,Chioma Akinyemi,Abeokuta,47,Home Appliances,76559.93,Completed
CUST03367,Kelechi Akinyemi,Kaduna,43,Beauty,143109.65,Completed
CUST03368,Zainab Ibrahim,Calabar,23,Home Appliances,204058.53,Completed
CUST03369,Esther Akinyemi,Owerri,20,Beauty,214478.79,Completed
CUST03370,Sarah Johnson,Benin City,38,Furniture,117578.19,Completed
CUST03371,Hauwa Okeke,Kano,54,Home Appliances,154124.26,Processing
CUST03372,Samuel Eze,Abuja,58,Office Supplies,162527.21,Completed
CUST03373,Ibrahim Okeke,Ibadan,38,Furniture,12410.1,Completed
CUST03374,Samuel Okafor,Port Harcourt,41,Sports,27552.74,Completed
CUST03375,Samuel Akinyemi,Jos,31,Home Appliances,74944.92,Processing
CUST03376,Ruth Mohammed,Ilorin,36,Accessories,155200.71,Completed
CUST03377,Peter Mohammed,Ilorin,43,Sports,230652.75,Completed
CUST03378,Sarah Johnson,Kano,39,Beauty,218667.88,Processing
CUST03379,Grace Johnson,Kano,63,Beauty,196396.51,Cancelled
CUST03380,Grace Sani,Abuja,43,Office Supplies,232002.56,Completed
CUST03381,Kelechi Sani,Ibadan,63,Beauty,68965.09,Completed
CUST03382,Fatima Udo,Calabar,35,Home Appliances,65966.99,Completed
CUST03383,Ada Onyeka,Port Harcourt,27,Furniture,11959.86,Completed
CUST03384,Sarah Balogun,Ilorin,64,Books,180893.42,Completed
CUST03385,Peter Onyeka,Jos,67,Accessories,145669.66,Processing
CUST03386,Tolu Johnson,Port Harcourt,24,Electronics,249426.65,Cancelled
CUST03387,Samuel Balogun,Lagos,62,Groceries,28808.0,Completed
CUST03388,Chukwu Usman,Benin City,37,Accessories,86953.22,Completed
CUST03389,Ibrahim Akinyemi,Benin City,39,Books,200093.22,Completed
CUST03390,Kelechi Balogun,Lagos,33,Electronics,10751.61,Completed
CUST03391,Sarah Ibrahim,Enugu,22,Groceries,180890.54,Completed
CUST03392,Chukwu Okafor,Port Harcourt,65,Sports,26681.36,Cancelled
CUST03393,Yusuf Bello,Benin City,43,Sports,132203.03,Completed
CUST03394,Yusuf Mohammed,Ilorin,39,Books,240961.49,Completed
CUST03395,Sarah Eze,Calabar,54,Office Supplies,54619.76,Completed
CUST03396,Ibrahim Olawale,Abeokuta,37,Furniture,64862.24,Completed
CUST03397,Michael Johnson,Abuja,22,Furniture,233638.84,Completed
CUST03398,Chukwu Williams,Kano,29,Furniture,207207.67,Completed
CUST03399,Ada Balogun,Lagos,33,Furniture,77524.09,Completed
CUST03400,Daniel Akinyemi,Ibadan,59,Clothing,4703.67,Completed
CUST03401,Samuel Udo,Enugu,50,Home Appliances,195363.2,Completed
CUST03402,Adebayo Adeyemi,Abeokuta,68,Sports,177696.14,Processing
CUST03403,Peter Nwosu,Enugu,66,Office Supplies,239816.84,Completed
CUST03404,Amaka Eze,Jos,60,Books,109552.59,Completed
CUST03405,Samuel Nwosu,Ibadan,20,Beauty,51979.63,Completed
CUST03406,Chioma Johnson,Abeokuta,68,Sports,236813.61,Completed
CUST03407,Victor Onyeka,Ilorin,35,Home Appliances,97726.09,Completed
CUST03408,Kelechi Mohammed,Owerri,66,Groceries,49762.61,Completed
CUST03409,Chioma Sani,Warri,32,Electronics,34094.64,Completed
CUST03410,Michael Udo,Abuja,31,Furniture,219456.73,Completed
CUST03411,Fatima Williams,Kano,44,Books,110257.28,Pending
CUST03412,Tolu Akinyemi,Warri,47,Sports,233205.35,Completed
CUST03413,Ruth Akinyemi,Port Harcourt,67,Books,152427.89,Completed
CUST03414,Victor Mohammed,Ibadan,65,Electronics,43410.86,Pending
CUST03415,Yusuf Adeyemi,Abuja,29,Furniture,183685.66,Completed
CUST03416,Daniel Usman,Port Harcourt,33,Electronics,54215.79,Pending
CUST03417,Amaka Balogun,Lagos,26,Accessories,74018.88,Completed
CUST03418,Amaka Udo,Warri,65,Electronics,22739.47,Pending
CUST03419,Ifeoma Balogun,Kano,21,Sports,14645.96,Cancelled
CUST03420,Hauwa Akinyemi,Calabar,34,Accessories,115655.92,Cancelled
CUST03421,Tolu Usman,Jos,58,Books,80295.7,Completed
CUST03422,Tolu Sani,Warri,56,Groceries,231416.69,Completed
CUST03423,Esther Onyeka,Ibadan,52,Books,38542.69,Pending
CUST03424,Joseph Balogun,Benin City,50,Clothing,44990.18,Completed
CUST03425,Chukwu Udo,Warri,62,Sports,96334.71,Cancelled
CUST03426,Grace Nwosu,Calabar,50,Groceries,236789.9,Completed
CUST03427,Joseph Williams,Kaduna,54,Clothing,198612.43,Completed
CUST03428,Emeka Eze,Lagos,25,Accessories,114485.95,Completed
CUST03429,Fatima Olawale,Owerri,53,Home Appliances,201840.42,Cancelled
CUST03430,Chukwu Eze,Kaduna,21,Books,72854.73,Completed
CUST03431,Joseph Johnson,Ilorin,27,Sports,25914.66,Processing
CUST03432,Joy Nwosu,Owerri,40,Groceries,149554.45,Pending
CUST03433,Musa Obi,Kaduna,24,Groceries,43896.33,Processing
CUST03434,Michael Nwosu,Ibadan,32,Accessories,113614.52,Completed
CUST03435,Esther Ibrahim,Port Harcourt,27,Clothing,93935.73,Completed
CUST03436,David Nwosu,Ilorin,59,Home Appliances,212503.09,Completed
CUST03437,Yusuf Okafor,Owerri,52,Furniture,50609.11,Completed
CUST03438,Grace Bello,Calabar,19,Beauty,125563.28,Completed
CUST03439,John Sani,Ilorin,39,Electronics,67758.76,Completed
CUST03440,Ifeoma Okafor,Uyo,41,Office Supplies,170787.06,Cancelled
CUST03441,Ada Olawale,Abuja,57,Sports,47386.89,Pending
CUST03442,Blessing Nwosu,Ilorin,62,Groceries,99330.31,Pending
CUST03443,Yusuf Abubakar,Calabar,56,Sports,103543.36,Completed
CUST03444,Samuel Usman,Kaduna,38,Groceries,40025.49,Completed
CUST03445,Chioma Okafor,Enugu,23,Home Appliances,87338.69,Completed
CUST03446,Amaka Sani,Port Harcourt,19,Sports,143186.84,Processing
CUST03447,Chioma Udo,Kano,25,Clothing,80662.02,Returned
CUST03448,Zainab Akinyemi,Ibadan,20,Groceries,147863.31,Completed
CUST03449,Ada Udo,Enugu,32,Home Appliances,61109.83,Pending
CUST03450,Amaka Balogun,Jos,44,Groceries,206671.37,Pending
CUST03451,Ada Abubakar,Lagos,45,Home Appliances,19022.55,Pending
CUST03452,Joy Ogunleye,Lagos,59,Accessories,84927.12,Completed
CUST03453,Hauwa Obi,Ibadan,59,Accessories,190076.77,Completed
CUST03454,Daniel Udo,Abeokuta,32,Groceries,16081.48,Pending
CUST03455,Ifeoma Balogun,Abuja,29,Clothing,93044.0,Completed
CUST03456,Ada Obi,Owerri,41,Accessories,38434.58,Completed
CUST03457,Sarah Onyeka,Kaduna,43,Beauty,223410.03,Completed
CUST03458,Peter Obi,Abeokuta,38,Beauty,139079.1,Completed
CUST03459,Grace Ibrahim,Warri,26,Electronics,10668.99,Completed
CUST03460,Peter Ogunleye,Calabar,49,Books,159579.28,Completed
CUST03461,Victor Mohammed,Abeokuta,38,Home Appliances,159460.53,Completed
CUST03462,Ruth Okeke,Owerri,37,Clothing,148958.44,Pending
CUST03463,Yusuf Ibrahim,Jos,29,Clothing,152638.49,Pending
CUST03464,Sarah Balogun,Port Harcourt,22,Furniture,45775.86,Completed
CUST03465,Emeka Adeyemi,Kano,28,Office Supplies,63252.59,Completed
CUST03466,Tolu Ibrahim,Owerri,49,Accessories,229261.22,Completed
CUST03467,Ruth Obi,Abuja,48,Office Supplies,111642.21,Returned
CUST03468,Sarah Udo,Ilorin,56,Office Supplies,69439.33,Pending
CUST03469,Tolu Abubakar,Abeokuta,62,Furniture,27745.64,Completed
CUST03470,Chukwu Johnson,Calabar,45,Home Appliances,102470.09,Pending
CUST03471,Hauwa Abubakar,Owerri,18,Electronics,1370.53,Processing
CUST03472,Hauwa Abubakar,Abeokuta,39,Furniture,136004.36,Completed
CUST03473,Tolu Okafor,Benin City,58,Electronics,81676.2,Completed
CUST03474,Fatima Ogunleye,Calabar,33,Accessories,177453.35,Processing
CUST03475,Mary Abubakar,Calabar,44,Office Supplies,42749.75,Cancelled
CUST03476,Kelechi Sani,Lagos,21,Books,99541.94,Pending
CUST03477,Ifeoma Bello,Warri,45,Furniture,214452.2,Completed
CUST03478,Mary Williams,Calabar,50,Office Supplies,223241.88,Pending
CUST03479,Musa Williams,Ibadan,70,Books,101892.07,Cancelled
CUST03480,John Mohammed,Jos,25,Accessories,228264.91,Cancelled
CUST03481,Kelechi Okeke,Port Harcourt,43,Books,26211.09,Completed
CUST03482,Grace Obi,Lagos,22,Furniture,38784.26,Completed
CUST03483,Ifeoma Williams,Calabar,32,Office Supplies,38109.83,Pending
CUST03484,Ruth Ogunleye,Owerri,32,Sports,224430.43,Completed
CUST03485,Joy Eze,Abeokuta,48,Sports,177069.06,Cancelled
CUST03486,Ibrahim Okafor,Enugu,48,Books,96426.05,Pending
CUST03487,Sarah Olawale,Uyo,55,Groceries,1593.33,Processing
CUST03488,Mary Ogunleye,Abuja,59,Beauty,61859.39,Completed
CUST03489,Chioma Bello,Ilorin,46,Home Appliances,29216.8,Processing
CUST03490,Ibrahim Obi,Benin City,55,Home Appliances,144899.36,Completed
CUST03491,Fatima Onyeka,Owerri,37,Sports,165193.77,Completed
CUST03492,Ada Okafor,Owerri,70,Groceries,175381.26,Completed
CUST03493,Ibrahim Okeke,Abeokuta,42,Groceries,152918.6,Completed
CUST03494,Victor Obi,Port Harcourt,38,Books,51054.9,Completed
CUST03495,Peter Udo,Calabar,28,Sports,81554.42,Completed
CUST03496,Ada Akinyemi,Jos,58,Electronics,191004.97,Pending
CUST03497,Musa Balogun,Ilorin,56,Electronics,111276.83,Pending
CUST03498,Chioma Sani,Enugu,45,Office Supplies,247115.98,Completed
CUST03499,Kelechi Bello,Ilorin,57,Home Appliances,121120.69,Completed
CUST03500,Mary Sani,Kaduna,37,Books,63746.15,Completed
CUST03501,Joy Udo,Kano,43,Beauty,18840.11,Completed
CUST03502,Amaka Sani,Warri,50,Beauty,28158.33,Completed
CUST03503,Grace Bello,Abeokuta,58,Sports,51584.31,Pending
CUST03504,Mary Onyeka,Abuja,42,Beauty,194107.02,Completed
CUST03505,Daniel Ibrahim,Benin City,18,Office Supplies,41687.16,Pending
CUST03506,Amaka Okeke,Calabar,18,Sports,241214.02,Completed
CUST03507,Musa Adeyemi,Port Harcourt,43,Groceries,240295.84,Completed
CUST03508,Michael Ibrahim,Abeokuta,56,Electronics,4544.09,Completed
CUST03509,Daniel Onyeka,Uyo,34,Sports,130032.86,Cancelled
CUST03510,Adebayo Onyeka,Calabar,52,Office Supplies,138897.24,Returned
CUST03511,Amaka Adeyemi,Benin City,48,Beauty,166697.65,Completed
CUST03512,Fatima Sani,Ilorin,65,Books,65496.33,Returned
CUST03513,Tolu Onyeka,Benin City,44,Furniture,3666.86,Processing
CUST03514,Samuel Olawale,Calabar,18,Electronics,182.95,Completed
CUST03515,Esther Okeke,Warri,61,Home Appliances,25478.08,Processing
CUST03516,Kelechi Sani,Benin City,59,Furniture,4346.42,Processing
CUST03517,Esther Okeke,Kano,24,Accessories,65283.28,Completed
CUST03518,Victor Bello,Abeokuta,60,Beauty,108012.5,Completed
CUST03519,John Usman,Calabar,64,Electronics,163415.58,Completed
CUST03520,Ifeoma Akinyemi,Calabar,59,Electronics,7831.72,Pending
CUST03521,Yusuf Akinyemi,Benin City,62,Clothing,11925.17,Completed
CUST03522,Grace Ibrahim,Kano,26,Office Supplies,148836.62,Completed
CUST03523,Blessing Nwosu,Jos,39,Home Appliances,139667.56,Processing
CUST03524,Victor Olawale,Port Harcourt,37,Electronics,94473.01,Cancelled
CUST03525,Chioma Obi,Benin City,40,Office Supplies,149349.2,Returned
CUST03526,Chioma Mohammed,Calabar,45,Groceries,46079.59,Returned
CUST03527,Tolu Sani,Lagos,39,Furniture,53883.33,Pending
CUST03528,Ada Ibrahim,Kaduna,68,Electronics,64673.48,Completed
CUST03529,Musa Okeke,Kano,52,Beauty,171191.46,Completed
CUST03530,Joy Johnson,Ilorin,45,Sports,42701.35,Returned
CUST03531,Victor Johnson,Abeokuta,32,Sports,1551.51,Returned
CUST03532,Chioma Ibrahim,Benin City,64,Sports,54559.89,Completed
CUST03533,Victor Sani,Lagos,18,Furniture,98611.75,Pending
CUST03534,Emeka Eze,Calabar,63,Books,59226.22,Cancelled
CUST03535,Chioma Bello,Kaduna,28,Home Appliances,193105.91,Completed
CUST03536,Mary Johnson,Ilorin,40,Accessories,80263.23,Pending
CUST03537,Mary Mohammed,Port Harcourt,29,Office Supplies,167156.63,Completed
CUST03538,Victor Olawale,Port Harcourt,63,Sports,25373.25,Completed
CUST03539,John Mohammed,Kaduna,41,Office Supplies,21031.25,Completed
CUST03540,David Adeyemi,Abeokuta,58,Electronics,90834.12,Completed
CUST03541,Daniel Bello,Kaduna,37,Beauty,117917.19,Cancelled
CUST03542,Joseph Williams,Benin City,67,Groceries,74408.34,Returned
CUST03543,Hauwa Ibrahim,Abuja,68,Books,29792.65,Completed
CUST03544,Ibrahim Udo,Kaduna,30,Beauty,72364.01,Processing
CUST03545,Yusuf Adeyemi,Benin City,32,Books,127648.51,Completed
CUST03546,Yusuf Obi,Abeokuta,31,Home Appliances,20809.39,Cancelled
CUST03547,Ibrahim Williams,Ibadan,70,Accessories,229613.08,Processing
CUST03548,Sarah Adeyemi,Abeokuta,48,Accessories,133748.6,Completed
CUST03549,Zainab Onyeka,Abuja,40,Groceries,119992.76,Completed
CUST03550,Adebayo Ibrahim,Uyo,53,Home Appliances,46009.02,Pending
CUST03551,David Abubakar,Abuja,46,Beauty,102163.21,Returned
CUST03552,Yusuf Mohammed,Owerri,32,Books,203046.65,Cancelled
CUST03553,Chukwu Obi,Abeokuta,54,Clothing,89076.21,Pending
CUST03554,Yusuf Ibrahim,Kano,42,Books,21928.4,Completed
CUST03555,Hauwa Okeke,Calabar,28,Office Supplies,202272.82,Completed
CUST03556,Emeka Ibrahim,Ibadan,31,Home Appliances,34159.52,Completed
CUST03557,Daniel Okeke,Jos,68,Home Appliances,65516.73,Processing
CUST03558,Chukwu Sani,Ilorin,54,Office Supplies,197579.4,Pending
CUST03559,Tolu Adeyemi,Abeokuta,56,Accessories,85087.58,Completed
CUST03560,Adebayo Onyeka,Calabar,32,Sports,40952.36,Pending
CUST03561,Mary Sani,Enugu,60,Accessories,72645.08,Completed
CUST03562,Joseph Ibrahim,Enugu,35,Accessories,194125.33,Completed
CUST03563,Kelechi Sani,Owerri,47,Office Supplies,92693.77,Completed
CUST03564,Zainab Olawale,Uyo,67,Books,82165.14,Pending
CUST03565,Esther Ogunleye,Port Harcourt,51,Clothing,210650.69,Completed
CUST03566,Chioma Eze,Kaduna,65,Office Supplies,115703.62,Completed
CUST03567,Ada Eze,Uyo,26,Beauty,132215.85,Completed
CUST03568,Joy Bello,Calabar,23,Books,3621.82,Completed
CUST03569,Peter Ogunleye,Kano,34,Sports,202726.02,Cancelled
CUST03570,Amaka Williams,Enugu,49,Groceries,130780.0,Completed
CUST03571,John Obi,Abuja,29,Furniture,159557.88,Completed
CUST03572,John Mohammed,Warri,45,Accessories,28541.38,Completed
CUST03573,Fatima Sani,Kaduna,52,Clothing,68793.68,Processing
CUST03574,Peter Okafor,Calabar,70,Electronics,184478.68,Completed
CUST03575,Zainab Udo,Jos,28,Clothing,111337.59,Completed
CUST03576,Esther Mohammed,Port Harcourt,53,Home Appliances,231154.8,Completed
CUST03577,Fatima Olawale,Abuja,58,Sports,186134.77,Completed
CUST03578,Adebayo Bello,Owerri,18,Sports,48809.84,Pending
CUST03579,Adebayo Obi,Abuja,54,Furniture,196821.52,Completed
CUST03580,Fatima Onyeka,Port Harcourt,54,Books,76860.76,Pending
CUST03581,David Olawale,Abuja,33,Home Appliances,10589.58,Completed
CUST03582,John Mohammed,Uyo,52,Clothing,213899.92,Pending
CUST03583,Chukwu Ibrahim,Benin City,21,Groceries,74851.73,Pending
CUST03584,Yusuf Okeke,Abuja,39,Accessories,124059.93,Completed
CUST03585,Michael Balogun,Calabar,46,Clothing,54277.81,Completed
CUST03586,Hauwa Sani,Enugu,54,Furniture,52266.22,Completed
CUST03587,Joy Adeyemi,Owerri,18,Sports,136149.55,Processing
CUST03588,Kelechi Akinyemi,Abuja,41,Beauty,112604.43,Completed
CUST03589,Joseph Mohammed,Uyo,42,Home Appliances,59871.21,Completed
CUST03590,Ifeoma Olawale,Benin City,68,Clothing,25337.97,Completed
CUST03591,Michael Sani,Lagos,60,Groceries,209583.83,Processing
CUST03592,Blessing Usman,Port Harcourt,47,Electronics,213818.7,Completed
CUST03593,Sarah Okeke,Enugu,18,Sports,228530.3,Completed
CUST03594,John Eze,Enugu,69,Beauty,64124.78,Cancelled
CUST03595,Ada Akinyemi,Abuja,20,Clothing,155872.37,Pending
CUST03596,David Williams,Benin City,52,Beauty,102413.45,Completed
CUST03597,Esther Obi,Lagos,30,Accessories,136727.06,Completed
CUST03598,Yusuf Okafor,Kano,27,Books,104939.11,Completed
CUST03599,Zainab Ogunleye,Uyo,24,Beauty,158449.16,Pending
CUST03600,Samuel Obi,Abeokuta,66,Office Supplies,57498.44,Completed
CUST03601,Yusuf Okafor,Ilorin,44,Office Supplies,199327.01,Completed
CUST03602,Michael Nwosu,Owerri,66,Office Supplies,156683.38,Pending
CUST03603,Adebayo Udo,Port Harcourt,29,Accessories,134156.85,Returned
CUST03604,Joy Ogunleye,Kaduna,66,Beauty,217795.41,Cancelled
CUST03605,Esther Obi,Uyo,63,Furniture,207793.76,Cancelled
CUST03606,Mary Bello,Port Harcourt,49,Clothing,113391.85,Processing
CUST03607,Adebayo Akinyemi,Warri,53,Accessories,246280.2,Cancelled
CUST03608,Kelechi Okeke,Uyo,70,Beauty,193920.52,Cancelled
CUST03609,Chukwu Williams,Kano,31,Office Supplies,125981.6,Completed
CUST03610,Emeka Ogunleye,Kaduna,31,Accessories,117486.57,Pending
CUST03611,Esther Ogunleye,Ibadan,64,Furniture,53631.9,Completed
CUST03612,Blessing Bello,Lagos,34,Clothing,58156.23,Completed
CUST03613,Adebayo Sani,Calabar,25,Sports,48270.52,Returned
CUST03614,Ruth Akinyemi,Lagos,29,Accessories,31950.88,Completed
CUST03615,Daniel Abubakar,Lagos,34,Clothing,163810.81,Completed
CUST03616,Ruth Johnson,Calabar,23,Office Supplies,8736.68,Pending
CUST03617,Samuel Bello,Port Harcourt,18,Beauty,189496.53,Completed
CUST03618,Chukwu Usman,Owerri,55,Beauty,24948.7,Completed
CUST03619,Daniel Olawale,Warri,33,Accessories,160820.56,Completed
CUST03620,Blessing Sani,Kano,24,Groceries,36070.99,Completed
CUST03621,Samuel Okafor,Ilorin,64,Accessories,118680.49,Cancelled
CUST03622,Daniel Udo,Enugu,31,Groceries,44384.58,Completed
CUST03623,Blessing Ibrahim,Warri,27,Groceries,72420.91,Completed
CUST03624,Musa Williams,Port Harcourt,44,Clothing,26992.88,Returned
CUST03625,Chukwu Adeyemi,Ibadan,37,Home Appliances,131471.97,Completed
CUST03626,Michael Williams,Lagos,48,Electronics,37348.59,Completed
CUST03627,Ibrahim Abubakar,Lagos,27,Electronics,7973.59,Completed
CUST03628,Amaka Johnson,Enugu,69,Home Appliances,180367.39,Completed
CUST03629,Esther Williams,Enugu,52,Office Supplies,7818.54,Completed
CUST03630,Blessing Sani,Benin City,19,Electronics,23967.53,Completed
CUST03631,David Udo,Lagos,19,Books,54066.57,Completed
CUST03632,Yusuf Adeyemi,Jos,46,Groceries,40082.92,Completed
CUST03633,Mary Okeke,Ilorin,20,Accessories,118166.68,Completed
CUST03634,Michael Usman,Port Harcourt,29,Clothing,6262.31,Returned
CUST03635,David Nwosu,Owerri,44,Clothing,249698.43,Completed
CUST03636,Ifeoma Onyeka,Warri,22,Books,208562.79,Completed
CUST03637,Grace Johnson,Enugu,21,Groceries,206267.51,Cancelled
CUST03638,Grace Balogun,Port Harcourt,41,Groceries,23233.42,Completed
CUST03639,Chioma Mohammed,Port Harcourt,31,Office Supplies,67487.78,Completed
CUST03640,Hauwa Okafor,Ilorin,35,Beauty,185483.41,Completed
CUST03641,Victor Usman,Calabar,29,Home Appliances,154265.59,Completed
CUST03642,Ifeoma Akinyemi,Jos,58,Sports,78968.67,Completed
CUST03643,Chioma Usman,Enugu,23,Books,150679.41,Completed
CUST03644,Mary Okafor,Jos,26,Beauty,237005.95,Returned
CUST03645,Esther Udo,Abeokuta,40,Clothing,95581.68,Completed
CUST03646,Tolu Udo,Jos,25,Sports,238771.78,Completed
CUST03647,Zainab Eze,Port Harcourt,69,Home Appliances,135134.64,Completed
CUST03648,Kelechi Ibrahim,Owerri,56,Accessories,221226.91,Completed
CUST03649,Mary Akinyemi,Warri,50,Home Appliances,31747.25,Completed
CUST03650,Chukwu Okafor,Abeokuta,51,Beauty,78007.59,Completed
CUST03651,John Johnson,Kaduna,70,Accessories,244106.0,Processing
CUST03652,Tolu Udo,Lagos,49,Beauty,154937.31,Completed
CUST03653,Emeka Akinyemi,Kano,20,Electronics,100930.89,Pending
CUST03654,Kelechi Ogunleye,Calabar,70,Furniture,98274.7,Processing
CUST03655,Joseph Balogun,Uyo,30,Sports,244912.36,Completed
CUST03656,Daniel Ogunleye,Enugu,35,Books,236138.61,Completed
CUST03657,Ifeoma Obi,Ibadan,54,Accessories,102569.35,Completed
CUST03658,Ifeoma Balogun,Owerri,18,Groceries,16502.87,Completed
CUST03659,Hauwa Usman,Jos,65,Groceries,216558.33,Completed
CUST03660,David Okafor,Calabar,31,Furniture,519.54,Completed
CUST03661,Mary Ogunleye,Enugu,33,Beauty,185950.59,Processing
CUST03662,Samuel Johnson,Ilorin,25,Office Supplies,1232.19,Completed
CUST03663,Peter Udo,Abuja,25,Beauty,29799.76,Cancelled
CUST03664,Adebayo Udo,Uyo,23,Home Appliances,141940.16,Cancelled
CUST03665,Chioma Johnson,Port Harcourt,61,Books,50405.34,Completed
CUST03666,Victor Udo,Jos,52,Office Supplies,181695.75,Cancelled
CUST03667,Joy Adeyemi,Enugu,18,Accessories,198794.3,Completed
CUST03668,Mary Eze,Uyo,53,Home Appliances,120020.23,Completed
CUST03669,Fatima Adeyemi,Lagos,19,Office Supplies,203988.51,Processing
CUST03670,John Nwosu,Jos,32,Furniture,108654.64,Processing
CUST03671,Hauwa Johnson,Kaduna,23,Clothing,130859.76,Completed
CUST03672,Emeka Sani,Abeokuta,59,Sports,173583.36,Completed
CUST03673,Chioma Udo,Warri,37,Groceries,243195.28,Completed
CUST03674,Daniel Okafor,Abuja,41,Furniture,81002.39,Completed
CUST03675,Sarah Akinyemi,Lagos,46,Sports,93781.08,Completed
CUST03676,Joy Nwosu,Kano,55,Beauty,215810.97,Completed
CUST03677,Chioma Adeyemi,Abuja,21,Accessories,34508.6,Processing
CUST03678,Hauwa Okafor,Warri,26,Accessories,227564.7,Pending
CUST03679,Chioma Balogun,Jos,32,Accessories,111698.42,Processing
CUST03680,Grace Okafor,Port Harcourt,43,Groceries,8444.33,Completed
CUST03681,Musa Eze,Kaduna,34,Sports,226211.0,Completed
CUST03682,Amaka Olawale,Jos,30,Home Appliances,77910.47,Processing
CUST03683,Fatima Olawale,Kaduna,19,Electronics,73682.44,Completed
CUST03684,Tolu Onyeka,Port Harcourt,53,Sports,26818.04,Completed
CUST03685,Sarah Eze,Jos,29,Sports,86504.24,Completed
CUST03686,Ada Okeke,Abuja,20,Electronics,116175.45,Completed
CUST03687,Chukwu Nwosu,Enugu,44,Electronics,13469.18,Completed
CUST03688,Fatima Ogunleye,Port Harcourt,47,Clothing,7430.44,Pending
CUST03689,Hauwa Abubakar,Ibadan,26,Office Supplies,183758.65,Processing
CUST03690,Sarah Eze,Benin City,23,Groceries,7365.53,Processing
CUST03691,Mary Olawale,Lagos,49,Home Appliances,108820.67,Completed
CUST03692,Victor Nwosu,Kano,42,Electronics,242662.0,Completed
CUST03693,Ifeoma Balogun,Kaduna,44,Furniture,213036.25,Completed
CUST03694,Victor Okafor,Abuja,57,Clothing,83240.75,Completed
CUST03695,Blessing Williams,Owerri,37,Books,211339.94,Completed
CUST03696,Esther Onyeka,Enugu,23,Books,249793.3,Completed
CUST03697,Ifeoma Mohammed,Warri,24,Groceries,206516.89,Pending
CUST03698,Ifeoma Okeke,Kaduna,18,Accessories,98011.35,Completed
CUST03699,Amaka Okeke,Calabar,40,Home Appliances,238177.07,Returned
CUST03700,Daniel Eze,Calabar,57,Books,220971.44,Completed
CUST03701,Mary Bello,Abeokuta,35,Office Supplies,73380.62,Completed
CUST03702,Emeka Abubakar,Ilorin,21,Furniture,90417.37,Completed
CUST03703,Zainab Obi,Warri,50,Beauty,125162.12,Completed
CUST03704,Grace Balogun,Port Harcourt,33,Sports,216027.0,Cancelled
CUST03705,Grace Adeyemi,Kano,64,Home Appliances,219679.32,Cancelled
CUST03706,Mary Balogun,Abuja,27,Clothing,84086.2,Pending
CUST03707,Victor Nwosu,Ilorin,65,Sports,40927.65,Completed
CUST03708,Amaka Abubakar,Lagos,43,Beauty,200262.44,Pending
CUST03709,Emeka Obi,Abuja,60,Office Supplies,123277.08,Completed
CUST03710,Mary Eze,Abeokuta,27,Books,62288.18,Returned
CUST03711,Sarah Johnson,Kano,32,Sports,169300.13,Cancelled
CUST03712,John Ogunleye,Warri,29,Clothing,132070.57,Completed
CUST03713,Amaka Akinyemi,Abeokuta,19,Home Appliances,101302.77,Returned
CUST03714,Adebayo Olawale,Uyo,24,Clothing,248241.0,Completed
CUST03715,Ifeoma Olawale,Kano,30,Beauty,20588.38,Pending
CUST03716,Fatima Okafor,Abuja,63,Home Appliances,12763.15,Completed
CUST03717,John Akinyemi,Lagos,70,Furniture,124180.4,Completed
CUST03718,Hauwa Ogunleye,Enugu,21,Electronics,50678.87,Completed
CUST03719,Ibrahim Williams,Abuja,56,Books,137700.93,Completed
CUST03720,Joy Adeyemi,Abuja,23,Beauty,8132.62,Completed
CUST03721,Grace Usman,Uyo,25,Furniture,26756.78,Pending
CUST03722,Hauwa Obi,Ilorin,70,Books,190487.85,Completed
CUST03723,Chukwu Obi,Calabar,58,Home Appliances,221029.42,Completed
CUST03724,Esther Sani,Warri,21,Accessories,64611.17,Completed
CUST03725,Grace Bello,Uyo,51,Sports,216837.24,Processing
CUST03726,Joseph Obi,Abuja,31,Books,85198.01,Completed
CUST03727,Ifeoma Obi,Lagos,48,Groceries,139538.97,Pending
CUST03728,Victor Bello,Abeokuta,65,Electronics,117931.67,Cancelled
CUST03729,Joy Adeyemi,Owerri,32,Books,28009.98,Completed
CUST03730,Sarah Okafor,Abeokuta,62,Accessories,27789.27,Completed
CUST03731,Victor Balogun,Port Harcourt,30,Office Supplies,219781.84,Completed
CUST03732,Michael Nwosu,Kaduna,49,Clothing,133880.07,Completed
CUST03733,Victor Johnson,Lagos,46,Home Appliances,139925.56,Completed
CUST03734,Musa Okafor,Port Harcourt,69,Beauty,136768.79,Pending
CUST03735,Ibrahim Onyeka,Benin City,68,Sports,116393.88,Processing
CUST03736,Chukwu Okafor,Port Harcourt,59,Beauty,167290.69,Completed
CUST03737,Amaka Balogun,Ibadan,43,Groceries,40588.26,Returned
CUST03738,Michael Udo,Lagos,68,Home Appliances,150626.14,Cancelled
CUST03739,Mary Olawale,Uyo,47,Beauty,99617.74,Completed
CUST03740,Michael Bello,Jos,61,Sports,16596.65,Completed
CUST03741,Tolu Johnson,Ilorin,41,Groceries,22383.44,Completed
CUST03742,Tolu Akinyemi,Calabar,37,Groceries,97114.09,Completed
CUST03743,Zainab Okafor,Ibadan,30,Sports,11629.01,Processing
CUST03744,Victor Ogunleye,Warri,34,Groceries,70535.27,Completed
CUST03745,Hauwa Obi,Ilorin,52,Furniture,144482.38,Completed
CUST03746,Ruth Ibrahim,Abeokuta,22,Furniture,5920.68,Completed
CUST03747,Tolu Akinyemi,Ilorin,69,Clothing,203516.51,Completed
CUST03748,Fatima Adeyemi,Port Harcourt,24,Sports,227900.2,Completed
CUST03749,Hauwa Olawale,Warri,69,Accessories,247290.71,Pending
CUST03750,Michael Johnson,Ibadan,60,Office Supplies,215628.88,Completed
CUST03751,Mary Eze,Abuja,18,Sports,4293.57,Completed
CUST03752,Kelechi Nwosu,Calabar,49,Home Appliances,64912.68,Processing
CUST03753,Blessing Ogunleye,Uyo,69,Office Supplies,196814.82,Returned
CUST03754,Tolu Mohammed,Kaduna,33,Accessories,84256.58,Cancelled
CUST03755,Zainab Obi,Port Harcourt,52,Clothing,226460.56,Processing
CUST03756,David Obi,Port Harcourt,32,Office Supplies,93044.7,Completed
CUST03757,John Obi,Benin City,41,Beauty,38712.25,Returned
CUST03758,Joseph Adeyemi,Warri,60,Office Supplies,115478.4,Completed
CUST03759,Michael Okafor,Port Harcourt,36,Beauty,108797.04,Pending
CUST03760,Esther Nwosu,Enugu,67,Books,117154.24,Completed
CUST03761,Emeka Bello,Abuja,19,Books,50913.46,Returned
CUST03762,Samuel Obi,Benin City,42,Beauty,188680.81,Completed
CUST03763,Joseph Johnson,Kaduna,60,Electronics,54147.84,Completed
CUST03764,Grace Johnson,Abeokuta,19,Groceries,222169.6,Completed
CUST03765,Emeka Ibrahim,Abeokuta,38,Books,167937.94,Completed
CUST03766,Ifeoma Udo,Port Harcourt,39,Beauty,192650.19,Completed
CUST03767,John Okeke,Port Harcourt,46,Groceries,138761.26,Returned
CUST03768,Chukwu Bello,Enugu,45,Beauty,34048.28,Completed
CUST03769,Musa Okeke,Jos,31,Groceries,119571.74,Completed
CUST03770,Victor Williams,Benin City,31,Accessories,241724.61,Completed
CUST03771,Sarah Balogun,Benin City,56,Groceries,54491.58,Completed
CUST03772,Hauwa Ogunleye,Uyo,48,Office Supplies,13053.25,Processing
CUST03773,Ibrahim Okafor,Warri,34,Accessories,229632.67,Completed
CUST03774,Michael Udo,Jos,32,Groceries,14407.16,Completed
CUST03775,Esther Johnson,Kano,18,Sports,197056.99,Pending
CUST03776,Victor Sani,Warri,27,Books,50023.7,Completed
CUST03777,Emeka Mohammed,Ilorin,46,Home Appliances,237887.39,Cancelled
CUST03778,David Williams,Jos,59,Sports,102888.18,Completed
CUST03779,Blessing Ogunleye,Ilorin,47,Books,177677.22,Completed
CUST03780,Ifeoma Akinyemi,Uyo,22,Office Supplies,176123.31,Completed
CUST03781,Victor Ogunleye,Kano,27,Groceries,119227.3,Returned
CUST03782,Hauwa Balogun,Kaduna,64,Furniture,45086.09,Pending
CUST03783,Ifeoma Balogun,Kaduna,24,Clothing,190400.14,Returned
CUST03784,Victor Olawale,Jos,49,Home Appliances,151696.65,Processing
CUST03785,Tolu Akinyemi,Port Harcourt,21,Beauty,39424.72,Processing
CUST03786,Esther Obi,Kano,35,Accessories,101051.97,Completed
CUST03787,Chukwu Olawale,Port Harcourt,24,Home Appliances,238839.59,Completed
CUST03788,Peter Abubakar,Port Harcourt,19,Groceries,186725.67,Processing
CUST03789,Peter Onyeka,Lagos,24,Beauty,46116.57,Completed
CUST03790,Blessing Eze,Lagos,45,Accessories,6342.69,Completed
CUST03791,Samuel Okafor,Calabar,31,Clothing,100030.53,Completed
CUST03792,Musa Adeyemi,Calabar,39,Electronics,235342.04,Completed
CUST03793,Yusuf Williams,Port Harcourt,44,Books,45905.36,Processing
CUST03794,Michael Udo,Ibadan,25,Books,39998.42,Completed
CUST03795,Samuel Akinyemi,Ibadan,53,Electronics,134994.31,Processing
CUST03796,Chukwu Okeke,Warri,38,Beauty,15239.87,Processing
CUST03797,Joy Sani,Uyo,53,Sports,27203.71,Completed
CUST03798,Hauwa Sani,Ibadan,26,Books,175186.07,Processing
CUST03799,Blessing Abubakar,Abeokuta,23,Groceries,223704.55,Completed
CUST03800,Michael Johnson,Benin City,59,Electronics,74633.82,Cancelled
CUST03801,Victor Akinyemi,Lagos,26,Home Appliances,179638.61,Completed
CUST03802,Joseph Mohammed,Uyo,28,Books,215756.58,Completed
CUST03803,Grace Olawale,Ibadan,55,Books,66212.13,Cancelled
CUST03804,Peter Olawale,Lagos,46,Electronics,126428.73,Completed
CUST03805,Grace Okafor,Enugu,65,Books,248429.48,Cancelled
CUST03806,Ruth Okafor,Port Harcourt,20,Accessories,2582.13,Pending
CUST03807,Tolu Udo,Uyo,28,Office Supplies,11638.2,Completed
CUST03808,Emeka Olawale,Warri,70,Beauty,220532.12,Completed
CUST03809,Chukwu Nwosu,Kano,52,Office Supplies,228469.59,Completed
CUST03810,Ifeoma Abubakar,Benin City,30,Furniture,51592.34,Completed
CUST03811,Ifeoma Johnson,Benin City,22,Electronics,38512.21,Completed
CUST03812,Joseph Mohammed,Benin City,21,Clothing,154557.49,Pending
CUST03813,David Ibrahim,Benin City,68,Electronics,56528.43,Completed
CUST03814,John Onyeka,Warri,53,Beauty,173793.27,Completed
CUST03815,Yusuf Johnson,Ibadan,28,Beauty,212454.23,Completed
CUST03816,Ifeoma Udo,Enugu,26,Electronics,202966.13,Completed
CUST03817,Peter Onyeka,Jos,32,Clothing,31603.24,Processing
CUST03818,Daniel Nwosu,Abuja,28,Office Supplies,14406.61,Cancelled
CUST03819,Kelechi Sani,Enugu,38,Office Supplies,150295.84,Completed
CUST03820,Chukwu Obi,Port Harcourt,33,Books,100387.09,Completed
CUST03821,Samuel Ibrahim,Ilorin,41,Beauty,40034.28,Processing
CUST03822,Michael Abubakar,Ilorin,67,Beauty,160238.29,Completed
CUST03823,Musa Bello,Benin City,57,Clothing,146499.57,Completed
CUST03824,Samuel Eze,Owerri,32,Clothing,120417.35,Completed
CUST03825,Michael Balogun,Enugu,35,Books,79642.52,Pending
CUST03826,John Okeke,Kano,42,Clothing,224327.34,Completed
CUST03827,Adebayo Sani,Enugu,25,Books,202167.67,Completed
CUST03828,Adebayo Udo,Ilorin,28,Accessories,225598.88,Completed
CUST03829,Chioma Nwosu,Lagos,30,Groceries,176295.01,Completed
CUST03830,Ibrahim Johnson,Uyo,39,Sports,2508.03,Completed
CUST03831,Yusuf Balogun,Abuja,55,Clothing,74895.69,Pending
CUST03832,Chukwu Ogunleye,Uyo,46,Books,229333.42,Completed
CUST03833,Chioma Nwosu,Kaduna,56,Groceries,93606.08,Cancelled
CUST03834,Ruth Balogun,Port Harcourt,23,Accessories,136325.42,Pending
CUST03835,Daniel Mohammed,Owerri,52,Clothing,147685.42,Pending
CUST03836,Adebayo Ibrahim,Warri,52,Books,123172.23,Completed
CUST03837,Joseph Okeke,Uyo,54,Furniture,240411.56,Processing
CUST03838,Kelechi Abubakar,Ilorin,55,Accessories,107513.84,Completed
CUST03839,Ruth Sani,Lagos,28,Sports,116830.81,Completed
CUST03840,Grace Akinyemi,Kano,21,Accessories,83402.55,Completed
CUST03841,Amaka Olawale,Owerri,51,Accessories,48046.56,Pending
CUST03842,Ifeoma Mohammed,Owerri,45,Books,33765.55,Cancelled
CUST03843,Adebayo Ogunleye,Kano,43,Books,31354.19,Completed
CUST03844,Ifeoma Olawale,Kano,31,Sports,184285.03,Completed
CUST03845,Peter Okeke,Port Harcourt,53,Groceries,43174.06,Returned
CUST03846,Adebayo Obi,Abeokuta,29,Sports,182340.79,Pending
CUST03847,Joseph Okeke,Port Harcourt,66,Beauty,111819.35,Completed
CUST03848,Yusuf Udo,Warri,34,Groceries,161538.62,Completed
CUST03849,Ifeoma Abubakar,Ibadan,35,Clothing,71886.19,Completed
CUST03850,Joy Okafor,Warri,18,Office Supplies,175548.86,Completed
CUST03851,Ifeoma Bello,Lagos,26,Home Appliances,99640.52,Completed
CUST03852,Victor Mohammed,Uyo,21,Office Supplies,90342.59,Completed
CUST03853,Emeka Usman,Uyo,36,Electronics,4715.29,Completed
CUST03854,Emeka Adeyemi,Owerri,66,Clothing,143740.83,Completed
CUST03855,Kelechi Williams,Abeokuta,57,Groceries,33638.83,Completed
CUST03856,Samuel Eze,Abuja,55,Furniture,95595.82,Completed
CUST03857,Chukwu Akinyemi,Lagos,51,Groceries,115364.36,Pending
CUST03858,David Okeke,Kano,43,Clothing,230869.13,Cancelled
CUST03859,Victor Adeyemi,Kaduna,45,Groceries,97745.81,Completed
CUST03860,John Olawale,Lagos,18,Office Supplies,81407.97,Completed
CUST03861,Yusuf Nwosu,Enugu,23,Books,206544.94,Pending
CUST03862,Ruth Johnson,Jos,25,Furniture,245760.12,Processing
CUST03863,Amaka Akinyemi,Abuja,18,Office Supplies,64762.33,Pending
CUST03864,Sarah Ibrahim,Port Harcourt,30,Clothing,97287.62,Completed
CUST03865,Victor Ibrahim,Abuja,65,Furniture,114955.18,Completed
CUST03866,Ada Okeke,Abeokuta,41,Books,237756.71,Processing
CUST03867,Kelechi Adeyemi,Enugu,62,Furniture,197515.03,Completed
CUST03868,Ifeoma Sani,Lagos,70,Beauty,220002.88,Cancelled
CUST03869,Blessing Mohammed,Uyo,39,Clothing,127911.47,Completed
CUST03870,Emeka Usman,Ilorin,57,Office Supplies,47216.69,Completed
CUST03871,Ifeoma Adeyemi,Calabar,28,Beauty,140101.47,Completed
CUST03872,Daniel Nwosu,Abuja,67,Books,42075.36,Completed
CUST03873,Sarah Mohammed,Warri,30,Accessories,205983.09,Completed
CUST03874,Samuel Udo,Warri,18,Groceries,89749.88,Completed
CUST03875,Mary Olawale,Owerri,32,Home Appliances,210520.62,Completed
CUST03876,Mary Udo,Lagos,35,Books,43259.83,Completed
CUST03877,Hauwa Nwosu,Abuja,59,Electronics,244813.73,Completed
CUST03878,David Johnson,Abeokuta,39,Sports,120440.16,Processing
CUST03879,Ifeoma Eze,Enugu,64,Beauty,58633.1,Cancelled
CUST03880,Joy Okafor,Uyo,69,Electronics,145398.22,Completed
CUST03881,Mary Eze,Kano,61,Home Appliances,12501.49,Completed
CUST03882,Joseph Akinyemi,Owerri,24,Beauty,55551.69,Completed
CUST03883,Zainab Ogunleye,Kano,35,Furniture,114272.68,Completed
CUST03884,Michael Eze,Abeokuta,66,Books,210814.26,Processing
CUST03885,Esther Akinyemi,Kano,44,Books,32865.12,Returned
CUST03886,Kelechi Johnson,Enugu,53,Clothing,91951.56,Completed
CUST03887,Ibrahim Eze,Abeokuta,41,Accessories,186642.54,Completed
CUST03888,Chukwu Balogun,Kaduna,48,Groceries,144226.75,Completed
CUST03889,Kelechi Ogunleye,Kano,39,Electronics,174383.64,Pending
CUST03890,Victor Onyeka,Enugu,19,Beauty,244073.84,Completed
CUST03891,Kelechi Akinyemi,Lagos,39,Electronics,56992.71,Completed
CUST03892,Daniel Akinyemi,Ilorin,50,Furniture,52838.23,Completed
CUST03893,Joseph Bello,Jos,31,Electronics,204360.41,Completed
CUST03894,Amaka Obi,Abeokuta,26,Groceries,183730.52,Completed
CUST03895,Musa Usman,Calabar,54,Beauty,194030.98,Completed
CUST03896,Kelechi Ogunleye,Kaduna,50,Accessories,107741.2,Completed
CUST03897,Kelechi Mohammed,Jos,56,Electronics,96818.03,Cancelled
CUST03898,Peter Akinyemi,Ibadan,37,Groceries,174101.49,Pending
CUST03899,Ruth Ogunleye,Warri,48,Home Appliances,6042.0,Returned
CUST03900,Amaka Mohammed,Uyo,19,Beauty,142761.15,Completed
CUST03901,Tolu Bello,Lagos,34,Accessories,105661.3,Pending
CUST03902,Emeka Onyeka,Uyo,43,Books,7459.14,Completed
CUST03903,Ifeoma Adeyemi,Warri,22,Home Appliances,190757.43,Completed
CUST03904,Ada Okafor,Kaduna,30,Office Supplies,145349.05,Cancelled
CUST03905,John Sani,Abuja,61,Office Supplies,204104.86,Processing
CUST03906,Blessing Obi,Abeokuta,27,Home Appliances,175614.42,Processing
CUST03907,Kelechi Williams,Warri,69,Furniture,115926.05,Completed
CUST03908,Zainab Okafor,Abeokuta,45,Beauty,152696.22,Completed
CUST03909,Peter Ibrahim,Port Harcourt,19,Furniture,179497.88,Completed
CUST03910,Ada Johnson,Calabar,23,Furniture,239411.38,Completed
CUST03911,Joseph Sani,Owerri,19,Clothing,70587.19,Cancelled
CUST03912,Joy Akinyemi,Kaduna,19,Home Appliances,149713.63,Completed
CUST03913,David Onyeka,Kaduna,30,Electronics,91981.91,Processing
CUST03914,John Abubakar,Kano,32,Accessories,228117.88,Cancelled
CUST03915,Daniel Johnson,Warri,21,Groceries,195707.93,Pending
CUST03916,Victor Eze,Kaduna,64,Accessories,27933.72,Completed
CUST03917,Ruth Okafor,Enugu,58,Home Appliances,238463.19,Completed
CUST03918,Fatima Obi,Benin City,59,Accessories,144985.09,Cancelled
CUST03919,Musa Adeyemi,Abuja,42,Beauty,220624.02,Completed
CUST03920,Hauwa Balogun,Calabar,59,Accessories,23311.08,Completed
CUST03921,Samuel Adeyemi,Abuja,48,Electronics,234230.52,Processing
CUST03922,Sarah Ibrahim,Lagos,46,Electronics,50916.68,Completed
CUST03923,Mary Adeyemi,Abeokuta,58,Clothing,113579.04,Completed
CUST03924,John Abubakar,Ilorin,44,Accessories,43483.97,Returned
CUST03925,Grace Ibrahim,Uyo,51,Sports,188072.67,Completed
CUST03926,Ruth Okafor,Kaduna,27,Accessories,126922.9,Completed
CUST03927,David Udo,Port Harcourt,59,Books,157845.69,Completed
CUST03928,Sarah Onyeka,Lagos,45,Office Supplies,171363.61,Pending
CUST03929,Musa Okeke,Uyo,25,Groceries,199957.27,Completed
CUST03930,Chioma Okafor,Abeokuta,20,Accessories,33388.88,Completed
CUST03931,Joy Obi,Kaduna,21,Groceries,248566.49,Completed
CUST03932,Ada Nwosu,Kano,35,Furniture,81532.74,Completed
CUST03933,Joseph Abubakar,Jos,34,Sports,249580.0,Pending
CUST03934,Musa Usman,Calabar,18,Clothing,44681.21,Pending
CUST03935,Grace Balogun,Kano,28,Sports,53757.03,Completed
CUST03936,Peter Eze,Calabar,27,Furniture,114645.87,Completed
CUST03937,Ifeoma Onyeka,Calabar,35,Office Supplies,112851.01,Returned
CUST03938,Zainab Adeyemi,Ibadan,57,Home Appliances,162265.07,Completed
CUST03939,Chioma Ibrahim,Ibadan,42,Sports,33261.08,Cancelled
CUST03940,Ibrahim Ibrahim,Lagos,40,Sports,55595.92,Cancelled
CUST03941,Daniel Ogunleye,Warri,23,Accessories,203792.75,Cancelled
CUST03942,Kelechi Nwosu,Jos,19,Furniture,218429.15,Returned
CUST03943,Daniel Ogunleye,Abeokuta,27,Clothing,88085.74,Pending
CUST03944,Samuel Usman,Ibadan,51,Sports,69129.4,Pending
CUST03945,Sarah Balogun,Ibadan,26,Furniture,106986.19,Completed
CUST03946,Amaka Bello,Ilorin,67,Office Supplies,242539.75,Completed
CUST03947,Peter Eze,Port Harcourt,41,Office Supplies,77620.23,Cancelled
CUST03948,Zainab Abubakar,Port Harcourt,65,Electronics,237830.18,Completed
CUST03949,John Okeke,Port Harcourt,28,Home Appliances,140929.79,Completed
CUST03950,Michael Akinyemi,Enugu,22,Books,237158.22,Completed
CUST03951,Sarah Abubakar,Ibadan,40,Home Appliances,152577.95,Completed
CUST03952,Musa Sani,Jos,70,Groceries,147007.23,Pending
CUST03953,Amaka Onyeka,Ibadan,31,Sports,187880.12,Pending
CUST03954,Ruth Okeke,Abeokuta,50,Books,177536.14,Completed
CUST03955,Ifeoma Olawale,Calabar,67,Home Appliances,3114.02,Completed
CUST03956,Daniel Ogunleye,Port Harcourt,21,Accessories,236883.09,Cancelled
CUST03957,Musa Sani,Uyo,33,Clothing,81859.47,Completed
CUST03958,Hauwa Williams,Warri,56,Clothing,38710.6,Completed
CUST03959,Adebayo Okafor,Lagos,22,Beauty,74390.27,Pending
CUST03960,Ada Bello,Calabar,43,Groceries,210022.94,Pending
CUST03961,Emeka Ibrahim,Owerri,59,Furniture,213230.44,Returned
CUST03962,Hauwa Udo,Abuja,31,Beauty,29574.24,Completed
CUST03963,Amaka Udo,Kaduna,38,Groceries,225285.81,Returned
CUST03964,Blessing Balogun,Lagos,55,Office Supplies,135048.04,Pending
CUST03965,Victor Okeke,Kano,28,Groceries,74230.45,Completed
CUST03966,Joy Balogun,Lagos,51,Groceries,58402.22,Returned
CUST03967,Adebayo Udo,Calabar,49,Home Appliances,107041.08,Processing
CUST03968,Tolu Sani,Kano,53,Office Supplies,100184.68,Processing
CUST03969,Peter Onyeka,Calabar,70,Electronics,162267.52,Returned
CUST03970,Michael Onyeka,Port Harcourt,18,Clothing,118477.67,Completed
CUST03971,Joseph Okafor,Kaduna,57,Home Appliances,102274.81,Processing
CUST03972,Sarah Udo,Benin City,48,Groceries,189429.97,Pending
CUST03973,Hauwa Ibrahim,Uyo,18,Beauty,61996.01,Processing
CUST03974,Blessing Nwosu,Abuja,63,Groceries,79513.97,Processing
CUST03975,Ada Williams,Kaduna,60,Office Supplies,78954.24,Completed
CUST03976,Adebayo Adeyemi,Kaduna,49,Books,49132.41,Completed
CUST03977,Blessing Olawale,Lagos,32,Home Appliances,21563.09,Completed
CUST03978,Ada Abubakar,Lagos,27,Sports,208335.66,Cancelled
CUST03979,Peter Sani,Owerri,22,Office Supplies,49589.03,Completed
CUST03980,Yusuf Bello,Lagos,30,Beauty,182947.31,Cancelled
CUST03981,Ruth Ibrahim,Kano,46,Beauty,137498.8,Completed
CUST03982,Daniel Usman,Enugu,19,Books,187454.36,Completed
CUST03983,Ruth Balogun,Warri,32,Sports,246611.61,Processing
CUST03984,Musa Okafor,Owerri,48,Home Appliances,80355.16,Cancelled
CUST03985,Joy Eze,Warri,48,Electronics,244364.83,Pending
CUST03986,Ruth Olawale,Abuja,48,Furniture,240254.38,Completed
CUST03987,Mary Udo,Benin City,23,Beauty,87935.02,Completed
CUST03988,Daniel Adeyemi,Ilorin,70,Clothing,139597.14,Completed
CUST03989,Adebayo Olawale,Benin City,52,Clothing,182236.72,Cancelled
CUST03990,David Bello,Kano,35,Office Supplies,98115.34,Completed
CUST03991,Joy Obi,Calabar,43,Electronics,161661.95,Returned
CUST03992,Adebayo Adeyemi,Kano,18,Office Supplies,61476.34,Returned
CUST03993,Adebayo Ibrahim,Benin City,37,Clothing,134905.57,Processing
CUST03994,Kelechi Johnson,Ilorin,68,Accessories,37424.09,Completed
CUST03995,Mary Okafor,Jos,31,Office Supplies,95670.17,Cancelled
CUST03996,Kelechi Adeyemi,Ibadan,50,Sports,228836.75,Completed
CUST03997,Michael Nwosu,Jos,62,Electronics,165026.37,Completed
CUST03998,Adebayo Balogun,Enugu,38,Groceries,152029.92,Completed
CUST03999,Musa Okeke,Kano,62,Home Appliances,177330.76,Completed
CUST04000,Yusuf Johnson,Benin City,64,Home Appliances,33059.48,Completed
CUST04001,Yusuf Sani,Kaduna,37,Beauty,212504.8,Completed
CUST04002,John Adeyemi,Warri,67,Home Appliances,121858.32,Completed
CUST04003,Joy Onyeka,Kaduna,20,Office Supplies,42067.69,Processing
CUST04004,Ibrahim Obi,Ilorin,62,Office Supplies,23186.79,Returned
CUST04005,Victor Ibrahim,Uyo,32,Clothing,22991.58,Pending
CUST04006,Zainab Balogun,Warri,42,Home Appliances,25087.49,Completed
CUST04007,Daniel Onyeka,Benin City,53,Electronics,85743.98,Cancelled
CUST04008,Fatima Abubakar,Jos,25,Clothing,148510.05,Completed
CUST04009,Grace Bello,Warri,61,Groceries,36706.35,Completed
CUST04010,Joy Usman,Jos,18,Books,119364.83,Completed
CUST04011,Ibrahim Nwosu,Kano,48,Electronics,215889.21,Pending
CUST04012,Ada Balogun,Calabar,58,Furniture,20005.07,Cancelled
CUST04013,Grace Okeke,Owerri,22,Office Supplies,143084.43,Pending
CUST04014,Peter Nwosu,Enugu,68,Books,200981.53,Processing
CUST04015,Chioma Akinyemi,Port Harcourt,33,Sports,175788.17,Completed
CUST04016,Zainab Okafor,Benin City,32,Electronics,34488.53,Completed
CUST04017,Hauwa Onyeka,Kano,19,Groceries,93508.22,Cancelled
CUST04018,Zainab Bello,Lagos,31,Home Appliances,129246.23,Completed
CUST04019,Zainab Adeyemi,Enugu,33,Electronics,99071.75,Completed
CUST04020,Victor Okafor,Benin City,20,Groceries,182740.24,Processing
CUST04021,Emeka Akinyemi,Kano,18,Office Supplies,136266.04,Completed
CUST04022,Ruth Williams,Ilorin,20,Office Supplies,29588.45,Completed
CUST04023,Amaka Johnson,Jos,19,Groceries,91224.99,Completed
CUST04024,Daniel Mohammed,Port Harcourt,62,Furniture,191853.96,Completed
CUST04025,Esther Udo,Kaduna,62,Office Supplies,91682.86,Returned
CUST04026,Peter Abubakar,Enugu,20,Electronics,155829.66,Completed
CUST04027,Chukwu Balogun,Uyo,47,Sports,229309.93,Processing
CUST04028,Zainab Ibrahim,Jos,38,Beauty,202834.78,Processing
CUST04029,Peter Balogun,Lagos,38,Beauty,186797.97,Processing
CUST04030,Grace Ibrahim,Calabar,39,Furniture,128460.83,Completed
CUST04031,Adebayo Onyeka,Abuja,63,Accessories,148820.86,Completed
CUST04032,Esther Ogunleye,Ibadan,36,Beauty,190528.21,Completed
CUST04033,Michael Abubakar,Uyo,28,Office Supplies,198555.64,Completed
CUST04034,Tolu Usman,Ilorin,49,Electronics,78741.46,Completed
CUST04035,Adebayo Johnson,Warri,44,Clothing,202719.75,Returned
CUST04036,Grace Onyeka,Enugu,19,Books,2645.99,Completed
CUST04037,Joseph Balogun,Warri,44,Home Appliances,4033.46,Completed
CUST04038,Amaka Eze,Benin City,50,Sports,6817.61,Completed
CUST04039,Yusuf Okafor,Abuja,46,Furniture,169855.7,Pending
CUST04040,Emeka Akinyemi,Kaduna,69,Clothing,79025.45,Completed
CUST04041,John Bello,Ilorin,21,Sports,32258.91,Completed
CUST04042,Emeka Williams,Ibadan,55,Sports,76915.0,Completed
CUST04043,Chukwu Okeke,Kano,64,Sports,53468.19,Pending
CUST04044,David Bello,Ilorin,21,Sports,180677.41,Completed
CUST04045,Zainab Eze,Warri,59,Accessories,159315.32,Completed
CUST04046,Sarah Ibrahim,Uyo,63,Home Appliances,145194.59,Completed
CUST04047,Michael Obi,Abeokuta,33,Furniture,220279.67,Pending
CUST04048,Blessing Nwosu,Jos,60,Accessories,115015.02,Completed
CUST04049,Adebayo Olawale,Jos,47,Electronics,193004.88,Processing
CUST04050,Hauwa Usman,Uyo,48,Clothing,135526.67,Completed
CUST04051,Adebayo Obi,Ilorin,29,Groceries,6407.72,Completed
CUST04052,Blessing Johnson,Ibadan,30,Groceries,172558.55,Completed
CUST04053,Blessing Williams,Warri,61,Groceries,52603.07,Processing
CUST04054,Michael Ibrahim,Kano,20,Groceries,217147.58,Processing
CUST04055,David Johnson,Warri,28,Home Appliances,233694.46,Processing
CUST04056,Samuel Okeke,Ilorin,55,Groceries,64590.37,Completed
CUST04057,Zainab Johnson,Ilorin,63,Groceries,55978.0,Completed
CUST04058,David Balogun,Lagos,26,Furniture,171510.48,Completed
CUST04059,Tolu Nwosu,Owerri,18,Clothing,105834.38,Completed
CUST04060,Kelechi Abubakar,Abeokuta,35,Beauty,34596.57,Processing
CUST04061,Blessing Eze,Ilorin,55,Accessories,37358.97,Completed
CUST04062,Amaka Usman,Benin City,70,Sports,215507.87,Completed
CUST04063,Daniel Mohammed,Port Harcourt,42,Electronics,228711.82,Completed
CUST04064,Sarah Udo,Owerri,56,Office Supplies,17383.28,Completed
CUST04065,Fatima Obi,Lagos,18,Home Appliances,197155.89,Processing
CUST04066,Yusuf Balogun,Port Harcourt,67,Home Appliances,248223.98,Pending
CUST04067,Chioma Balogun,Kaduna,46,Books,116728.86,Completed
CUST04068,Emeka Akinyemi,Calabar,64,Accessories,174968.36,Completed
CUST04069,Michael Okeke,Calabar,37,Books,7093.58,Cancelled
CUST04070,Adebayo Williams,Abeokuta,41,Electronics,59529.1,Cancelled
CUST04071,David Sani,Benin City,28,Office Supplies,125868.25,Completed
CUST04072,Joseph Ibrahim,Abuja,64,Electronics,160087.29,Cancelled
CUST04073,Grace Adeyemi,Port Harcourt,49,Beauty,4650.19,Pending
CUST04074,Sarah Usman,Warri,66,Sports,126597.23,Completed
CUST04075,Sarah Balogun,Benin City,54,Electronics,210468.29,Completed
CUST04076,Ifeoma Okafor,Uyo,20,Furniture,176654.46,Completed
CUST04077,John Olawale,Jos,68,Home Appliances,220762.47,Cancelled
CUST04078,Sarah Eze,Kano,54,Books,66834.77,Completed
CUST04079,Joseph Udo,Ibadan,24,Accessories,231329.74,Processing
CUST04080,Ibrahim Udo,Jos,49,Office Supplies,209664.75,Pending
CUST04081,Victor Sani,Warri,22,Beauty,149695.56,Pending
CUST04082,Sarah Adeyemi,Ilorin,65,Office Supplies,222188.8,Cancelled
CUST04083,Adebayo Ibrahim,Ilorin,62,Furniture,35752.04,Completed
CUST04084,Ruth Akinyemi,Kano,31,Groceries,32968.72,Completed
CUST04085,Peter Nwosu,Calabar,42,Clothing,32712.3,Completed
CUST04086,Mary Udo,Owerri,52,Clothing,165141.71,Processing
CUST04087,David Sani,Kano,53,Sports,57013.91,Completed
CUST04088,Ibrahim Eze,Port Harcourt,61,Books,109248.42,Pending
CUST04089,Zainab Abubakar,Port Harcourt,30,Office Supplies,243042.96,Pending
CUST04090,Grace Usman,Kano,29,Groceries,85268.46,Pending
CUST04091,Hauwa Ogunleye,Owerri,49,Clothing,211815.0,Cancelled
CUST04092,John Balogun,Calabar,26,Furniture,112576.55,Pending
CUST04093,Joseph Usman,Lagos,39,Accessories,243133.47,Completed
CUST04094,Michael Ogunleye,Lagos,42,Clothing,246862.72,Completed
CUST04095,Hauwa Nwosu,Ilorin,59,Sports,100218.49,Completed
CUST04096,Peter Sani,Abeokuta,35,Home Appliances,6149.74,Pending
CUST04097,John Akinyemi,Jos,46,Office Supplies,67353.15,Cancelled
CUST04098,Michael Williams,Calabar,61,Accessories,60379.43,Completed
CUST04099,Joy Bello,Port Harcourt,30,Home Appliances,201001.14,Completed
CUST04100,Mary Adeyemi,Ilorin,27,Home Appliances,20941.41,Completed
CUST04101,Adebayo Obi,Enugu,38,Sports,225219.57,Pending
CUST04102,Ada Ogunleye,Enugu,35,Sports,124828.08,Processing
CUST04103,Michael Mohammed,Benin City,66,Sports,222119.66,Completed
CUST04104,Ifeoma Nwosu,Kaduna,45,Beauty,1455.07,Completed
CUST04105,John Bello,Benin City,51,Home Appliances,202093.95,Returned
CUST04106,Grace Adeyemi,Benin City,22,Home Appliances,95669.06,Completed
CUST04107,Tolu Balogun,Port Harcourt,34,Beauty,65021.53,Cancelled
CUST04108,Peter Sani,Kaduna,36,Electronics,35951.48,Returned
CUST04109,Yusuf Williams,Abeokuta,44,Accessories,249527.93,Completed
CUST04110,Kelechi Johnson,Uyo,38,Books,216819.06,Pending
CUST04111,Samuel Okafor,Ibadan,44,Furniture,11419.33,Pending
CUST04112,Amaka Nwosu,Port Harcourt,31,Accessories,160755.86,Completed
CUST04113,Chukwu Mohammed,Owerri,21,Accessories,152875.59,Completed
CUST04114,Adebayo Sani,Warri,35,Clothing,53167.48,Pending
CUST04115,Adebayo Udo,Warri,45,Clothing,205922.53,Completed
CUST04116,Blessing Udo,Calabar,49,Groceries,210178.89,Completed
CUST04117,Chioma Onyeka,Kano,25,Furniture,90660.57,Completed
CUST04118,John Okafor,Kano,38,Electronics,116023.07,Completed
CUST04119,Kelechi Okeke,Warri,62,Books,74806.3,Completed
CUST04120,Adebayo Udo,Benin City,49,Furniture,143269.97,Pending
CUST04121,Musa Mohammed,Ilorin,58,Accessories,11313.22,Pending
CUST04122,Sarah Okafor,Port Harcourt,63,Office Supplies,62762.39,Completed
CUST04123,Ruth Adeyemi,Warri,32,Clothing,88459.71,Completed
CUST04124,Kelechi Balogun,Benin City,51,Beauty,152640.78,Returned
CUST04125,Samuel Williams,Uyo,37,Groceries,10241.23,Completed
CUST04126,Hauwa Bello,Jos,47,Books,71443.55,Completed
CUST04127,Esther Sani,Benin City,25,Beauty,16696.76,Processing
CUST04128,Hauwa Nwosu,Calabar,61,Accessories,180415.59,Completed
CUST04129,John Ogunleye,Warri,64,Groceries,209778.79,Completed
CUST04130,Joseph Ogunleye,Uyo,43,Accessories,201500.08,Completed
CUST04131,Peter Akinyemi,Port Harcourt,33,Furniture,42099.61,Processing
CUST04132,Adebayo Olawale,Owerri,53,Home Appliances,179114.97,Cancelled
CUST04133,Ifeoma Bello,Enugu,48,Beauty,232024.75,Completed
CUST04134,Ruth Bello,Ibadan,62,Electronics,96002.67,Completed
CUST04135,Peter Williams,Jos,59,Clothing,92898.33,Processing
CUST04136,John Eze,Kaduna,52,Accessories,37416.6,Cancelled
CUST04137,Musa Okeke,Uyo,41,Sports,140792.53,Completed
CUST04138,Mary Udo,Uyo,19,Home Appliances,231964.57,Completed
CUST04139,Samuel Balogun,Ibadan,59,Books,29783.8,Pending
CUST04140,Peter Okafor,Port Harcourt,28,Furniture,117894.8,Returned
CUST04141,Chukwu Adeyemi,Owerri,70,Home Appliances,79106.69,Completed
CUST04142,Amaka Onyeka,Jos,58,Books,13930.81,Processing
CUST04143,Daniel Bello,Kaduna,55,Sports,175824.15,Completed
CUST04144,Amaka Bello,Enugu,49,Sports,78485.79,Completed
CUST04145,Emeka Onyeka,Abeokuta,57,Electronics,210752.16,Cancelled
CUST04146,Samuel Ogunleye,Abuja,40,Office Supplies,16223.87,Completed
CUST04147,Chukwu Onyeka,Ilorin,37,Sports,127494.19,Completed
CUST04148,Ibrahim Okeke,Port Harcourt,43,Accessories,52544.22,Completed
CUST04149,John Bello,Enugu,31,Accessories,5737.96,Completed
CUST04150,Adebayo Usman,Enugu,23,Groceries,59467.89,Completed
CUST04151,Tolu Abubakar,Abuja,58,Office Supplies,6988.63,Returned
CUST04152,Hauwa Eze,Abeokuta,69,Accessories,24964.58,Processing
CUST04153,Joseph Onyeka,Abeokuta,59,Home Appliances,211837.45,Cancelled
CUST04154,Tolu Ogunleye,Warri,26,Electronics,162222.78,Completed
CUST04155,Zainab Okeke,Enugu,63,Office Supplies,9186.07,Completed
CUST04156,Samuel Udo,Port Harcourt,32,Books,194839.46,Completed
CUST04157,Chioma Okeke,Abeokuta,56,Furniture,55995.33,Processing
CUST04158,John Akinyemi,Jos,37,Office Supplies,225532.48,Processing
CUST04159,Fatima Mohammed,Lagos,44,Books,81992.71,Completed
CUST04160,Sarah Ogunleye,Warri,64,Furniture,249136.02,Completed
CUST04161,Esther Bello,Lagos,69,Books,110578.74,Pending
CUST04162,Kelechi Abubakar,Uyo,69,Furniture,25060.01,Completed
CUST04163,Joseph Adeyemi,Jos,67,Sports,110008.57,Processing
CUST04164,Esther Balogun,Jos,23,Accessories,119623.33,Completed
CUST04165,Musa Johnson,Abeokuta,35,Beauty,65870.3,Completed
CUST04166,John Onyeka,Ibadan,24,Clothing,77858.05,Completed
CUST04167,Blessing Adeyemi,Jos,62,Clothing,188141.87,Processing
CUST04168,Joseph Mohammed,Uyo,21,Furniture,100164.07,Processing
CUST04169,Tolu Mohammed,Jos,66,Home Appliances,204788.4,Cancelled
CUST04170,Joy Eze,Owerri,20,Office Supplies,159726.56,Returned
CUST04171,Samuel Sani,Kaduna,52,Electronics,218430.74,Completed
CUST04172,Joseph Ibrahim,Warri,67,Beauty,89306.2,Completed
CUST04173,Daniel Akinyemi,Kaduna,54,Beauty,6209.31,Cancelled
CUST04174,Fatima Akinyemi,Owerri,45,Beauty,203605.52,Completed
CUST04175,Yusuf Balogun,Ilorin,38,Books,54676.98,Completed
CUST04176,Ada Williams,Uyo,25,Sports,145583.48,Completed
CUST04177,Samuel Abubakar,Ilorin,63,Groceries,165645.03,Completed
CUST04178,John Okeke,Abeokuta,67,Furniture,177674.83,Completed
CUST04179,Victor Eze,Benin City,53,Sports,230443.62,Pending
CUST04180,Joseph Abubakar,Uyo,32,Furniture,43783.21,Completed
CUST04181,Ruth Olawale,Abuja,53,Sports,156716.53,Completed
CUST04182,Fatima Udo,Enugu,69,Home Appliances,6015.9,Completed
CUST04183,Yusuf Ibrahim,Kano,68,Home Appliances,211643.6,Pending
CUST04184,Michael Abubakar,Owerri,25,Sports,185759.04,Completed
CUST04185,Mary Ibrahim,Jos,23,Books,66952.0,Processing
CUST04186,Zainab Sani,Abuja,45,Clothing,110502.31,Completed
CUST04187,Ifeoma Abubakar,Abuja,50,Clothing,101137.26,Completed
CUST04188,Joseph Ibrahim,Calabar,24,Furniture,196939.22,Completed
CUST04189,Daniel Usman,Enugu,62,Electronics,176315.72,Completed
CUST04190,Mary Williams,Owerri,49,Books,71968.19,Pending
CUST04191,Chioma Udo,Warri,64,Groceries,134015.23,Completed
CUST04192,Joseph Johnson,Ibadan,67,Electronics,202981.64,Completed
CUST04193,Ruth Olawale,Calabar,65,Electronics,143795.11,Pending
CUST04194,Michael Abubakar,Abuja,53,Furniture,103918.64,Completed
CUST04195,Tolu Sani,Owerri,42,Home Appliances,103480.39,Processing
CUST04196,Adebayo Balogun,Benin City,65,Home Appliances,228819.77,Completed
CUST04197,Amaka Adeyemi,Port Harcourt,68,Groceries,33431.54,Pending
CUST04198,Fatima Nwosu,Ilorin,55,Accessories,9928.47,Processing
CUST04199,Yusuf Bello,Enugu,53,Furniture,222778.54,Completed
CUST04200,Joy Okafor,Abuja,48,Books,153576.69,Completed
CUST04201,Joseph Ibrahim,Kano,70,Home Appliances,30096.4,Completed
CUST04202,Joy Abubakar,Ibadan,33,Sports,15690.21,Completed
CUST04203,Michael Olawale,Enugu,37,Groceries,217141.71,Completed
CUST04204,Chukwu Obi,Abeokuta,42,Furniture,122416.82,Completed
CUST04205,Yusuf Eze,Ilorin,55,Sports,183772.65,Pending
CUST04206,Musa Sani,Jos,39,Sports,145672.39,Completed
CUST04207,Ifeoma Usman,Jos,46,Home Appliances,212705.69,Completed
CUST04208,Emeka Ibrahim,Ilorin,20,Electronics,54102.56,Returned
CUST04209,Amaka Onyeka,Benin City,18,Groceries,185744.2,Completed
CUST04210,Emeka Williams,Uyo,68,Beauty,194877.4,Processing
CUST04211,Daniel Onyeka,Enugu,48,Groceries,45162.47,Processing
CUST04212,Fatima Udo,Lagos,37,Books,188763.2,Processing
CUST04213,Emeka Nwosu,Calabar,41,Beauty,94508.19,Pending
CUST04214,Emeka Olawale,Jos,48,Beauty,145075.4,Completed
CUST04215,Esther Eze,Abuja,34,Office Supplies,114510.66,Completed
CUST04216,Peter Mohammed,Ibadan,22,Groceries,218715.27,Completed
CUST04217,Adebayo Udo,Benin City,36,Furniture,110217.04,Pending
CUST04218,Sarah Obi,Abeokuta,30,Electronics,174598.81,Cancelled
CUST04219,John Adeyemi,Lagos,24,Accessories,120118.81,Completed
CUST04220,Grace Williams,Ilorin,23,Sports,23047.5,Completed
CUST04221,Fatima Akinyemi,Kaduna,52,Home Appliances,42728.29,Completed
CUST04222,Amaka Okafor,Kaduna,69,Accessories,19427.12,Completed
CUST04223,Chukwu Sani,Jos,43,Accessories,80037.87,Completed
CUST04224,David Bello,Uyo,21,Home Appliances,160587.65,Pending
CUST04225,Adebayo Balogun,Uyo,45,Office Supplies,164145.01,Completed
CUST04226,Amaka Eze,Benin City,34,Groceries,176689.52,Completed
CUST04227,Michael Adeyemi,Lagos,29,Furniture,13581.1,Processing
CUST04228,Sarah Mohammed,Jos,62,Sports,227490.65,Completed
CUST04229,David Balogun,Port Harcourt,36,Clothing,23982.01,Cancelled
CUST04230,Adebayo Okeke,Enugu,48,Electronics,25796.62,Completed
CUST04231,David Udo,Ilorin,27,Electronics,23884.73,Returned
CUST04232,Sarah Johnson,Ibadan,65,Accessories,35183.86,Completed
CUST04233,Chioma Nwosu,Lagos,20,Sports,58045.99,Processing
CUST04234,Chioma Abubakar,Jos,29,Electronics,93125.25,Completed
CUST04235,Adebayo Obi,Jos,65,Office Supplies,189383.15,Returned
CUST04236,Tolu Williams,Kano,52,Beauty,52288.75,Completed
CUST04237,Yusuf Johnson,Jos,29,Sports,45404.33,Completed
CUST04238,Tolu Williams,Port Harcourt,33,Office Supplies,63559.39,Returned
CUST04239,Sarah Ibrahim,Benin City,26,Furniture,76087.21,Completed
CUST04240,Grace Ibrahim,Ilorin,46,Home Appliances,198267.99,Completed
CUST04241,Peter Ogunleye,Enugu,45,Furniture,66923.98,Cancelled
CUST04242,Hauwa Udo,Benin City,33,Home Appliances,187594.79,Pending
CUST04243,Blessing Johnson,Kano,60,Office Supplies,137547.86,Pending
CUST04244,Ifeoma Sani,Kaduna,32,Sports,101206.35,Cancelled
CUST04245,David Abubakar,Enugu,43,Sports,203523.18,Completed
CUST04246,Emeka Nwosu,Kaduna,66,Home Appliances,240111.28,Completed
CUST04247,Fatima Ogunleye,Lagos,57,Home Appliances,104136.87,Completed
CUST04248,Blessing Olawale,Ibadan,33,Home Appliances,212252.78,Pending
CUST04249,Ifeoma Ibrahim,Calabar,46,Beauty,230952.89,Completed
CUST04250,Hauwa Mohammed,Jos,32,Sports,52114.37,Completed
CUST04251,Ibrahim Akinyemi,Port Harcourt,66,Office Supplies,137872.28,Completed
CUST04252,Fatima Balogun,Kano,30,Home Appliances,123476.19,Completed
CUST04253,Grace Obi,Benin City,48,Clothing,39184.64,Completed
CUST04254,Joseph Akinyemi,Ibadan,65,Accessories,232806.78,Completed
CUST04255,Yusuf Ibrahim,Enugu,53,Sports,125065.32,Completed
CUST04256,Ada Udo,Lagos,44,Clothing,98339.26,Completed
CUST04257,Grace Udo,Kaduna,55,Furniture,153987.38,Cancelled
CUST04258,Kelechi Onyeka,Warri,60,Clothing,103834.76,Completed
CUST04259,Fatima Ogunleye,Abuja,24,Home Appliances,224236.88,Completed
CUST04260,Yusuf Bello,Abuja,19,Furniture,5804.78,Cancelled
CUST04261,Blessing Balogun,Enugu,21,Books,172791.06,Cancelled
CUST04262,Kelechi Okafor,Abuja,35,Accessories,153395.81,Cancelled
CUST04263,Mary Okafor,Abeokuta,26,Home Appliances,182985.57,Completed
CUST04264,Tolu Balogun,Abuja,36,Home Appliances,195943.99,Completed
CUST04265,Grace Bello,Enugu,29,Sports,160620.01,Returned
CUST04266,Hauwa Udo,Uyo,58,Groceries,97165.39,Pending
CUST04267,Esther Okeke,Ibadan,70,Furniture,149472.03,Completed
CUST04268,Hauwa Udo,Uyo,69,Office Supplies,157661.53,Completed
CUST04269,Yusuf Okeke,Uyo,54,Beauty,126419.14,Pending
CUST04270,Ada Obi,Port Harcourt,59,Home Appliances,175636.41,Completed
CUST04271,Grace Udo,Kaduna,23,Office Supplies,102514.25,Processing
CUST04272,Adebayo Akinyemi,Jos,53,Furniture,54632.24,Completed
CUST04273,Tolu Adeyemi,Abuja,42,Clothing,42472.82,Cancelled
CUST04274,Peter Okafor,Abuja,43,Furniture,141932.43,Completed
CUST04275,Peter Adeyemi,Warri,66,Clothing,48691.99,Completed
CUST04276,Daniel Williams,Kaduna,60,Home Appliances,208311.86,Pending
CUST04277,Yusuf Nwosu,Abeokuta,68,Clothing,70379.67,Returned
CUST04278,Mary Nwosu,Abuja,64,Electronics,238754.48,Returned
CUST04279,Blessing Sani,Ibadan,20,Clothing,248494.03,Processing
CUST04280,Emeka Obi,Enugu,18,Beauty,144596.02,Pending
CUST04281,Ada Eze,Warri,19,Electronics,212108.98,Pending
CUST04282,Zainab Abubakar,Calabar,20,Groceries,132420.97,Returned
CUST04283,Sarah Akinyemi,Calabar,25,Home Appliances,228996.76,Processing
CUST04284,Hauwa Eze,Calabar,57,Office Supplies,9912.89,Completed
CUST04285,Tolu Williams,Kano,50,Sports,75608.29,Completed
CUST04286,Chioma Adeyemi,Ibadan,38,Furniture,18694.92,Completed
CUST04287,Blessing Udo,Jos,24,Books,209337.42,Processing
CUST04288,Tolu Williams,Calabar,52,Home Appliances,14713.7,Completed
CUST04289,Blessing Obi,Uyo,62,Clothing,197684.15,Completed
CUST04290,Musa Balogun,Warri,63,Clothing,145752.12,Completed
CUST04291,Ruth Okafor,Port Harcourt,37,Books,167260.0,Completed
CUST04292,Zainab Ogunleye,Abeokuta,69,Clothing,72349.81,Completed
CUST04293,Victor Onyeka,Kaduna,58,Beauty,79295.52,Processing
CUST04294,Zainab Eze,Warri,56,Furniture,242438.96,Completed
CUST04295,John Olawale,Kaduna,42,Beauty,215050.07,Completed
CUST04296,Emeka Johnson,Abeokuta,68,Clothing,9401.37,Pending
CUST04297,Grace Sani,Abuja,60,Home Appliances,30550.51,Completed
CUST04298,Grace Abubakar,Ibadan,59,Groceries,29764.62,Completed
CUST04299,Chukwu Eze,Owerri,33,Clothing,230022.31,Completed
CUST04300,Chukwu Akinyemi,Ilorin,60,Home Appliances,241453.79,Completed
CUST04301,Emeka Akinyemi,Abeokuta,34,Sports,84300.36,Processing
CUST04302,Ifeoma Usman,Owerri,37,Clothing,529.1,Pending
CUST04303,Grace Usman,Owerri,69,Clothing,233560.95,Completed
CUST04304,Mary Sani,Owerri,57,Beauty,130161.09,Processing
CUST04305,Esther Akinyemi,Enugu,56,Beauty,126683.23,Processing
CUST04306,Joy Johnson,Lagos,19,Sports,26514.07,Processing
CUST04307,Ibrahim Mohammed,Enugu,46,Sports,234771.55,Processing
CUST04308,Yusuf Olawale,Benin City,67,Accessories,74078.52,Completed
CUST04309,Ifeoma Bello,Jos,64,Clothing,113934.79,Completed
CUST04310,Chioma Olawale,Enugu,41,Electronics,64766.16,Returned
CUST04311,Blessing Okafor,Jos,20,Clothing,73532.72,Processing
CUST04312,Zainab Nwosu,Abuja,32,Electronics,246707.49,Completed
CUST04313,Joseph Akinyemi,Uyo,29,Beauty,10155.3,Pending
CUST04314,Samuel Obi,Calabar,18,Electronics,242104.45,Processing
CUST04315,Sarah Akinyemi,Abeokuta,56,Electronics,168087.15,Processing
CUST04316,Amaka Obi,Kaduna,26,Accessories,35201.13,Completed
CUST04317,Ifeoma Williams,Abeokuta,64,Clothing,30450.61,Returned
CUST04318,Ada Abubakar,Port Harcourt,32,Groceries,138064.74,Completed
CUST04319,Mary Balogun,Kano,18,Accessories,69447.56,Completed
CUST04320,Chioma Ogunleye,Ibadan,40,Office Supplies,147774.04,Completed
CUST04321,Adebayo Nwosu,Abuja,20,Accessories,67012.45,Completed
CUST04322,Tolu Johnson,Benin City,68,Clothing,176140.15,Processing
CUST04323,Esther Okafor,Uyo,67,Sports,48580.12,Processing
CUST04324,Samuel Balogun,Port Harcourt,67,Accessories,148022.37,Processing
CUST04325,Adebayo Akinyemi,Kano,25,Sports,239126.72,Completed
CUST04326,Chukwu Sani,Warri,47,Accessories,60085.02,Completed
CUST04327,Mary Okafor,Uyo,22,Electronics,223741.37,Completed
CUST04328,Grace Mohammed,Ibadan,37,Clothing,153325.78,Returned
CUST04329,Chioma Ogunleye,Warri,24,Beauty,71995.6,Completed
CUST04330,Amaka Bello,Kano,64,Groceries,137661.9,Completed
CUST04331,Joseph Ogunleye,Jos,53,Office Supplies,55837.58,Completed
CUST04332,Kelechi Olawale,Kaduna,53,Electronics,168430.3,Completed
CUST04333,Mary Udo,Warri,25,Groceries,24359.29,Returned
CUST04334,Joy Bello,Kano,33,Home Appliances,149075.42,Completed
CUST04335,Victor Mohammed,Abeokuta,38,Sports,228743.77,Cancelled
CUST04336,Peter Udo,Kano,62,Electronics,136194.2,Completed
CUST04337,Peter Okafor,Uyo,44,Office Supplies,241188.08,Completed
CUST04338,Chukwu Ibrahim,Benin City,27,Accessories,151944.03,Completed
CUST04339,Adebayo Okeke,Abuja,64,Electronics,97142.11,Completed
CUST04340,Fatima Johnson,Kaduna,66,Beauty,92829.38,Processing
CUST04341,Emeka Okeke,Benin City,27,Books,103608.26,Processing
CUST04342,Sarah Onyeka,Abuja,37,Office Supplies,224732.11,Completed
CUST04343,Esther Johnson,Jos,19,Accessories,70106.21,Completed
CUST04344,Michael Sani,Ilorin,28,Office Supplies,212223.66,Completed
CUST04345,Grace Bello,Warri,49,Groceries,80794.08,Returned
CUST04346,Adebayo Onyeka,Kano,61,Groceries,60116.06,Completed
CUST04347,Daniel Abubakar,Ibadan,37,Accessories,1216.74,Completed
CUST04348,Emeka Bello,Owerri,26,Beauty,27674.97,Completed
CUST04349,Fatima Okeke,Ilorin,24,Sports,133655.93,Completed
CUST04350,Grace Udo,Calabar,19,Home Appliances,43549.94,Completed
CUST04351,Amaka Okeke,Lagos,28,Beauty,41156.44,Completed
CUST04352,Fatima Williams,Ibadan,60,Groceries,155155.14,Completed
CUST04353,Joy Ibrahim,Benin City,29,Furniture,212084.66,Completed
CUST04354,Mary Balogun,Abeokuta,42,Furniture,11546.38,Completed
CUST04355,Victor Balogun,Ilorin,45,Home Appliances,45975.65,Processing
CUST04356,Joy Sani,Abuja,46,Groceries,24824.71,Completed
CUST04357,Ifeoma Sani,Port Harcourt,26,Electronics,75526.32,Completed
CUST04358,Mary Abubakar,Calabar,25,Sports,171132.15,Completed
CUST04359,Musa Okeke,Enugu,56,Furniture,118722.89,Processing
CUST04360,Adebayo Okeke,Ibadan,26,Sports,187887.28,Processing
CUST04361,Tolu Johnson,Ilorin,28,Accessories,11313.29,Completed
CUST04362,Victor Olawale,Lagos,29,Groceries,11294.69,Completed
CUST04363,Peter Adeyemi,Abuja,54,Furniture,160755.66,Completed
CUST04364,Joy Johnson,Kaduna,56,Books,21211.04,Completed
CUST04365,Chukwu Okafor,Port Harcourt,63,Office Supplies,162016.57,Completed
CUST04366,Michael Balogun,Port Harcourt,39,Home Appliances,178892.63,Pending
CUST04367,Ibrahim Usman,Abuja,50,Sports,88490.49,Completed
CUST04368,Adebayo Bello,Ilorin,57,Groceries,56745.45,Completed
CUST04369,Kelechi Olawale,Owerri,69,Furniture,34200.69,Completed
CUST04370,Michael Bello,Kaduna,68,Accessories,192100.68,Completed
CUST04371,Michael Ibrahim,Kaduna,64,Beauty,209470.75,Completed
CUST04372,Amaka Obi,Ilorin,36,Sports,48973.03,Completed
CUST04373,Zainab Obi,Calabar,23,Books,243509.38,Completed
CUST04374,Sarah Akinyemi,Benin City,21,Sports,44219.37,Completed
CUST04375,Musa Akinyemi,Abuja,26,Electronics,195943.78,Completed
CUST04376,Emeka Mohammed,Kaduna,53,Electronics,101709.7,Completed
CUST04377,Hauwa Sani,Lagos,27,Groceries,61495.47,Pending
CUST04378,Michael Usman,Jos,53,Books,6034.5,Pending
CUST04379,Blessing Akinyemi,Ibadan,39,Furniture,33892.43,Completed
CUST04380,Blessing Obi,Abeokuta,40,Office Supplies,38849.21,Returned
CUST04381,Michael Ogunleye,Owerri,36,Accessories,91924.38,Completed
CUST04382,Blessing Eze,Abuja,36,Groceries,151578.35,Completed
CUST04383,Chukwu Okafor,Owerri,33,Books,207548.77,Cancelled
CUST04384,Fatima Udo,Warri,52,Office Supplies,226968.27,Completed
CUST04385,Fatima Eze,Ibadan,27,Beauty,109352.5,Completed
CUST04386,Joseph Ogunleye,Uyo,42,Home Appliances,153161.14,Completed
CUST04387,Blessing Onyeka,Owerri,34,Clothing,122734.92,Completed
CUST04388,Amaka Usman,Enugu,39,Office Supplies,17917.8,Processing
CUST04389,Musa Williams,Calabar,51,Groceries,10335.0,Completed
CUST04390,Daniel Okafor,Uyo,42,Sports,40937.78,Completed
CUST04391,Grace Abubakar,Enugu,46,Furniture,217879.35,Completed
CUST04392,Amaka Balogun,Kaduna,29,Beauty,78997.77,Completed
CUST04393,Amaka Johnson,Kaduna,41,Home Appliances,78520.99,Cancelled
CUST04394,Joy Usman,Enugu,34,Accessories,110335.67,Completed
CUST04395,Sarah Abubakar,Port Harcourt,35,Office Supplies,72012.57,Completed
CUST04396,Tolu Okafor,Kano,44,Groceries,78742.48,Processing
CUST04397,Peter Balogun,Ilorin,44,Sports,95784.8,Processing
CUST04398,Ruth Obi,Port Harcourt,70,Electronics,216595.34,Cancelled
CUST04399,Kelechi Bello,Calabar,44,Books,44851.3,Processing
CUST04400,Hauwa Mohammed,Owerri,19,Office Supplies,110226.39,Cancelled
CUST04401,Daniel Nwosu,Uyo,26,Clothing,32769.33,Completed
CUST04402,Sarah Olawale,Calabar,18,Groceries,36857.38,Completed
CUST04403,Musa Usman,Kaduna,53,Electronics,71736.45,Completed
CUST04404,Blessing Udo,Kaduna,26,Sports,29076.44,Completed
CUST04405,Ibrahim Adeyemi,Kaduna,19,Furniture,57563.81,Completed
CUST04406,Chioma Eze,Kano,46,Accessories,170166.56,Processing
CUST04407,Chioma Johnson,Ibadan,46,Groceries,173361.54,Processing
CUST04408,Ibrahim Nwosu,Benin City,22,Home Appliances,122072.21,Cancelled
CUST04409,Samuel Okafor,Enugu,30,Home Appliances,157544.29,Pending
CUST04410,Ruth Ogunleye,Enugu,30,Electronics,28228.11,Processing
CUST04411,Musa Balogun,Lagos,70,Electronics,222838.04,Pending
CUST04412,John Ibrahim,Abeokuta,35,Groceries,96939.87,Completed
CUST04413,Ruth Onyeka,Ibadan,31,Furniture,105729.33,Completed
CUST04414,Peter Okeke,Lagos,68,Accessories,41617.24,Processing
CUST04415,Mary Sani,Enugu,49,Clothing,174335.53,Completed
CUST04416,Ruth Mohammed,Jos,61,Beauty,151657.24,Completed
CUST04417,Sarah Sani,Port Harcourt,19,Accessories,246343.28,Processing
CUST04418,Daniel Udo,Owerri,21,Clothing,216775.06,Completed
CUST04419,Joy Olawale,Warri,23,Office Supplies,232633.85,Completed
CUST04420,Victor Okafor,Abuja,24,Sports,72961.08,Completed
CUST04421,Esther Ogunleye,Owerri,62,Electronics,135234.82,Completed
CUST04422,John Ogunleye,Ilorin,58,Electronics,71478.17,Pending
CUST04423,Chukwu Ibrahim,Lagos,35,Furniture,15992.0,Completed
CUST04424,Musa Ogunleye,Benin City,22,Furniture,208413.62,Completed
CUST04425,Joseph Obi,Kano,50,Furniture,119341.02,Completed
CUST04426,Esther Ogunleye,Lagos,30,Electronics,156125.74,Completed
CUST04427,Zainab Okeke,Abeokuta,38,Home Appliances,70476.01,Completed
CUST04428,Victor Bello,Abeokuta,34,Electronics,22825.34,Processing
CUST04429,Chukwu Balogun,Calabar,47,Clothing,101214.49,Completed
CUST04430,Ibrahim Onyeka,Jos,63,Furniture,120946.12,Completed
CUST04431,Emeka Obi,Benin City,51,Home Appliances,106087.71,Cancelled
CUST04432,Sarah Obi,Abuja,54,Office Supplies,117518.95,Returned
CUST04433,Samuel Olawale,Ilorin,65,Accessories,50511.11,Completed
CUST04434,Sarah Eze,Kaduna,20,Sports,216212.76,Completed
CUST04435,Mary Williams,Benin City,30,Beauty,89150.35,Completed
CUST04436,Peter Olawale,Enugu,38,Books,176404.67,Completed
CUST04437,Fatima Olawale,Ibadan,33,Office Supplies,164042.0,Cancelled
CUST04438,John Abubakar,Kano,28,Home Appliances,100059.93,Completed
CUST04439,Samuel Usman,Benin City,53,Electronics,16657.3,Completed
CUST04440,Victor Nwosu,Calabar,45,Home Appliances,137024.55,Completed
CUST04441,Yusuf Okafor,Uyo,67,Furniture,1639.86,Cancelled
CUST04442,David Williams,Port Harcourt,70,Books,44712.91,Cancelled
CUST04443,Sarah Udo,Abeokuta,69,Furniture,63780.19,Completed
CUST04444,Esther Adeyemi,Port Harcourt,38,Groceries,218700.08,Completed
CUST04445,Grace Akinyemi,Abuja,33,Electronics,200952.86,Completed
CUST04446,Yusuf Okafor,Abeokuta,54,Books,31287.28,Pending
CUST04447,Adebayo Bello,Warri,32,Accessories,216260.67,Returned
CUST04448,Blessing Usman,Kaduna,47,Clothing,30239.62,Cancelled
CUST04449,Grace Balogun,Benin City,26,Books,163126.99,Processing
CUST04450,Yusuf Okafor,Warri,56,Electronics,2179.82,Processing
CUST04451,Chioma Eze,Lagos,70,Groceries,179089.09,Completed
CUST04452,Yusuf Ibrahim,Jos,36,Books,54171.17,Pending
CUST04453,Chukwu Olawale,Owerri,60,Books,212195.35,Pending
CUST04454,Samuel Usman,Abuja,66,Office Supplies,208558.81,Cancelled
CUST04455,Musa Akinyemi,Calabar,25,Office Supplies,145651.49,Completed
CUST04456,Michael Olawale,Owerri,57,Home Appliances,87483.01,Completed
CUST04457,Kelechi Bello,Enugu,36,Electronics,151823.73,Pending
CUST04458,Michael Ogunleye,Uyo,33,Furniture,71910.83,Completed
CUST04459,Adebayo Sani,Owerri,41,Groceries,40390.18,Returned
CUST04460,Grace Balogun,Jos,42,Sports,49089.26,Completed
CUST04461,Yusuf Abubakar,Port Harcourt,23,Office Supplies,19007.8,Completed
CUST04462,Joy Okafor,Kaduna,19,Sports,173327.53,Completed
CUST04463,Fatima Akinyemi,Lagos,66,Clothing,83660.37,Cancelled
CUST04464,Peter Obi,Abuja,39,Electronics,186311.78,Completed
CUST04465,Emeka Okeke,Owerri,27,Home Appliances,2253.12,Completed
CUST04466,Chioma Okeke,Benin City,53,Office Supplies,179449.01,Pending
CUST04467,Ruth Bello,Calabar,39,Office Supplies,113942.18,Completed
CUST04468,Ruth Williams,Ibadan,38,Beauty,126912.33,Pending
CUST04469,Esther Usman,Calabar,23,Office Supplies,46743.09,Completed
CUST04470,Michael Usman,Ilorin,23,Beauty,96116.37,Processing
CUST04471,Ibrahim Ogunleye,Calabar,44,Home Appliances,213269.62,Pending
CUST04472,Fatima Balogun,Lagos,31,Clothing,235604.25,Processing
CUST04473,Ibrahim Balogun,Uyo,60,Home Appliances,105835.07,Completed
CUST04474,John Balogun,Kano,43,Accessories,83284.82,Returned
CUST04475,Peter Abubakar,Owerri,49,Groceries,72542.31,Completed
CUST04476,Chukwu Balogun,Lagos,52,Home Appliances,166026.1,Completed
CUST04477,Ada Okeke,Warri,19,Sports,21526.97,Completed
CUST04478,Kelechi Mohammed,Kano,31,Groceries,123889.43,Completed
CUST04479,Joseph Williams,Owerri,21,Furniture,247088.28,Completed
CUST04480,Sarah Williams,Enugu,56,Furniture,202960.59,Completed
CUST04481,Chukwu Adeyemi,Owerri,20,Office Supplies,13127.5,Returned
CUST04482,Peter Johnson,Abuja,53,Books,130272.26,Pending
CUST04483,Amaka Ibrahim,Uyo,70,Accessories,241794.95,Completed
CUST04484,Joseph Johnson,Benin City,62,Beauty,16140.63,Completed
CUST04485,Joy Abubakar,Ilorin,61,Electronics,155418.84,Completed
CUST04486,Zainab Nwosu,Owerri,32,Books,104304.34,Completed
CUST04487,Kelechi Akinyemi,Enugu,28,Accessories,229049.59,Completed
CUST04488,Amaka Eze,Port Harcourt,26,Home Appliances,129990.2,Completed
CUST04489,Ruth Udo,Kano,67,Books,223535.01,Processing
CUST04490,Kelechi Bello,Uyo,18,Sports,227842.36,Completed
CUST04491,Victor Eze,Lagos,40,Accessories,236720.74,Pending
CUST04492,Hauwa Johnson,Lagos,57,Home Appliances,124311.24,Completed
CUST04493,Samuel Sani,Abeokuta,36,Groceries,23688.76,Completed
CUST04494,Tolu Ibrahim,Port Harcourt,60,Home Appliances,151610.87,Completed
CUST04495,Sarah Olawale,Jos,19,Clothing,101398.87,Completed
CUST04496,Blessing Obi,Abeokuta,49,Books,99547.17,Processing
CUST04497,Ada Ogunleye,Abeokuta,69,Furniture,102306.53,Completed
CUST04498,Mary Ogunleye,Calabar,60,Sports,6168.08,Pending
CUST04499,Michael Abubakar,Kaduna,43,Groceries,148041.33,Completed
CUST04500,Sarah Akinyemi,Kaduna,50,Accessories,2822.99,Pending
CUST04501,Yusuf Bello,Jos,43,Clothing,237401.85,Processing
CUST04502,David Abubakar,Port Harcourt,53,Office Supplies,169002.68,Pending
CUST04503,Joy Okafor,Kaduna,36,Office Supplies,145943.42,Cancelled
CUST04504,Peter Onyeka,Abuja,26,Sports,85366.07,Completed
CUST04505,Samuel Balogun,Enugu,38,Office Supplies,208990.57,Completed
CUST04506,Adebayo Onyeka,Uyo,30,Accessories,92355.14,Cancelled
CUST04507,Adebayo Mohammed,Lagos,22,Beauty,31221.49,Completed
CUST04508,Musa Okeke,Benin City,48,Accessories,145688.52,Completed
CUST04509,Victor Balogun,Ilorin,40,Home Appliances,87745.95,Completed
CUST04510,Mary Bello,Abuja,59,Clothing,210382.34,Completed
CUST04511,Sarah Adeyemi,Lagos,59,Sports,193472.61,Completed
CUST04512,Joy Abubakar,Kano,35,Office Supplies,176008.9,Completed
CUST04513,Samuel Onyeka,Uyo,49,Sports,159872.02,Processing
CUST04514,Joseph Johnson,Jos,19,Groceries,147422.91,Completed
CUST04515,Tolu Balogun,Benin City,58,Electronics,15975.37,Completed
CUST04516,Victor Adeyemi,Kaduna,35,Groceries,142915.88,Processing
CUST04517,Michael Sani,Benin City,27,Groceries,40533.68,Returned
CUST04518,Sarah Sani,Ibadan,70,Clothing,158506.13,Completed
CUST04519,Ifeoma Adeyemi,Lagos,68,Books,159743.69,Completed
CUST04520,Chioma Nwosu,Warri,29,Home Appliances,162810.79,Completed
CUST04521,Daniel Udo,Kaduna,41,Furniture,117406.64,Cancelled
CUST04522,Joseph Ibrahim,Lagos,62,Sports,123717.17,Cancelled
CUST04523,Emeka Nwosu,Kano,43,Office Supplies,91885.46,Completed
CUST04524,Kelechi Usman,Kano,21,Home Appliances,135698.97,Completed
CUST04525,Yusuf Olawale,Jos,37,Beauty,234937.58,Completed
CUST04526,David Eze,Kano,42,Home Appliances,224083.45,Processing
CUST04527,Ada Akinyemi,Benin City,50,Furniture,166572.62,Returned
CUST04528,John Williams,Warri,36,Accessories,185358.8,Completed
CUST04529,Zainab Olawale,Jos,53,Home Appliances,157504.51,Returned
CUST04530,Victor Usman,Ibadan,45,Home Appliances,207471.85,Completed
CUST04531,Fatima Balogun,Lagos,60,Books,118203.75,Completed
CUST04532,Adebayo Ogunleye,Calabar,56,Beauty,60944.7,Cancelled
CUST04533,Joseph Akinyemi,Warri,69,Office Supplies,140224.15,Pending
CUST04534,Joseph Nwosu,Kano,33,Home Appliances,249204.29,Pending
CUST04535,Ruth Onyeka,Lagos,40,Electronics,190795.66,Cancelled
CUST04536,David Adeyemi,Benin City,64,Electronics,148980.28,Completed
CUST04537,Michael Bello,Port Harcourt,64,Electronics,12807.88,Completed
CUST04538,Ifeoma Sani,Warri,30,Office Supplies,11443.46,Completed
CUST04539,Fatima Usman,Calabar,27,Office Supplies,78700.2,Pending
CUST04540,Zainab Olawale,Jos,58,Electronics,60441.24,Processing
CUST04541,Emeka Akinyemi,Port Harcourt,39,Accessories,248201.87,Completed
CUST04542,Chukwu Balogun,Owerri,62,Electronics,74991.85,Completed
CUST04543,Ada Abubakar,Abeokuta,24,Beauty,52449.19,Completed
CUST04544,Emeka Balogun,Calabar,47,Office Supplies,66224.19,Pending
CUST04545,Ada Johnson,Uyo,32,Books,155119.62,Returned
CUST04546,David Williams,Abuja,69,Clothing,27941.04,Completed
CUST04547,Esther Udo,Lagos,35,Groceries,100291.22,Completed
CUST04548,Samuel Nwosu,Port Harcourt,53,Home Appliances,210127.18,Completed
CUST04549,Ifeoma Olawale,Abuja,62,Electronics,130905.06,Completed
CUST04550,John Williams,Abeokuta,63,Sports,87156.68,Completed
CUST04551,Emeka Nwosu,Jos,66,Home Appliances,244200.36,Cancelled
CUST04552,Victor Eze,Ilorin,32,Sports,23464.4,Completed
CUST04553,Musa Ibrahim,Benin City,40,Sports,188955.83,Completed
CUST04554,Samuel Adeyemi,Calabar,66,Home Appliances,33949.72,Completed
CUST04555,Ruth Obi,Enugu,47,Furniture,61881.5,Completed
CUST04556,Tolu Balogun,Uyo,23,Sports,207618.07,Completed
CUST04557,Sarah Abubakar,Warri,45,Beauty,220745.47,Completed
CUST04558,Sarah Okafor,Abeokuta,34,Accessories,29654.11,Processing
CUST04559,Joseph Bello,Enugu,28,Electronics,147299.13,Processing
CUST04560,Sarah Udo,Ibadan,23,Office Supplies,208068.71,Completed
CUST04561,Amaka Johnson,Calabar,57,Office Supplies,84023.38,Completed
CUST04562,Hauwa Usman,Lagos,37,Sports,8145.72,Completed
CUST04563,Joy Udo,Abeokuta,27,Groceries,228597.02,Pending
CUST04564,Sarah Bello,Ibadan,61,Clothing,236912.02,Processing
CUST04565,Yusuf Nwosu,Warri,32,Accessories,229941.46,Completed
CUST04566,Chukwu Ibrahim,Abeokuta,40,Clothing,164401.23,Pending
CUST04567,Chukwu Balogun,Benin City,56,Furniture,100199.45,Completed
CUST04568,Ruth Balogun,Abeokuta,29,Furniture,26789.07,Completed
CUST04569,Blessing Olawale,Warri,41,Books,94664.72,Completed
CUST04570,Joy Eze,Abuja,63,Sports,73218.83,Completed
CUST04571,Grace Nwosu,Ibadan,23,Accessories,212713.61,Completed
CUST04572,Grace Johnson,Enugu,57,Sports,56275.34,Cancelled
CUST04573,Musa Adeyemi,Jos,59,Groceries,166126.5,Completed
CUST04574,Blessing Obi,Jos,59,Clothing,80190.29,Completed
CUST04575,Ada Udo,Abuja,61,Books,151249.04,Completed
CUST04576,Amaka Mohammed,Warri,22,Books,53427.03,Completed
CUST04577,Tolu Akinyemi,Port Harcourt,61,Office Supplies,20868.22,Completed
CUST04578,John Usman,Ibadan,70,Office Supplies,38926.06,Completed
CUST04579,Mary Johnson,Enugu,54,Clothing,196716.89,Completed
CUST04580,Ada Bello,Enugu,67,Books,28499.24,Completed
CUST04581,Chioma Udo,Abeokuta,61,Books,121843.79,Completed
CUST04582,Grace Olawale,Uyo,56,Office Supplies,210125.86,Completed
CUST04583,Ruth Williams,Lagos,34,Beauty,79466.06,Completed
CUST04584,Ifeoma Okafor,Port Harcourt,67,Home Appliances,185606.75,Completed
CUST04585,Mary Usman,Abeokuta,57,Electronics,221766.41,Cancelled
CUST04586,Grace Olawale,Calabar,21,Groceries,148621.47,Completed
CUST04587,Samuel Okeke,Lagos,33,Electronics,68068.35,Completed
CUST04588,Hauwa Williams,Kano,44,Books,169863.01,Completed
CUST04589,Emeka Onyeka,Owerri,64,Groceries,60042.4,Completed
CUST04590,John Obi,Lagos,22,Furniture,207530.37,Pending
CUST04591,Samuel Abubakar,Abuja,21,Sports,25054.67,Completed
CUST04592,Michael Adeyemi,Abuja,52,Beauty,39941.78,Completed
CUST04593,Fatima Onyeka,Jos,53,Groceries,90431.47,Completed
CUST04594,Chukwu Onyeka,Owerri,30,Clothing,220373.92,Pending
CUST04595,John Obi,Owerri,67,Home Appliances,55585.35,Returned
CUST04596,Fatima Onyeka,Ilorin,61,Clothing,162137.0,Pending
CUST04597,Fatima Okeke,Ilorin,18,Books,187277.82,Completed
CUST04598,Grace Usman,Enugu,48,Groceries,11567.09,Completed
CUST04599,Chioma Eze,Kano,62,Clothing,195141.32,Processing
CUST04600,Zainab Okafor,Kaduna,25,Home Appliances,60380.01,Completed
CUST04601,Ruth Okafor,Warri,59,Accessories,209491.52,Completed
CUST04602,Ifeoma Williams,Kaduna,18,Accessories,92844.32,Cancelled
CUST04603,Musa Udo,Warri,23,Office Supplies,66226.23,Pending
CUST04604,Esther Nwosu,Calabar,41,Home Appliances,151386.84,Completed
CUST04605,Michael Olawale,Benin City,42,Clothing,150019.95,Completed
CUST04606,Blessing Eze,Ibadan,46,Books,183597.03,Cancelled
CUST04607,Ibrahim Ogunleye,Abeokuta,44,Groceries,211618.18,Completed
CUST04608,Esther Okeke,Abuja,26,Home Appliances,191233.98,Completed
CUST04609,Kelechi Bello,Abeokuta,32,Electronics,93079.51,Completed
CUST04610,Samuel Obi,Ibadan,52,Accessories,119469.9,Completed
CUST04611,Chukwu Abubakar,Owerri,26,Furniture,171855.46,Processing
CUST04612,Kelechi Ibrahim,Jos,42,Clothing,75498.93,Cancelled
CUST04613,Musa Okeke,Port Harcourt,49,Home Appliances,51218.26,Completed
CUST04614,Grace Obi,Abuja,69,Books,104038.59,Completed
CUST04615,Grace Abubakar,Jos,60,Clothing,93663.95,Completed
CUST04616,Fatima Obi,Ilorin,43,Accessories,184287.06,Completed
CUST04617,Zainab Akinyemi,Kano,48,Electronics,210433.69,Completed
CUST04618,Michael Onyeka,Ilorin,42,Office Supplies,127640.69,Completed
CUST04619,Adebayo Williams,Enugu,53,Accessories,194857.94,Completed
CUST04620,Adebayo Nwosu,Abeokuta,32,Books,170735.78,Processing
CUST04621,Fatima Okeke,Owerri,32,Clothing,191382.82,Completed
CUST04622,Ifeoma Balogun,Warri,63,Office Supplies,28425.86,Pending
CUST04623,Blessing Adeyemi,Enugu,39,Office Supplies,55782.97,Completed
CUST04624,Zainab Nwosu,Lagos,42,Groceries,144762.88,Completed
CUST04625,Samuel Abubakar,Port Harcourt,50,Groceries,70209.43,Completed
CUST04626,Yusuf Okafor,Abuja,52,Clothing,111601.35,Completed
CUST04627,Michael Adeyemi,Uyo,70,Books,83683.09,Completed
CUST04628,Joy Ogunleye,Jos,34,Office Supplies,119279.15,Completed
CUST04629,Joy Bello,Ilorin,56,Electronics,78948.06,Processing
CUST04630,Chioma Obi,Kaduna,25,Clothing,69807.86,Returned
CUST04631,Amaka Mohammed,Enugu,40,Accessories,184448.9,Completed
CUST04632,Mary Obi,Calabar,18,Home Appliances,19265.45,Completed
CUST04633,Amaka Mohammed,Enugu,33,Clothing,248288.53,Completed
CUST04634,Tolu Abubakar,Ilorin,47,Sports,208204.94,Completed
CUST04635,Ifeoma Akinyemi,Abuja,44,Office Supplies,76289.45,Completed
CUST04636,Blessing Onyeka,Abeokuta,22,Clothing,143500.34,Processing
CUST04637,John Udo,Jos,55,Office Supplies,13411.65,Completed
CUST04638,Ifeoma Adeyemi,Abuja,66,Furniture,160759.41,Completed
CUST04639,Emeka Akinyemi,Kaduna,40,Furniture,198841.27,Pending
CUST04640,Tolu Okeke,Ibadan,69,Furniture,105412.38,Completed
CUST04641,Victor Johnson,Abuja,48,Office Supplies,215249.18,Completed
CUST04642,Peter Adeyemi,Warri,20,Beauty,172319.55,Returned
CUST04643,Fatima Usman,Jos,28,Office Supplies,89330.36,Completed
CUST04644,John Mohammed,Abeokuta,32,Sports,173718.78,Processing
CUST04645,Victor Johnson,Jos,56,Office Supplies,137050.97,Returned
CUST04646,Chioma Usman,Uyo,35,Furniture,150949.07,Completed
CUST04647,Zainab Mohammed,Warri,39,Clothing,109500.39,Completed
CUST04648,Victor Sani,Owerri,65,Groceries,80684.75,Processing
CUST04649,Emeka Nwosu,Uyo,49,Home Appliances,224510.12,Processing
CUST04650,Tolu Abubakar,Owerri,30,Home Appliances,202779.25,Completed
CUST04651,Mary Okeke,Ibadan,54,Office Supplies,65298.51,Completed
CUST04652,Victor Williams,Owerri,67,Accessories,62940.99,Completed
CUST04653,David Okeke,Ibadan,67,Electronics,150786.86,Completed
CUST04654,Kelechi Usman,Ilorin,43,Accessories,165377.84,Completed
CUST04655,Joy Adeyemi,Jos,55,Home Appliances,173948.49,Completed
CUST04656,Musa Udo,Abeokuta,47,Groceries,157418.7,Processing
CUST04657,Chukwu Onyeka,Owerri,57,Office Supplies,216564.26,Pending
CUST04658,Samuel Usman,Jos,67,Furniture,82172.29,Processing
CUST04659,Zainab Eze,Enugu,43,Accessories,16116.37,Returned
CUST04660,Yusuf Sani,Kaduna,30,Home Appliances,113219.0,Completed
CUST04661,Chioma Obi,Kaduna,60,Furniture,176660.44,Processing
CUST04662,Ibrahim Abubakar,Kano,26,Groceries,161593.67,Pending
CUST04663,Daniel Obi,Owerri,57,Accessories,219892.77,Returned
CUST04664,Fatima Adeyemi,Enugu,61,Furniture,46227.25,Completed
CUST04665,David Ibrahim,Calabar,18,Clothing,222892.73,Completed
CUST04666,Amaka Ibrahim,Kano,35,Groceries,74150.31,Processing
CUST04667,Ruth Nwosu,Port Harcourt,60,Electronics,39356.55,Completed
CUST04668,Amaka Olawale,Lagos,62,Office Supplies,76929.89,Completed
CUST04669,Ibrahim Eze,Abuja,60,Accessories,106463.53,Completed
CUST04670,David Akinyemi,Kano,18,Office Supplies,200681.58,Completed
CUST04671,Grace Usman,Benin City,30,Office Supplies,134799.45,Pending
CUST04672,Musa Williams,Kaduna,20,Sports,77778.74,Pending
CUST04673,Grace Mohammed,Abuja,61,Office Supplies,13974.24,Processing
CUST04674,Ifeoma Okeke,Uyo,22,Clothing,6814.66,Completed
CUST04675,Michael Mohammed,Ilorin,35,Groceries,187343.5,Completed
CUST04676,Ifeoma Adeyemi,Jos,29,Furniture,120084.22,Pending
CUST04677,Sarah Udo,Jos,45,Office Supplies,43337.93,Completed
CUST04678,Esther Johnson,Ibadan,52,Home Appliances,23340.3,Completed
CUST04679,Victor Eze,Jos,70,Accessories,195614.33,Completed
CUST04680,Ada Okafor,Uyo,57,Furniture,195865.83,Completed
CUST04681,Daniel Balogun,Kano,18,Home Appliances,106174.35,Completed
CUST04682,Hauwa Williams,Kano,44,Furniture,50412.9,Completed
CUST04683,John Onyeka,Ilorin,32,Furniture,64357.13,Completed
CUST04684,Tolu Ogunleye,Enugu,45,Office Supplies,63619.09,Completed
CUST04685,Sarah Olawale,Warri,36,Groceries,71087.59,Pending
CUST04686,Ifeoma Okeke,Ilorin,26,Accessories,82459.11,Completed
CUST04687,Daniel Williams,Benin City,70,Electronics,144414.99,Completed
CUST04688,Kelechi Onyeka,Jos,51,Office Supplies,247174.33,Completed
CUST04689,Musa Usman,Uyo,58,Electronics,62203.45,Completed
CUST04690,Musa Sani,Uyo,45,Beauty,81706.62,Completed
CUST04691,Tolu Usman,Enugu,39,Electronics,64672.1,Completed
CUST04692,Mary Ogunleye,Ibadan,18,Electronics,190511.48,Cancelled
CUST04693,David Nwosu,Port Harcourt,53,Accessories,237386.25,Completed
CUST04694,Daniel Ibrahim,Owerri,64,Office Supplies,161272.93,Pending
CUST04695,John Akinyemi,Enugu,46,Office Supplies,134735.0,Completed
CUST04696,Samuel Okafor,Enugu,62,Clothing,114407.58,Returned
CUST04697,Joseph Okafor,Uyo,45,Office Supplies,12896.28,Returned
CUST04698,Joy Bello,Calabar,23,Clothing,6603.56,Cancelled
CUST04699,Amaka Ogunleye,Kano,68,Books,25679.69,Completed
CUST04700,Victor Olawale,Enugu,45,Sports,37.88,Completed
CUST04701,Mary Ogunleye,Enugu,19,Clothing,96105.25,Pending
CUST04702,Daniel Udo,Calabar,64,Groceries,51122.44,Pending
CUST04703,Esther Sani,Calabar,58,Home Appliances,143881.53,Completed
CUST04704,Musa Nwosu,Benin City,66,Electronics,161437.11,Cancelled
CUST04705,Sarah Udo,Warri,32,Books,85805.34,Completed
CUST04706,Victor Nwosu,Calabar,29,Accessories,108672.51,Completed
CUST04707,Ibrahim Onyeka,Ilorin,28,Sports,200389.28,Completed
CUST04708,Chukwu Balogun,Benin City,21,Furniture,134740.85,Returned
CUST04709,Blessing Akinyemi,Owerri,29,Home Appliances,218639.23,Completed
CUST04710,Amaka Eze,Jos,44,Furniture,129337.52,Completed
CUST04711,Fatima Akinyemi,Uyo,53,Electronics,167801.52,Completed
CUST04712,John Olawale,Ibadan,19,Clothing,5458.37,Completed
CUST04713,Kelechi Balogun,Kaduna,53,Office Supplies,94358.69,Completed
CUST04714,Amaka Sani,Jos,31,Electronics,189779.03,Pending
CUST04715,John Olawale,Port Harcourt,63,Books,114930.12,Completed
CUST04716,Kelechi Usman,Lagos,31,Home Appliances,81903.79,Completed
CUST04717,Yusuf Akinyemi,Ibadan,34,Beauty,170008.71,Completed
CUST04718,Joy Nwosu,Enugu,50,Office Supplies,94395.55,Pending
CUST04719,Fatima Johnson,Abuja,52,Clothing,168574.45,Completed
CUST04720,Fatima Olawale,Kaduna,61,Home Appliances,22217.1,Pending
CUST04721,Hauwa Adeyemi,Kaduna,32,Clothing,221480.05,Completed
CUST04722,Ruth Olawale,Kaduna,47,Home Appliances,43285.51,Completed
CUST04723,Chioma Okeke,Ibadan,43,Books,134557.24,Pending
CUST04724,John Sani,Calabar,53,Office Supplies,122109.03,Completed
CUST04725,Amaka Usman,Warri,41,Office Supplies,68171.93,Completed
CUST04726,Fatima Ibrahim,Uyo,50,Sports,34605.87,Completed
CUST04727,Yusuf Bello,Owerri,47,Beauty,219547.45,Returned
CUST04728,Kelechi Johnson,Kaduna,42,Books,104987.4,Completed
CUST04729,Adebayo Nwosu,Uyo,27,Electronics,239575.44,Completed
CUST04730,Samuel Olawale,Abuja,37,Office Supplies,111301.91,Completed
CUST04731,Emeka Eze,Benin City,66,Books,191638.52,Pending
CUST04732,Yusuf Adeyemi,Ilorin,55,Electronics,197196.87,Pending
CUST04733,Chukwu Udo,Uyo,35,Electronics,199082.28,Completed
CUST04734,Esther Ogunleye,Port Harcourt,33,Beauty,180594.81,Completed
CUST04735,John Mohammed,Jos,60,Home Appliances,91380.11,Completed
CUST04736,Ifeoma Williams,Uyo,61,Groceries,235373.11,Completed
CUST04737,Chukwu Okafor,Uyo,20,Beauty,116617.1,Returned
CUST04738,Peter Eze,Abuja,21,Furniture,203737.81,Completed
CUST04739,Kelechi Olawale,Uyo,44,Clothing,19689.14,Pending
CUST04740,Joy Ogunleye,Ilorin,55,Home Appliances,208391.18,Processing
CUST04741,Emeka Onyeka,Abuja,61,Sports,125608.05,Cancelled
CUST04742,Samuel Nwosu,Enugu,45,Clothing,78006.94,Completed
CUST04743,Samuel Akinyemi,Calabar,23,Accessories,160717.98,Pending
CUST04744,John Usman,Jos,18,Beauty,180143.79,Pending
CUST04745,Sarah Okeke,Jos,59,Home Appliances,136901.33,Completed
CUST04746,Joy Okafor,Owerri,41,Groceries,92230.81,Completed
CUST04747,Joy Udo,Benin City,19,Accessories,160484.92,Completed
CUST04748,Ibrahim Abubakar,Owerri,32,Furniture,927.13,Completed
CUST04749,Ibrahim Abubakar,Kaduna,45,Beauty,213844.97,Completed
CUST04750,Victor Usman,Jos,33,Office Supplies,133769.1,Completed
CUST04751,Chioma Eze,Kano,21,Sports,16831.5,Returned
CUST04752,Mary Okeke,Enugu,20,Beauty,121151.26,Completed
CUST04753,Fatima Williams,Abeokuta,55,Clothing,63351.28,Pending
CUST04754,John Mohammed,Port Harcourt,34,Books,74825.59,Completed
CUST04755,Chioma Okafor,Ibadan,38,Office Supplies,65632.34,Completed
CUST04756,Zainab Abubakar,Calabar,64,Furniture,195778.19,Completed
CUST04757,Fatima Olawale,Abuja,52,Home Appliances,103419.61,Processing
CUST04758,Ruth Usman,Kaduna,37,Clothing,50966.65,Processing
CUST04759,Zainab Olawale,Abuja,50,Furniture,2190.45,Completed
CUST04760,Esther Williams,Kano,44,Sports,133639.57,Completed
CUST04761,Yusuf Sani,Calabar,51,Accessories,91185.86,Completed
CUST04762,Tolu Usman,Abeokuta,56,Sports,85948.21,Pending
CUST04763,Joy Adeyemi,Warri,54,Accessories,75914.55,Processing
CUST04764,Amaka Eze,Calabar,28,Accessories,244802.05,Completed
CUST04765,Amaka Ogunleye,Uyo,25,Home Appliances,115192.37,Cancelled
CUST04766,Ifeoma Williams,Abeokuta,31,Clothing,146909.48,Completed
CUST04767,Kelechi Udo,Abuja,53,Electronics,183091.59,Processing
CUST04768,Mary Eze,Uyo,34,Home Appliances,47289.92,Completed
CUST04769,Joy Abubakar,Kano,28,Clothing,172292.12,Returned
CUST04770,Peter Bello,Owerri,33,Electronics,210108.11,Pending
CUST04771,Tolu Abubakar,Abuja,50,Sports,38705.54,Processing
CUST04772,Grace Eze,Abuja,36,Home Appliances,22053.07,Completed
CUST04773,David Olawale,Benin City,30,Electronics,238068.67,Completed
CUST04774,Chukwu Williams,Lagos,69,Beauty,74225.72,Completed
CUST04775,Mary Eze,Jos,63,Clothing,223428.49,Completed
CUST04776,Musa Akinyemi,Benin City,57,Accessories,75787.22,Cancelled
CUST04777,David Bello,Enugu,65,Home Appliances,59364.28,Cancelled
CUST04778,David Ibrahim,Abuja,68,Accessories,185502.07,Completed
CUST04779,Peter Obi,Port Harcourt,44,Office Supplies,214425.31,Completed
CUST04780,David Balogun,Lagos,44,Beauty,171116.87,Processing
CUST04781,Zainab Obi,Lagos,44,Clothing,229431.57,Cancelled
CUST04782,Joseph Okeke,Owerri,57,Clothing,4341.91,Processing
CUST04783,Musa Ogunleye,Jos,26,Groceries,166046.85,Completed
CUST04784,Hauwa Obi,Enugu,52,Groceries,104365.38,Completed
CUST04785,Chioma Balogun,Jos,23,Books,88976.02,Pending
CUST04786,Ifeoma Okeke,Uyo,57,Office Supplies,194779.71,Processing
CUST04787,Adebayo Ogunleye,Ibadan,58,Beauty,124154.92,Cancelled
CUST04788,Ibrahim Eze,Owerri,18,Electronics,86332.04,Completed
CUST04789,Ada Olawale,Kaduna,26,Groceries,137828.27,Completed
CUST04790,Ibrahim Williams,Port Harcourt,27,Electronics,11680.45,Pending
CUST04791,Samuel Nwosu,Abeokuta,39,Office Supplies,123349.11,Completed
CUST04792,Amaka Williams,Abeokuta,47,Clothing,36208.39,Completed
CUST04793,Grace Mohammed,Port Harcourt,63,Electronics,82812.39,Processing
CUST04794,Musa Okafor,Owerri,27,Accessories,99873.43,Cancelled
CUST04795,Chukwu Ibrahim,Abeokuta,19,Groceries,197828.95,Returned
CUST04796,Daniel Okafor,Enugu,68,Sports,211803.41,Processing
CUST04797,Daniel Bello,Warri,43,Office Supplies,241510.59,Completed
CUST04798,Peter Okafor,Kano,23,Accessories,243013.79,Completed
CUST04799,David Akinyemi,Enugu,62,Beauty,51079.32,Completed
CUST04800,Michael Mohammed,Jos,40,Home Appliances,201319.65,Completed
CUST04801,Mary Usman,Abeokuta,50,Accessories,110713.31,Processing
CUST04802,Esther Akinyemi,Owerri,57,Office Supplies,207401.24,Completed
CUST04803,Michael Adeyemi,Enugu,59,Groceries,221265.14,Completed
CUST04804,Peter Okafor,Calabar,23,Clothing,199846.11,Returned
CUST04805,Mary Okeke,Lagos,35,Books,207681.2,Completed
CUST04806,Kelechi Bello,Calabar,23,Office Supplies,153859.29,Completed
CUST04807,Adebayo Williams,Benin City,25,Beauty,214213.05,Completed
CUST04808,Amaka Mohammed,Owerri,33,Accessories,42142.9,Pending
CUST04809,Grace Ibrahim,Abuja,55,Clothing,64922.38,Cancelled
CUST04810,Hauwa Adeyemi,Benin City,32,Beauty,110138.93,Completed
CUST04811,Peter Olawale,Calabar,23,Home Appliances,118571.17,Pending
CUST04812,Victor Udo,Benin City,64,Furniture,31545.49,Pending
CUST04813,Blessing Okafor,Warri,53,Beauty,216136.25,Cancelled
CUST04814,Michael Ogunleye,Owerri,67,Home Appliances,208682.42,Completed
CUST04815,Ibrahim Balogun,Ilorin,28,Sports,193580.23,Processing
CUST04816,Mary Abubakar,Uyo,28,Accessories,226560.65,Pending
CUST04817,Musa Okafor,Warri,66,Clothing,131747.41,Completed
CUST04818,Esther Williams,Lagos,45,Accessories,128571.95,Completed
CUST04819,Hauwa Ibrahim,Jos,45,Books,226664.31,Pending
CUST04820,John Okafor,Ilorin,43,Beauty,81003.84,Completed
CUST04821,Blessing Nwosu,Owerri,35,Office Supplies,81380.31,Completed
CUST04822,David Balogun,Abuja,32,Sports,159053.69,Completed
CUST04823,Blessing Mohammed,Calabar,40,Sports,149935.08,Completed
CUST04824,John Sani,Kaduna,35,Accessories,177141.67,Processing
CUST04825,Emeka Eze,Owerri,58,Beauty,242683.85,Completed
CUST04826,Musa Abubakar,Enugu,46,Sports,190159.22,Returned
CUST04827,Joseph Obi,Warri,57,Office Supplies,123267.62,Completed
CUST04828,Fatima Nwosu,Ilorin,44,Sports,196787.91,Completed
CUST04829,Esther Akinyemi,Kano,25,Office Supplies,100840.56,Completed
CUST04830,Sarah Johnson,Calabar,64,Electronics,228380.9,Completed
CUST04831,Yusuf Olawale,Owerri,50,Groceries,15279.86,Completed
CUST04832,Amaka Williams,Uyo,20,Clothing,189656.27,Completed
CUST04833,Blessing Balogun,Port Harcourt,35,Groceries,31585.02,Completed
CUST04834,Mary Williams,Kano,67,Office Supplies,41869.06,Completed
CUST04835,Mary Adeyemi,Ilorin,58,Accessories,191578.9,Completed
CUST04836,Ibrahim Adeyemi,Abuja,69,Accessories,242707.8,Completed
CUST04837,Amaka Williams,Ibadan,37,Accessories,1276.89,Returned
CUST04838,David Johnson,Kaduna,65,Furniture,93697.62,Processing
CUST04839,Michael Okeke,Owerri,49,Clothing,232137.76,Completed
CUST04840,Daniel Akinyemi,Calabar,19,Sports,61280.97,Completed
CUST04841,Michael Adeyemi,Ilorin,45,Books,213951.62,Processing
CUST04842,Victor Okeke,Jos,62,Groceries,123955.76,Completed
CUST04843,David Williams,Enugu,62,Beauty,156022.12,Completed
CUST04844,Joy Balogun,Owerri,51,Sports,102206.79,Pending
CUST04845,Zainab Balogun,Warri,50,Sports,184472.31,Completed
CUST04846,Emeka Olawale,Benin City,64,Furniture,139281.77,Returned
CUST04847,Ada Usman,Kaduna,39,Sports,137266.91,Completed
CUST04848,Ifeoma Okeke,Port Harcourt,44,Beauty,54405.59,Completed
CUST04849,Michael Usman,Jos,50,Beauty,72160.63,Completed
CUST04850,Samuel Onyeka,Ilorin,67,Electronics,207801.6,Returned
CUST04851,Emeka Udo,Owerri,54,Clothing,151797.29,Completed
CUST04852,Blessing Olawale,Benin City,22,Groceries,143157.34,Pending
CUST04853,Grace Obi,Warri,37,Office Supplies,195193.62,Completed
CUST04854,Ada Obi,Enugu,35,Office Supplies,135385.88,Completed
CUST04855,Ada Johnson,Abeokuta,67,Sports,165749.32,Completed
CUST04856,Samuel Bello,Enugu,40,Home Appliances,195038.49,Completed
CUST04857,Chukwu Usman,Lagos,41,Sports,75765.52,Completed
CUST04858,Joseph Williams,Jos,37,Furniture,245998.03,Completed
CUST04859,Blessing Usman,Abuja,39,Home Appliances,200180.75,Completed
CUST04860,Chioma Okafor,Uyo,55,Beauty,191926.24,Returned
CUST04861,Chukwu Usman,Enugu,62,Furniture,74632.08,Completed
CUST04862,Yusuf Olawale,Ilorin,47,Books,31269.22,Completed
CUST04863,Chukwu Obi,Abuja,39,Beauty,115599.36,Returned
CUST04864,Kelechi Ibrahim,Ilorin,34,Furniture,165811.5,Cancelled
CUST04865,Ada Nwosu,Owerri,52,Books,33394.63,Completed
CUST04866,Esther Bello,Abeokuta,39,Home Appliances,63659.23,Completed
CUST04867,Daniel Usman,Kano,24,Home Appliances,133503.46,Returned
CUST04868,Esther Bello,Ibadan,57,Sports,37933.37,Returned
CUST04869,Mary Olawale,Benin City,40,Accessories,4437.8,Cancelled
CUST04870,Hauwa Udo,Warri,40,Books,186715.67,Completed
CUST04871,Blessing Olawale,Calabar,50,Clothing,163413.94,Completed
CUST04872,Chioma Ogunleye,Warri,34,Clothing,194179.24,Completed
CUST04873,Fatima Williams,Owerri,65,Beauty,111023.8,Completed
CUST04874,Samuel Obi,Kano,43,Office Supplies,249272.9,Completed
CUST04875,Ibrahim Obi,Kano,64,Books,167368.51,Completed
CUST04876,Amaka Johnson,Kano,25,Accessories,87341.14,Completed
CUST04877,David Adeyemi,Abeokuta,63,Furniture,124840.95,Completed
CUST04878,Ibrahim Okeke,Lagos,25,Books,6373.94,Completed
CUST04879,Michael Obi,Lagos,22,Books,86999.95,Pending
CUST04880,Ada Adeyemi,Warri,24,Books,187432.42,Processing
CUST04881,Samuel Udo,Warri,59,Beauty,143666.65,Completed
CUST04882,Sarah Sani,Port Harcourt,51,Sports,78471.17,Completed
CUST04883,Musa Balogun,Abuja,65,Sports,144585.76,Cancelled
CUST04884,Ada Onyeka,Warri,68,Office Supplies,106069.52,Completed
CUST04885,Fatima Olawale,Ibadan,68,Home Appliances,121714.59,Completed
CUST04886,Musa Olawale,Owerri,51,Office Supplies,101894.62,Completed
CUST04887,Samuel Balogun,Port Harcourt,52,Accessories,53619.33,Cancelled
CUST04888,Yusuf Johnson,Warri,40,Clothing,188326.56,Completed
CUST04889,Emeka Nwosu,Ibadan,21,Office Supplies,117037.18,Returned
CUST04890,Ifeoma Usman,Jos,37,Office Supplies,56697.08,Completed
CUST04891,Ada Johnson,Benin City,48,Office Supplies,103526.24,Cancelled
CUST04892,Musa Eze,Owerri,35,Accessories,240817.3,Completed
CUST04893,Kelechi Okafor,Jos,21,Books,168394.26,Completed
CUST04894,Esther Akinyemi,Uyo,41,Accessories,203444.45,Completed
CUST04895,Adebayo Ogunleye,Port Harcourt,39,Groceries,237147.17,Pending
CUST04896,Fatima Usman,Warri,55,Beauty,176892.81,Cancelled
CUST04897,Chioma Ogunleye,Uyo,66,Accessories,97600.3,Processing
CUST04898,Tolu Eze,Warri,26,Groceries,239229.59,Cancelled
CUST04899,Ifeoma Eze,Kano,58,Groceries,80584.78,Completed
CUST04900,Michael Eze,Calabar,24,Office Supplies,122320.74,Pending
CUST04901,Peter Balogun,Uyo,39,Office Supplies,216290.08,Completed
CUST04902,Kelechi Mohammed,Kaduna,34,Beauty,94401.16,Completed
CUST04903,Yusuf Abubakar,Benin City,61,Sports,70059.0,Processing
CUST04904,Tolu Ogunleye,Abuja,69,Accessories,166441.54,Cancelled
CUST04905,Ibrahim Mohammed,Abuja,31,Home Appliances,230343.56,Completed
CUST04906,Adebayo Mohammed,Port Harcourt,21,Furniture,138165.4,Pending
CUST04907,Mary Obi,Owerri,55,Furniture,111153.68,Processing
CUST04908,Sarah Ogunleye,Kano,67,Clothing,134276.03,Processing
CUST04909,Ruth Usman,Abuja,34,Home Appliances,167698.41,Completed
CUST04910,Emeka Nwosu,Jos,51,Furniture,49601.61,Completed
CUST04911,Chukwu Obi,Abuja,29,Books,42266.77,Completed
CUST04912,Michael Okafor,Ibadan,18,Accessories,120433.79,Cancelled
CUST04913,Zainab Ibrahim,Kaduna,48,Electronics,183085.33,Completed
CUST04914,Sarah Usman,Enugu,24,Accessories,59328.65,Completed
CUST04915,Chioma Sani,Benin City,18,Books,105281.41,Completed
CUST04916,Victor Eze,Jos,44,Groceries,239616.32,Completed
CUST04917,Chukwu Ibrahim,Abeokuta,51,Accessories,98703.1,Completed
CUST04918,Grace Obi,Abeokuta,42,Office Supplies,55612.03,Completed
CUST04919,Victor Abubakar,Enugu,37,Sports,198966.42,Completed
CUST04920,Sarah Bello,Kano,24,Office Supplies,153228.27,Completed
CUST04921,David Johnson,Ilorin,61,Electronics,96741.25,Processing
CUST04922,Amaka Udo,Lagos,54,Books,161302.1,Completed
CUST04923,Chioma Mohammed,Uyo,60,Clothing,176299.26,Completed
CUST04924,Ada Adeyemi,Abuja,53,Clothing,184354.8,Completed
CUST04925,Peter Obi,Ibadan,43,Accessories,35571.82,Completed
CUST04926,Adebayo Bello,Kano,29,Clothing,240182.36,Processing
CUST04927,Emeka Sani,Ibadan,58,Home Appliances,182163.16,Cancelled
CUST04928,David Abubakar,Enugu,68,Electronics,35170.41,Completed
CUST04929,Peter Okafor,Abeokuta,63,Accessories,113887.51,Cancelled
CUST04930,John Okafor,Port Harcourt,56,Furniture,49766.72,Processing
CUST04931,Mary Johnson,Warri,50,Beauty,48051.23,Returned
CUST04932,Joseph Eze,Lagos,44,Sports,112172.41,Processing
CUST04933,David Eze,Kaduna,37,Sports,229571.11,Completed
CUST04934,Yusuf Olawale,Abuja,19,Groceries,183607.8,Completed
CUST04935,Zainab Eze,Port Harcourt,52,Furniture,47369.85,Completed
CUST04936,Esther Ogunleye,Jos,55,Books,141576.19,Completed
CUST04937,Fatima Mohammed,Warri,66,Office Supplies,113462.6,Completed
CUST04938,Blessing Eze,Uyo,49,Electronics,48081.59,Completed
CUST04939,John Bello,Calabar,21,Office Supplies,75883.61,Completed
CUST04940,Zainab Okeke,Lagos,39,Clothing,240795.01,Completed
CUST04941,Amaka Johnson,Warri,58,Accessories,147659.4,Completed
CUST04942,Samuel Okeke,Abeokuta,34,Clothing,189019.64,Completed
CUST04943,Victor Okeke,Kaduna,47,Home Appliances,214430.72,Completed
CUST04944,Daniel Johnson,Kano,38,Office Supplies,199764.55,Completed
CUST04945,Joseph Johnson,Uyo,23,Books,190082.05,Completed
CUST04946,Fatima Abubakar,Kano,55,Home Appliances,187110.5,Pending
CUST04947,Samuel Mohammed,Calabar,66,Books,224036.84,Completed
CUST04948,Ruth Mohammed,Abuja,67,Electronics,75566.11,Completed
CUST04949,Mary Adeyemi,Ilorin,37,Books,181347.31,Completed
CUST04950,Tolu Onyeka,Abuja,40,Home Appliances,4907.94,Completed
CUST04951,Grace Abubakar,Kaduna,21,Books,148598.01,Returned
CUST04952,Musa Olawale,Uyo,55,Beauty,200691.5,Completed
CUST04953,Tolu Obi,Abuja,21,Books,238341.96,Completed
CUST04954,Michael Ibrahim,Calabar,46,Sports,72500.25,Cancelled
CUST04955,Sarah Mohammed,Kaduna,27,Accessories,141329.46,Completed
CUST04956,Ifeoma Okeke,Jos,54,Furniture,74028.42,Completed
CUST04957,Ada Okafor,Warri,31,Office Supplies,2628.87,Completed
CUST04958,Ada Okeke,Abeokuta,40,Home Appliances,2876.66,Completed
CUST04959,Hauwa Udo,Owerri,56,Groceries,230544.18,Processing
CUST04960,Ibrahim Akinyemi,Abuja,31,Accessories,33075.89,Completed
CUST04961,Mary Usman,Lagos,57,Books,220790.91,Processing
CUST04962,Samuel Sani,Benin City,47,Electronics,189223.29,Completed
CUST04963,Peter Akinyemi,Port Harcourt,42,Furniture,124263.18,Completed
CUST04964,Musa Bello,Abuja,60,Clothing,13817.15,Completed
CUST04965,Fatima Olawale,Abuja,26,Accessories,149278.56,Completed
CUST04966,Ada Adeyemi,Enugu,52,Groceries,71872.72,Completed
CUST04967,Yusuf Johnson,Lagos,68,Groceries,53938.39,Completed
CUST04968,Fatima Nwosu,Kano,42,Electronics,196879.84,Cancelled
CUST04969,Musa Okafor,Uyo,42,Office Supplies,246228.05,Completed
CUST04970,Fatima Okafor,Enugu,57,Sports,163600.09,Completed
CUST04971,Samuel Onyeka,Calabar,43,Sports,194637.54,Completed
CUST04972,Emeka Balogun,Abeokuta,39,Furniture,120611.49,Returned
CUST04973,Chukwu Okeke,Uyo,34,Beauty,132777.35,Returned
CUST04974,David Ibrahim,Abeokuta,48,Sports,61371.1,Completed
CUST04975,Peter Ogunleye,Warri,18,Beauty,41700.48,Completed
CUST04976,Grace Balogun,Abeokuta,69,Electronics,81012.77,Processing
CUST04977,Sarah Ibrahim,Port Harcourt,41,Sports,200183.58,Completed
CUST04978,Ruth Akinyemi,Abeokuta,51,Books,136100.5,Completed
CUST04979,Ifeoma Adeyemi,Ibadan,64,Office Supplies,237740.07,Completed
CUST04980,Fatima Eze,Calabar,48,Electronics,225493.55,Completed
CUST04981,Ibrahim Mohammed,Abeokuta,43,Home Appliances,230627.85,Processing
CUST04982,Kelechi Udo,Jos,26,Accessories,202782.22,Completed
CUST04983,Kelechi Usman,Port Harcourt,51,Books,50765.6,Cancelled
CUST04984,Emeka Nwosu,Warri,28,Beauty,141856.8,Cancelled
CUST04985,Ifeoma Udo,Uyo,25,Books,228930.48,Completed
CUST04986,Grace Ibrahim,Abuja,45,Electronics,58632.83,Cancelled
CUST04987,Mary Onyeka,Abeokuta,18,Books,1147.16,Completed
CUST04988,Ibrahim Adeyemi,Port Harcourt,51,Books,78072.06,Pending
CUST04989,Chioma Okafor,Port Harcourt,61,Groceries,182662.37,Pending
CUST04990,Adebayo Eze,Owerri,49,Sports,74406.92,Processing
CUST04991,Emeka Okeke,Kano,51,Books,154888.01,Pending
CUST04992,Ibrahim Eze,Lagos,35,Home Appliances,103777.73,Returned
CUST04993,David Okafor,Warri,24,Sports,42800.04,Pending
CUST04994,Peter Bello,Kano,35,Groceries,206313.53,Completed
CUST04995,Hauwa Okeke,Lagos,48,Accessories,227139.2,Completed
CUST04996,Hauwa Onyeka,Calabar,69,Furniture,50435.76,Completed
CUST04997,Esther Ogunleye,Kaduna,27,Furniture,172206.4,Completed
CUST04998,Mary Okafor,Enugu,21,Clothing,216110.54,Completed
CUST04999,Joy Balogun,Ibadan,26,Home Appliances,121369.5,Completed
CUST05000,Ada Onyeka,Benin City,50,Clothing,155249.68,Completed
