Patient_ID,Patient_Name,Age,Gender,City,Visit_Count,Record_Year,Visit_Type
1745,Sani Olawale,58.0,Male,Asaba,3,2026,Specialist Consultation
1679,Daniel James,49.0,Male,Owerri,10,2025,Specialist Consultation
3291,John Ibekwe,20.0,Female,Asaba,9,2026,Routine Check
3489,Bola Sani,56.0,Female,Ilorin,2,2024,Routine Check
1943,Aisha Chukwu,50.0,Male,Lagos,11,2026,Routine Check
3956,Yusuf Ibrahim,43.0,Male,Enugu,7,2025,Follow-up
1290,Sarah Olawale,25.0,Male,Kaduna,six,2026,Follow-up
1434,Precious Okafor,37.0,Male,Warri,1,2025,Specialist Consultation
3830,Femi Garba,60.0,Female,Abeokuta,6,2026,Chronic Care
3475,Zainab Peter,21.0,Male,Calabar,5,2026,Follow-up
1145,Chidinma Mohammed,40.0,Male,Warri,,2026,Follow-up
1045,Tolu Cole,52.0,Female,Abeokuta,N/A,2025,Follow-up
1064,Sani Osei,66.0,Male,Kano,12,2025,Chronic Care
3718,Blessing Nwosu,20.0,Female,Ilorin,5,2024,Follow-up
3010,Samuel Danladi,32.0,Female,Owerri,6,2025,Routine Check
2722,Emeka Nwosu,44.0,Female,Warri,7,2026,Routine Check
1197,David Garba,28.0,Male,Ibadan,1,2026,Routine Check
1185,Chukwu Mohammed,76.0,Male,,9,2025,Routine Check
9005,System Test,0.0,Unknown,TEST,N/A,2024,Test
1760,Kelvin Sani,66.0,Male,Jos,7,2026,Chronic Care
1193,Kelvin Paul,64.0,Male,Ilorin,4,2026,Follow-up
1868,Sarah Etim,78.0,Female,Enugu,8,2024,Chronic Care
2946,Ngozi Mohammed,38.0,Male,Calabar,,2025,Routine Check
1175,Mary Sani,51.0,Male,Owerri,4,2024,Follow-up
1568,Grace Ezeani,27.0,Female,Akure,8,2026,Routine Check
2836,Olamide Garba,40.0,Female,Uyo,10,2026,Routine Check
2744,Blessing Ojo,43.0,Female,Enugu,9,2026,Chronic Care
1053,Peter Cole,33.0,Male,Kano,6,2024,Routine Check
2777,Chidinma Ibekwe,61.0,Male,Lagos,7,2024,Follow-up
3900,Ruth Yusuf,22.0,Female,Owerri,9,2024,Follow-up
3432,Femi Ojo,63.0,Male,Calabar,7,2024,Routine Check
1195,Mary Peter,43.0,Female,Akure,2,2026,Follow-up
1299,Bola Etim,38.0,Female,Akure,1,2026,Routine Check
3742,Chidinma Mohammed,52.0,Female,Zaria,7,2024,Follow-up
3121,Ibrahim Danladi,21.0,Male,Warri,6,2026,Follow-up
3373,Joy Peter,51.0,Male,Zaria,5,2024,Specialist Consultation
2162,Chukwu Williams,46.0,Male,Calabar,4,2026,Routine Check
3479,Ibrahim Eze,63.0,Male,Benin City,N/A,2024,Follow-up
2114,Anthony Ezeani,59.0,Male,Owerri,12,2024,Routine Check
3767,Michael Abubakar,70.0,Male,Asaba,5,2025,Routine Check
3915,Zainab Okoro,38.0,Female,Akure,5,2026,Follow-up
3135,Uche Ojo,34.0,Female,Owerri,4,2025,Specialist Consultation
2652,Peter Balogun,45.0,Male,Calabar,3,2026,Routine Check
2658,Kelvin Okeke,80.0,Male,Ilorin,12,2025,Specialist Consultation
2243,Mary Mensah,72.0,Male,Jos,12,2025,Routine Check
2028,Ruth Okoro,65.0,Female,Warri,8,2025,Chronic Care
2673,Helen Williams,73.0,Female,Lagos,4 visits,2025,Routine Check
2371,Victor Chukwu,78.0,Female,Enugu,5,2025,Chronic Care
1799,Ibrahim Sani,53.0,Female,Zaria,12,2026,Follow-up
1315,Ngozi Garba,41.0,Male,Ilorin,10,2026,Chronic Care
2868,Michael Udo,60.0,Male,Abuja,11,2025,Chronic Care
1015,Sarah Williams,54.0,Male,Ilorin,8,2025,Follow-up
2011,Chidinma Danladi,70.0,Female,Zaria,9,2025,Follow-up
3833,Ruth Ojo,74.0,Female,Kano,,2025,Routine Check
3715,Kelechi Johnson,61.0,Male,Warri,8,2024,Chronic Care
1344,Mary Ojo,18.0,Male,Abeokuta,7,2024,Chronic Care
2570,Femi Musa,70.0,Female,Owerri,3,2025,Chronic Care
2222,Amaka Osei,78.0,Male,Owerri,6,2026,Follow-up
1176,Tolu Ibrahim,60.0,Female,Benin City,1,2026,Chronic Care
3155,Ruth Peter,19.0,Female,Kano,1,2024,Routine Check
3844,Ibrahim Ibrahim,54.0,Male,Port Harcourt,7,2025,Chronic Care
1677,Chidinma James,56.0,Male,Enugu,9,2026,Chronic Care
3339,Emeka Adeyemi,67.0,Female,Lagos,11,2025,Specialist Consultation
2921,Samuel Williams,35.0,Male,Asaba,8,2026,Follow-up
9001,Test Patient One,0.0,Unknown,TEST,N/A,2026,Test
3649,Joy Osei,39.0,Male,Enugu,9,2025,Routine Check
1756,Musa Garba,51.0,Male,Port Harcourt,11,2024,Chronic Care
2100,Ibrahim Paul,21.0,Female,Uyo,7,2026,Chronic Care
1052,Joy Okafor,,Male,Owerri,5,2026,Follow-up
1507,Musa James,75.0,Male,Abeokuta,4,2026,Follow-up
3672,Esther Ezeani,18.0,Female,Zaria,8,2026,Routine Check
2504,Femi Chukwu,65.0,Male,Kaduna,10,2024,Chronic Care
2175,Sani Mensah,66.0,Female,Zaria,3,2026,Follow-up
3180,Sani Ibekwe,77.0,Male,Ilorin,9,2025,Follow-up
1103,Daniel Ibrahim,20.0,Male,Abeokuta,2,2024,Follow-up
2611,Anthony Abubakar,25.0,Male,Kaduna,12,2024,Chronic Care
3610,Ruth Udo,29.0,Female,Ilorin,6,2025,Routine Check
1437,Michael Onyeka,30.0,Male,Enugu,3,2024,Chronic Care
3654,Grace Danladi,60.0,Female,Asaba,2,2026,Routine Check
2045,Sani Chukwu,74.0,Male,Calabar,5,2024,Chronic Care
2710,Tony Chukwu,53.0,Female,Zaria,9,2025,Routine Check
3882,Peter Ibekwe,36.0,Female,Abuja,5,2025,Follow-up
3092,Fatima Balogun,48.0,Female,Kaduna,9,2024,Follow-up
1323,Tony Onyeka,23.0,Male,Akure,12,2024,Follow-up
3712,Chukwu Mohammed,20.0,Male,Kaduna,2,2026,Follow-up
2272,Michael Adebayo,72.0,Male,Uyo,11,2026,Chronic Care
3379,Olamide Nwosu,63.0,Female,Owerri,5,2026,Follow-up
3033,Tony Udo,77.0,Female,Benin City,4,2026,Follow-up
2152,John Chukwu,75.0,Female,Abeokuta,11,2026,Follow-up
1473,Ada Adebayo,68.0,Female,Asaba,9,2025,Routine Check
3902,Joy Abubakar,49.0,Male,Kano,12,2024,Follow-up
2365,Hauwa Okafor,69.0,Female,Enugu,8,2026,Routine Check
3079,Esther Ibrahim,38.0,Male,,7,2026,Routine Check
3245,Ada Sani,47.0,Male,Zaria,7,2025,Follow-up
1680,Sarah Peter,67.0,Female,,9,2025,Routine Check
1953,Zainab Danladi,77.0,Male,Calabar,9,2024,Chronic Care
1999,Anthony Olawale,51.0,Male,Kaduna,seven,2026,Follow-up
2126,Bola Etim,54.0,Male,Benin City,10,2024,Follow-up
2937,Tony Okafor,61.0,Male,Kano,11,2024,Routine Check
3090,Bola Bello,63.0,Male,Owerri,1,2025,Specialist Consultation
3562,Samuel Akinyemi,37.0,Male,Asaba,7,2025,Routine Check
3575,Chukwu Chukwu,42.0,Female,Abeokuta,2,2026,Routine Check
3786,Ada Danladi,21.0,Female,Calabar,11,2026,Chronic Care
3857,Ibrahim Obi,,Male,Kaduna,3,2026,Routine Check
2209,Kelechi Mohammed,67.0,Female,Benin City,2,2025,Routine Check
4000,Fatima Sani,48.0,Male,Benin City,2,2025,Chronic Care
2949,Emeka Danladi,77.0,Female,Enugu,1,2025,Specialist Consultation
1046,David Okafor,25.0,Female,Akure,12,2026,Routine Check
3426,Ngozi Nwosu,72.0,Male,Ibadan,1,2024,Routine Check
3139,Kelvin Williams,49.0,Male,Uyo,8,2025,Chronic Care
2242,Ngozi Okafor,57.0,Female,Warri,2,2024,Routine Check
3625,Femi Adebayo,68.0,Male,Port Harcourt,6,2024,Routine Check
3384,Chidinma Ojo,40.0,Female,Kano,6,2026,Chronic Care
2396,Samuel Etim,29.0,Male,Asaba,12,2025,Follow-up
1267,Kelechi Paul,53.0,Male,,2,2025,Routine Check
1094,Mary Peter,72.0,Female,lagos,6,2026,Routine Check
3761,David Ojo,51.0,Female,Calabar,3,2025,Follow-up
3823,Ruth Ezeh,63.0,Male,Owerri,7,2026,Follow-up
3856,Uche Ezeani,76.0,Male,Kaduna,12,2025,Routine Check
3242,Olamide Olawale,61.0,Female,,10,2026,Routine Check
2538,Ada James,72.0,Female,Lagos,12,2025,Routine Check
2226,Tolu Abubakar,53.0,Male,Asaba,8,2025,Specialist Consultation
3628,Sani James,26.0,Female,Abuja,10,2026,Chronic Care
2406,Joy Garba,65.0,Male,Uyo,5,2026,Routine Check
1001,Uche Akinyemi,32.0,Male,Kaduna,5,2024,Routine Check
1355,Kelvin Mohammed,23.0,Male,Abuja,8,2025,Routine Check
2833,Chukwu Okoro,37.0,Male,Akure,3,2025,Routine Check
1865,Tolu Osei,61.0,Female,Abuja,7,2025,Routine Check
2451,Ngozi Udo,78.0,Female,Calabar,2,2024,Chronic Care
3827,Yusuf Danladi,34.0,Male,Abuja,11,2026,Follow-up
3926,Amaka Danladi,52.0,Male,Akure,1,2025,Routine Check
2764,Blessing James,40.0,Female,Jos,1,2026,Chronic Care
2802,Michael Udo,64.0,Female,Benin City,4,2026,Follow-up
3847,Kelvin Ibekwe,55.0,Male,Warri,5,2026,Chronic Care
2831,Kelvin Adeyemi,64.0,Male,Ibadan,3,2026,Follow-up
3383,Blessing Sani,77.0,Male,Jos,7,2026,Routine Check
3612,Blessing Paul,54.0,Male,Benin City,4,2026,Chronic Care
1602,Musa Akin,79.0,Male,Lagos,4,2025,Follow-up
3621,Musa Danladi,34.0,Male,Abeokuta,10,2025,Follow-up
1369,Peter Musa,43.0,Male,Kaduna,3,2025,Specialist Consultation
3664,Sani Osei,64.0,Male,Ibadan,7,2025,Follow-up
2208,Anthony Udo,59.0,Male,Warri,8,2026,Chronic Care
1332,Chukwu Garba,66.0,Male,Abuja,6,2025,Chronic Care
2136,Yusuf Yusuf,40.0,Male,Kaduna,ten,2024,Specialist Consultation
2454,John Danladi,34.0,Male,Zaria,6,2026,Routine Check
3864,Grace Eze,31.0,Female,Owerri,7,2025,Follow-up
2602,Chukwu Nwosu,78.0,Female,Kano,2,2024,Specialist Consultation
2776,Fatima Akin,70.0,Female,Enugu,1,2025,Routine Check
1927,Uche Ojo,28.0,Female,Ibadan,3,2026,Routine Check
1204,Musa Nwosu,41.0,Female,Jos,1,2024,Routine Check
1424,Victor Mohammed,41.0,Female,Jos,1,2026,Specialist Consultation
2279,Ngozi Obi,43.0,Male,Uyo,8,2026,Chronic Care
2488,Grace Eze,75.0,Female,Zaria,10,2026,Chronic Care
1638,Ruth Mensah,73.0,Female,Kaduna,six,2024,Routine Check
3788,Emeka Abubakar,77.0,Male,Owerri,9,2025,Follow-up
3711,Kelvin Mensah,28.0,Male,Asaba,4,2026,Chronic Care
2270,Zainab Chukwu,56.0,Male,Port Harcourt,9,2025,Follow-up
3171,Olamide Adebayo,56.0,Female,Lagos,5,2024,Follow-up
3965,Victor Okeke,,Male,Benin City,9,2024,Specialist Consultation
2661,Ada Ezeh,74.0,Male,Zaria,12,2026,Routine Check
1573,Ngozi Obi,74.0,Male,Warri,2,2024,Follow-up
1252,Samuel Williams,33.0,Male,Kano,4,2025,Chronic Care
1153,Ibrahim Abubakar,57.0,Female,Ilorin,9,2025,Follow-up
1795,Peter Cole,61.0,Male,Abeokuta,8,2026,Follow-up
1963,Fatima Mohammed,18.0,Male,ABUJA,3,2026,Routine Check
2627,Kelvin Musa,76.0,Female,Kaduna,12,2024,Routine Check
2581,Musa Onyeka,63.0,Male,Lagos,7,2025,Routine Check
1840,Olamide Okeke,64.0,Female,Warri,3,2025,Chronic Care
2254,Ibrahim Musa,72.0,Male,Ilorin,7,2025,Routine Check
3910,Helen Nwosu,74.0,Male,Owerri,4,2025,Follow-up
3971,Hauwa Williams,37.0,Female,Ibadan,11,2025,Follow-up
1440,Anthony Udo,72.0,Male,Zaria,11,2026,Routine Check
3967,Fatima Cole,64.0,Female,Lagos,11,2026,Routine Check
2537,Hauwa Cole,50.0,Female,Enugu,8,2025,Routine Check
3548,Michael Cole,52.0,Male,Kaduna,2,2025,Routine Check
3484,Hauwa Ibrahim,49.0,Male,Abeokuta,3,2026,Follow-up
1622,Emeka Johnson,24.0,Female,Ilorin,3,2025,Routine Check
2981,Tony Abubakar,65.0,Female,Uyo,11,2025,Specialist Consultation
3477,Tony Ezeh,47.0,Female,Port Harcourt,1,2025,Follow-up
1068,Grace Yusuf,29.0,Male,Enugu,5,2026,Chronic Care
2592,Peter Ezeh,,Male,Warri,4,2025,Routine Check
1322,Grace Onyeka,23.0,Female,Enugu,7,2026,Specialist Consultation
1694,Chidinma Osei,61.0,Female,Kano,10,2025,Routine Check
1255,Chukwu Obi,49.0,Male,Calabar,9,2025,Follow-up
1582,Hauwa Peter,63.0,Female,Kaduna,11,2025,Specialist Consultation
3782,Esther Mohammed,68.0,Female,Abeokuta,7,2024,Chronic Care
1247,Chukwu Yusuf,25.0,Female,Calabar,4,2026,Follow-up
1773,Ruth Olawale,29.0,Female,,4,2026,Routine Check
3072,Bola Abubakar,34.0,Male,Zaria,6,2026,Specialist Consultation
2002,Mary Bello,40.0,Male,Owerri,2,2025,Chronic Care
2808,Olamide Bello,34.0,Male,Zaria,10,2026,Specialist Consultation
3906,John Williams,79.0,Male,Akure,3,2025,Routine Check
1403,Blessing Johnson,69.0,Male,Asaba,1,2026,Chronic Care
2940,Yusuf Osei,20.0,Male,Calabar,4,2026,Follow-up
1480,Grace Abubakar,33.0,Female,Kaduna,3,2026,Routine Check
1444,Olamide Cole,66.0,Female,Kano,4,2026,Follow-up
1791,Sani Ojo,41.0,Male,Lagos,1,2024,Routine Check
3859,Daniel Onyeka,20.0,Male,Jos,seven,2026,Specialist Consultation
1125,Esther Akinyemi,25.0,Male,Uyo,4,2026,Chronic Care
1179,Joy Udo,21.0,Female,Kano,2,2025,Follow-up
3871,Helen Ibekwe,42.0,Male,Enugu,5,2026,Routine Check
3216,Ada Okeke,67.0,Female,Lagos,3,2024,Follow-up
2274,Tolu Ezeani,50.0,Male,Ilorin,6,2024,Specialist Consultation
1212,Chidinma James,37.0,Female,Enugu,6,2026,Follow-up
3770,Yusuf Ibekwe,35.0,Female,Calabar,2,2026,Follow-up
3785,John Nwosu,49.0,Male,Ibadan,9,2026,Chronic Care
1433,Fatima Ezeani,,Female,Jos,9,2026,Follow-up
2095,Sani Adebayo,20.0,Male,Ilorin,10,2026,Chronic Care
1979,Olamide Williams,76.0,Male,Calabar,1,2025,Routine Check
3609,Aisha Udo,45.0,Female,Uyo,7,2026,Specialist Consultation
1415,Joy Garba,48.0,Male,Calabar,10,2026,Follow-up
2128,Ruth Ezeani,53.0,Male,Zaria,3,2026,Follow-up
2748,Michael Obi,24.0,Female,ibadan ,2,2026,Chronic Care
1300,Femi Balogun,72.0,Male,Asaba,12,2026,Routine Check
2741,Kelechi Okeke,29.0,Male,Ilorin,6,2025,Chronic Care
3425,Daniel Ibrahim,56.0,Male,Port Harcourt,8,2024,Routine Check
3113,Aisha Okafor,31.0,Male,ABUJA,8,2025,Chronic Care
3099,David Osei,28.0,Female,Ilorin,2,2025,Routine Check
2965,Tolu Eze,45.0,Male,Kaduna,1,2024,Chronic Care
3277,Musa Ojo,47.0,Female,,6,2024,Chronic Care
2671,Jane Danladi,52.0,Female,Ilorin,7,2026,Follow-up
2089,Uche Akin,18.0,Male,Enugu,12,2026,Chronic Care
2376,Chukwu Ojo,58.0,Female,Enugu,2,2025,Specialist Consultation
3899,Anthony Chukwu,80.0,Female,Calabar,11,2024,Routine Check
3122,Anthony Okeke,19.0,Female,Calabar,2,2025,Follow-up
2724,Fatima Okafor,34.0,Male,Warri,5,2026,Routine Check
2101,Ibrahim Akinyemi,28.0,Female,Kaduna,11,2026,Routine Check
3943,Amaka Adeyemi,20.0,Female,Enugu,1,2026,Follow-up
2609,Daniel James,39.0,Female,Asaba,8,2025,Routine Check
1081,Amaka Etim,30.0,Female,Warri,3,2026,Specialist Consultation
1033,Blessing Yusuf,36.0,Female,Warri,3,2026,Follow-up
1858,Ruth Eze,56.0,Female,Owerri,1,2026,Routine Check
2310,Yusuf Musa,79.0,Male,Kano,10,2024,Routine Check
3299,Peter Obi,18.0,Male,Akure,11,2025,Chronic Care
3513,Kelechi Williams,18.0,Female,lagos,3,2026,Chronic Care
3962,Blessing Abubakar,73.0,Male,Akure,9,2026,Follow-up
3097,Samuel Udo,32.0,Female,Ibadan,4,2025,Routine Check
2666,Grace Ezeani,71.0,Female,Kaduna,6,2024,Chronic Care
1545,Olamide Abubakar,49.0,Male,Calabar,3,2026,Routine Check
2374,John Ojo,32.0,Female,Enugu,11,2025,Follow-up
1140,Tolu Bello,49.0,Female,Calabar,3,2026,Follow-up
3886,Tony Chukwu,41.0,Male,Owerri,2,2024,Follow-up
2035,Musa Johnson,76.0,Female,Akure,7,2024,Specialist Consultation
1089,Fatima Okoro,18.0,Female,Ilorin,5,2024,Chronic Care
3003,Esther Musa,54.0,Female,,10,2025,Routine Check
2846,Daniel Etim,45.0,Female,Ilorin,2,2026,Routine Check
1757,Ada Mohammed,18.0,Female,Enugu,4,2025,Routine Check
3584,Joy Okafor,49.0,Male,Benin City,1,2026,Routine Check
1257,Mary Williams,77.0,Female,Enugu,10,2025,Specialist Consultation
2941,Mary Mohammed,53.0,Female,Port Harcourt,6,2026,Chronic Care
1977,Fatima Etim,23.0,Male,Lagos,7,2026,Routine Check
2613,Amaka Cole,45.0,Male,Jos,5,2025,Follow-up
1412,Michael Ezeani,77.0,Female,Abuja,10,2025,Routine Check
2873,Samuel Ojo,72.0,Female,Jos,6,2025,Follow-up
1271,John Udo,32.0,Male,Ibadan,2,2024,Routine Check
2887,Peter Cole,75.0,Male,,4,2026,Follow-up
3666,Daniel Obi,77.0,Female,Abeokuta,6,2025,Follow-up
1142,Tony Peter,76.0,Male,Kaduna,6,2025,Follow-up
2875,Tony Ibrahim,64.0,Male,Owerri,10,2025,Routine Check
2763,Femi Akinyemi,24.0,Female,,12,2026,Follow-up
2201,Amaka Sani,69.0,Female,Calabar,9,2026,Follow-up
3775,Jane Onyeka,24.0,Male,Warri,6,2025,Routine Check
2492,Aisha Osei,50.0,Male,Warri,6,2026,Chronic Care
2056,David Mohammed,31.0,Female,Enugu,1,2024,Chronic Care
1536,Peter Sani,28.0,Female,Warri,8,2026,Routine Check
3370,Mary Cole,61.0,Male,Port Harcourt,,2024,Follow-up
1813,Samuel Akin,73.0,Female,Owerri,8,2025,Chronic Care
3714,Femi Yusuf,31.0,Male,Warri,5,2026,Follow-up
1178,Zainab Osei,79.0,Male,Ibadan,3,2025,Routine Check
2583,Ruth Chukwu,24.0,Male,Ilorin,7,2026,Specialist Consultation
2813,Ruth Obi,80.0,Female,Lagos,9,2025,Chronic Care
2643,David Mohammed,46.0,Female,Uyo,7,2025,Routine Check
1292,Sani James,69.0,Male,Owerri,3,2024,Routine Check
2770,Peter Balogun,48.0,Female,Enugu,11,2026,Routine Check
1472,Ruth Adeyemi,65.0,Female,Uyo,9,2024,Follow-up
2883,Uche Akinyemi,48.0,Male,Jos,11,2024,Routine Check
1479,Tolu Ibekwe,23.0,Male,Lagos,1,2025,Follow-up
2973,Ada Okafor,56.0,Male,Abeokuta,1,2026,Routine Check
3275,Sarah Onyeka,57.0,Male,Asaba,5,2025,Chronic Care
1544,Emeka Johnson,28.0,Male,Port Harcourt,11,2026,Routine Check
2503,Hauwa Ibekwe,,Female,Zaria,2,2026,Chronic Care
2576,John Adebayo,21.0,Male,Calabar,3,2026,Follow-up
1606,Grace Olawale,73.0,Male,Abeokuta,6,2025,Routine Check
2134,Emeka Paul,63.0,Male,Warri,10,2025,Follow-up
1686,Chidinma Balogun,67.0,Male,Ibadan,8,2025,Chronic Care
1163,Kelvin Adebayo,29.0,Male,Benin City,10,2024,Chronic Care
2065,Ada Onyeka,75.0,Female,ibadan ,11,2025,Chronic Care
2607,Tony Olawale,78.0,Female,Owerri,7,2026,Routine Check
3188,Michael Peter,77.0,Male,Ilorin,11,2024,Specialist Consultation
1860,Tony Paul,22.0,Female,Calabar,9,2026,Routine Check
1451,Kelechi Mensah,60.0,Male,Warri,2,2026,Follow-up
1933,Emeka Okeke,61.0,Male,Abuja,2,2025,Follow-up
1031,Olamide Balogun,59.0,Male,Owerri,12,2024,Specialist Consultation
1566,Sani Sani,49.0,Female,Kano,10,2026,Routine Check
1808,Peter Udo,19.0,Female,Jos,12,2025,Routine Check
1174,Victor Olawale,60.0,Female,Port Harcourt,7,2026,Specialist Consultation
3549,Femi Akinyemi,20.0,Female,Abuja,3,2025,Follow-up
1297,Olamide Ojo,49.0,Female,,11,2024,Routine Check
2544,Samuel Williams,70.0,Female,Jos,11,2026,Chronic Care
2252,Helen Obi,63.0,Male,Akure,6,2025,Follow-up
3458,Aisha Musa,64.0,Female,Kano,5,2026,Follow-up
1464,Hauwa Adeyemi,75.0,Male,Ibadan,ten,2025,Routine Check
3314,Olamide Ezeh,79.0,Male,Jos,8,2024,Chronic Care
1512,Grace Onyeka,63.0,Female,Asaba,10,2025,Routine Check
3554,Sani Williams,53.0,Male,Owerri,6,2024,Chronic Care
2942,Emeka Yusuf,26.0,Male,Asaba,2,2026,Follow-up
2106,Daniel Yusuf,79.0,Female,Uyo,11,2026,Routine Check
1450,Sarah Ezeani,71.0,Female,Port Harcourt,4,2026,Chronic Care
3550,Ruth Ibrahim,58.0,Female,Port Harcourt,11,2025,Routine Check
1074,Ngozi Bello,62.0,Male,Zaria,12,2026,Chronic Care
2917,Uche Ibekwe,68.0,Male,Ilorin,4,2025,Follow-up
2718,Blessing Garba,40.0,Male,Warri,9,2025,Routine Check
1966,David Ojo,67.0,Female,Ilorin,10,2026,Routine Check
2197,Olamide Akin,43.0,Male,Ibadan,6,2026,Chronic Care
2573,David Onyeka,70.0,Male,Kaduna,1,2024,Routine Check
3045,Precious Udo,51.0,Female,Benin City,4,2025,Routine Check
1333,Yusuf Akin,22.0,Female,Warri,9,2026,Follow-up
1766,Kelechi Okafor,48.0,Female,Warri,2,2025,Routine Check
2713,Chukwu Abubakar,48.0,Male,Enugu,11,2026,Chronic Care
3052,Emeka Danladi,73.0,Male,Ibadan,5,2026,Follow-up
3243,Emeka Ezeani,58.0,Male,ibadan ,3,2025,Follow-up
1832,Samuel Olawale,68.0,Female,Jos,9,2025,Routine Check
2386,Zainab Bello,36.0,Female,Uyo,11,2026,Chronic Care
1555,Peter Garba,39.0,Female,Uyo,1,2026,Routine Check
3190,Emeka Okafor,37.0,Female,Benin City,9,2024,Routine Check
1325,Zainab Chukwu,31.0,Female,Calabar,6,2025,Chronic Care
3182,Ibrahim Ojo,19.0,Male,Lagos,9,2025,Follow-up
2638,Helen Adeyemi,52.0,Male,Uyo,4,2024,Follow-up
1417,Esther Garba,47.0,Male,Enugu,11,2026,Routine Check
3640,Kelechi Ojo,71.0,Male,Lagos,5,2025,Follow-up
3103,Kelvin Ezeani,59.0,Female,,5,2026,Follow-up
3932,Uche Etim,30.0,Female,Abeokuta,4,2026,Routine Check
1652,Fatima Okoro,20.0,Female,Asaba,6,2026,Follow-up
2651,Amaka Okafor,28.0,Female,Ibadan,12,2025,Follow-up
1240,Ngozi Akinyemi,42.0,Male,Asaba,1,2025,Routine Check
2979,Bola Yusuf,66.0,Male,Calabar,10,2026,Chronic Care
1431,Aisha Ibrahim,70.0,Female,Uyo,5,2026,Routine Check
2847,Uche Chukwu,42.0,Female,Benin City,12,2026,Routine Check
3572,Michael Akin,30.0,Male,Calabar,6,2025,Follow-up
3350,John James,56.0,Female,Enugu,1,2024,Follow-up
3444,Kelvin Cole,48.0,Male,Port Harcourt,9,2026,Specialist Consultation
3449,Grace Peter,53.0,Female,Abeokuta,12,2026,Follow-up
1811,Blessing Okafor,43.0,Female,Port Harcourt,6,2026,Routine Check
1496,Ada Adeyemi,24.0,Male,Benin City,4,2026,Routine Check
2984,Grace Peter,32.0,Female,Kaduna,5,2024,Follow-up
2753,Jane Bello,36.0,Male,Ilorin,3,2024,Specialist Consultation
1820,Kelvin Olawale,47.0,Male,Warri,1,2024,Follow-up
1737,Joy Ojo,64.0,Female,Kaduna,3,2025,Routine Check
3390,Chidinma Onyeka,30.0,Female,Jos,10,2026,Follow-up
1558,Sani Cole,28.0,Female,Ilorin,8,2026,Chronic Care
3293,Sani Ibrahim,76.0,Female,Abeokuta,7,2026,Chronic Care
2303,Ada Cole,75.0,Female,Akure,9,2024,Chronic Care
3773,Precious Nwosu,68.0,Female,Port Harcourt,4,2025,Routine Check
2327,Anthony Mensah,57.0,Male,Kaduna,5,2024,Routine Check
1875,Yusuf Udo,44.0,Male,,4,2026,Follow-up
9004,Dummy Patient,1.0,Unknown,TEST,1,2025,Test
1701,Samuel Peter,33.0,Male,Ibadan,9,2026,Specialist Consultation
3950,Ibrahim Eze,71.0,Female,Ibadan,11,2024,Follow-up
2539,Kelvin Mensah,47.0,Female,Ibadan,10,2026,Follow-up
2424,Jane Johnson,20.0,Female,Zaria,3,2026,Routine Check
3237,Joy Ojo,53.0,Female,Warri,1,2024,Follow-up
3556,Ruth Peter,30.0,Male,Akure,5,2025,Follow-up
1109,Esther Musa,71.0,Male,Port Harcourt,3,2026,Chronic Care
2565,Victor Musa,36.0,Female,Warri,seven,2025,Follow-up
1486,Emeka Balogun,64.0,Male,Enugu,1,2026,Follow-up
2870,Joy Ezeh,52.0,Female,Owerri,6,2024,Specialist Consultation
1319,Michael Eze,74.0,Female,ABUJA,2,2024,Chronic Care
2717,John Nwosu,65.0,Male,Benin City,7,2024,Routine Check
2510,Ruth Okeke,27.0,Male,Asaba,5,2024,Follow-up
3794,Peter Obi,19.0,Female,Lagos,7,2025,Follow-up
1965,Fatima Etim,48.0,Male,Kaduna,6,2026,Follow-up
2420,Bola Adebayo,19.0,Female,Enugu,2,2024,Follow-up
3374,Blessing Nwosu,74.0,Male,Owerri,5,2024,Chronic Care
2897,David Chukwu,61.0,Male,Kano,8,2026,Chronic Care
1528,Peter Onyeka,32.0,Female,lagos,2,2025,Chronic Care
2104,Olamide Akin,49.0,Female,Abuja,8,2025,Follow-up
2363,Aisha Abubakar,61.0,Male,Owerri,8,2025,Routine Check
2006,Emeka Okoro,71.0,Female,Jos,11,2025,Follow-up
1409,Blessing Okafor,53.0,Male,Abuja,8,2025,Chronic Care
3326,Joy Adeyemi,67.0,Male,Abeokuta,4,2024,Chronic Care
1872,Esther Paul,23.0,Female,Kano,2,2025,Specialist Consultation
2588,Amaka Williams,19.0,Female,Asaba,8,2026,Follow-up
3733,Emeka Yusuf,34.0,Male,,6,2024,Routine Check
2428,Daniel Balogun,51.0,Male,Ilorin,7,2026,Follow-up
3687,Chidinma Ibrahim,74.0,Female,Jos,9,2025,Routine Check
2790,Esther Akinyemi,20.0,Male,Ibadan,12,2025,Follow-up
1071,Aisha Udo,67.0,Male,Abuja,5,2025,Routine Check
3816,David Mohammed,48.0,Female,Kaduna,4 visits,2026,Routine Check
1529,Esther Etim,46.0,Male,Calabar,3,2025,Follow-up
2188,John Ojo,28.0,Male,Owerri,12,2026,Chronic Care
1057,Grace Adeyemi,33.0,Female,Warri,7,2026,Chronic Care
2615,Samuel Johnson,78.0,Male,Owerri,12,2026,Chronic Care
2030,Precious Akinyemi,58.0,Female,Ilorin,12,2026,Follow-up
2473,Anthony Danladi,68.0,Female,Kaduna,3,2025,Follow-up
1913,Esther Ojo,32.0,Male,Abuja,11,2026,Follow-up
3898,Chidinma Onyeka,61.0,Male,Asaba,4,2025,Routine Check
1310,Mary Ojo,68.0,Male,Port Harcourt,8,2025,Routine Check
1839,Blessing Adeyemi,24.0,Male,Abuja,1,2026,Follow-up
3145,Jane Akin,21.0,Male,Abuja,9,2025,Chronic Care
3211,Sani Akin,63.0,Female,Kano,9,2025,Routine Check
3096,David Ibrahim,73.0,Female,Warri,3,2026,Routine Check
2189,Ruth Cole,23.0,Male,Asaba,ten,2024,Follow-up
1394,Aisha Usman,62.0,Female,Ibadan,10,2026,Chronic Care
2739,Jane Ibrahim,39.0,Male,Benin City,5,2026,Follow-up
2560,Mary Abubakar,78.0,Female,Warri,12,2025,Follow-up
3357,Samuel Ezeh,55.0,Female,Port-Harcourt,7,2026,Routine Check
1458,John Mensah,35.0,Male,,4,2026,Specialist Consultation
3736,Chidinma Onyeka,38.0,Female,Kaduna,12,2026,Follow-up
1645,Kelvin Eze,37.0,Male,Jos,5,2024,Routine Check
1101,Kelvin Ezeani,52.0,Male,Uyo,9,2026,Routine Check
3008,Ada Ibekwe,24.0,Female,Ilorin,4,2025,Routine Check
2038,Bola Mensah,76.0,Female,Ibadan,4,2026,Chronic Care
3535,Ibrahim Ibekwe,39.0,Male,Jos,11,2026,Routine Check
1611,Musa Ezeani,52.0,Male,Warri,8,2024,Routine Check
3176,Helen Adeyemi,49.0,Female,Akure,2,2026,Chronic Care
3261,Ada Ezeani,26.0,Female,Kano,11,2024,Routine Check
2794,John Musa,18.0,Female,Abuja,8,2026,Specialist Consultation
3636,Ada Danladi,41.0,Female,Zaria,1,2025,Chronic Care
2567,John Sani,58.0,Male,Ilorin,5,2026,Routine Check
3841,Peter Mohammed,40.0,Male,Ilorin,11,2025,Routine Check
1121,Helen Musa,23.0,Male,Owerri,3,2025,Routine Check
2150,Esther Paul,36.0,Male,Uyo,6,2025,Follow-up
2519,Amaka Okeke,67.0,Female,Enugu,1,2025,Follow-up
3939,Sani Ibrahim,35.0,Female,,9,2024,Routine Check
2513,Chidinma Usman,80.0,Female,Asaba,9,2026,Routine Check
1314,Daniel Williams,51.0,Female,Zaria,4 visits,2025,Chronic Care
2103,Joy Nwosu,19.0,Female,Benin City,12,2025,Follow-up
1234,Helen Okoro,44.0,Female,Akure,4,2026,Routine Check
1565,Sarah James,63.0,Female,Kaduna,8,2024,Routine Check
1696,Emeka Musa,59.0,Male,Warri,7,2026,Routine Check
3094,John Yusuf,50.0,Female,Lagos,2,2024,Routine Check
1786,Ruth Osei,59.0,Female,Kano,2,2025,Chronic Care
1112,Precious Olawale,79.0,Male,Enugu,11,2026,Follow-up
3034,Sani Udo,39.0,Male,Kano,9,2024,Routine Check
3067,Esther Garba,67.0,Female,Port Harcourt,4,2024,Follow-up
1411,Aisha Ezeh,51.0,Male,Port Harcourt,2,2024,Follow-up
1219,Ibrahim Okoro,20.0,Male,Zaria,8,2026,Routine Check
3776,Joy Okeke,67.0,Female,Abeokuta,12,2024,Follow-up
1508,Tony Adeyemi,45.0,Male,Lagos,7,2026,Routine Check
2091,Grace Ojo,32.0,Male,Warri,11,2024,Routine Check
3281,Kelechi Ibekwe,66.0,Male,Abuja,3,2024,Follow-up
1880,Aisha Okoro,30.0,Female,Calabar,,2025,Follow-up
3587,Kelechi Ojo,53.0,Male,Zaria,6,2025,Routine Check
2335,Precious Ibekwe,33.0,Male,Ibadan,7,2025,Routine Check
1556,David Mohammed,72.0,Male,Jos,12,2025,Follow-up
2914,Ada Usman,44.0,Male,Uyo,3,2024,Follow-up
3025,Samuel Johnson,36.0,Female,Benin City,11,2024,Follow-up
1388,Precious Eze,25.0,Female,Warri,4,2026,Follow-up
3600,Ruth Peter,42.0,Female,Asaba,6,2026,Routine Check
1600,Anthony Usman,40.0,Male,Zaria,4,2026,Routine Check
1788,Hauwa Danladi,45.0,Male,Akure,12,2026,Chronic Care
1603,Esther Adebayo,38.0,Female,Kano,6,2026,Routine Check
2284,Grace Akinyemi,52.0,Male,Kaduna,4,2025,Routine Check
2476,Chukwu Musa,44.0,Female,Ilorin,4,2024,Follow-up
2212,Ngozi Etim,59.0,Male,Calabar,6,2025,Routine Check
1946,Samuel Chukwu,27.0,Male,,6,2025,Follow-up
1136,Musa Cole,45.0,Female,Asaba,7,2026,Follow-up
2235,Chidinma Onyeka,52.0,Male,,3,2024,Chronic Care
3274,Mary Ezeani,19.0,Male,Jos,3,2026,Follow-up
1762,Kelvin Obi,57.0,Female,Lagos,4,2026,Chronic Care
3263,David Peter,54.0,Female,Uyo,8,2025,Routine Check
1367,Musa Okoro,62.0,Male,Ilorin,2,2025,Follow-up
2193,Daniel Chukwu,70.0,Female,Enugu,1,2026,Routine Check
3401,Precious Okoro,77.0,Female,Enugu,1,2025,Chronic Care
1030,Uche Osei,57.0,Male,Jos,12,2026,Routine Check
3509,Michael Musa,72.0,Male,Lagos,3,2026,Follow-up
1023,Tony Danladi,76.0,Female,Benin City,4,2025,Specialist Consultation
2058,Emeka Danladi,39.0,Female,Calabar,2,2025,Routine Check
3000,Kelechi Mohammed,66.0,Female,Abeokuta,5,2024,Follow-up
3154,Tolu Onyeka,19.0,Male,,2,2026,Routine Check
3674,Uche Adebayo,51.0,Male,Akure,5,2026,Routine Check
1184,Kelechi Abubakar,30.0,Male,,6,2025,Chronic Care
3349,Chukwu Garba,80.0,Female,Lagos,11,2025,Follow-up
1189,Hauwa Mensah,57.0,Male,Abuja,12,2024,Chronic Care
1421,Hauwa Usman,61.0,Female,Enugu,2,2026,Follow-up
1171,Yusuf Balogun,42.0,Male,Owerri,4,2026,Routine Check
3523,Ngozi Olawale,70.0,Female,Enugu,12,2024,Chronic Care
1461,Mary Akin,52.0,Female,Abeokuta,12,2025,Specialist Consultation
1044,Emeka Cole,34.0,Female,,9,2026,Follow-up
1088,Ada Ezeh,51.0,Female,Kaduna,7,2026,Follow-up
1765,Tony Obi,36.0,Female,Ibadan,6,2026,Chronic Care
1487,Esther Peter,31.0,Male,Zaria,10,2026,Routine Check
1719,Emeka Adebayo,75.0,Female,Benin City,6,2026,Routine Check
3565,Kelechi Okeke,47.0,Female,Benin City,11,2025,Routine Check
1283,Uche Eze,18.0,Male,Zaria,5,2024,Routine Check
1569,Sarah Mensah,18.0,Male,Calabar,9,2026,Routine Check
3686,Michael Mensah,72.0,Male,Uyo,8,2026,Chronic Care
2360,Bola Abubakar,64.0,Female,Port Harcourt,7,2025,Routine Check
1599,Fatima Abubakar,33.0,Male,Uyo,3,2025,Follow-up
1258,Sani Olawale,50.0,Female,Ibadan,9,2025,Routine Check
2308,Kelechi Udo,29.0,Female,Port Harcourt,5,2025,Chronic Care
3602,Tony Sani,46.0,Female,Akure,11,2025,Follow-up
2367,Ibrahim Akinyemi,34.0,Male,Asaba,5,2026,Follow-up
2747,Kelechi Okafor,49.0,Female,Asaba,3,2026,Routine Check
2227,John Bello,40.0,Male,Zaria,7,2026,Chronic Care
3047,Fatima Abubakar,76.0,Female,Akure,6,2025,Follow-up
3460,Ruth Ojo,52.0,Female,Abeokuta,1,2026,Specialist Consultation
1150,Daniel Cole,75.0,Male,Abeokuta,2,2025,Routine Check
2081,Kelvin Ibrahim,41.0,Female,Enugu,5,2026,Specialist Consultation
3365,Emeka Onyeka,18.0,Male,Jos,10,2026,Routine Check
3399,Zainab Ezeh,26.0,Female,Abeokuta,8,2024,Chronic Care
2458,Aisha Peter,55.0,Female,Abeokuta,2,2026,Follow-up
3119,Esther Usman,75.0,Male,Warri,1,2026,Chronic Care
2092,John James,45.0,Female,Ibadan,11,2026,Chronic Care
1135,Tony Adebayo,24.0,Female,Port Harcourt,5,2026,Follow-up
2237,Sani Danladi,50.0,Male,Jos,3,2026,Chronic Care
3009,Tolu Okeke,35.0,Male,Enugu,1,2025,Follow-up
3297,Helen Peter,65.0,Male,Enugu,1,2026,Routine Check
3690,Kelvin Paul,34.0,Male,Ilorin,11,2026,Follow-up
2098,Ngozi Ezeani,76.0,Male,Jos,4,2026,Follow-up
2838,Grace Udo,24.0,Male,Calabar,,2025,Routine Check
3579,Victor Peter,66.0,Male,Asaba,6,2026,Routine Check
3659,Anthony Abubakar,67.0,Female,Enugu,11,2026,Routine Check
1843,Peter Akin,73.0,Female,Ilorin,10,2026,Follow-up
3620,Kelvin Danladi,74.0,Male,Lagos,5,2026,Specialist Consultation
3304,Musa Osei,33.0,Female,Uyo,8,2026,Follow-up
2955,Ada Usman,20.0,Male,Kano,10,2026,Follow-up
1222,Uche Adebayo,37.0,Female,,6,2026,Routine Check
3574,Amaka Chukwu,74.0,Male,Zaria,10,2026,Follow-up
3148,Ada Akinyemi,75.0,Male,Warri,9,2025,Follow-up
1728,Grace Etim,32.0,Female,Uyo,2,2026,Routine Check
1533,Uche Ezeh,75.0,Female,Asaba,3,2026,Follow-up
3158,Peter Ibekwe,26.0,Female,,2,2025,Chronic Care
2399,Ngozi Johnson,56.0,Male,Ilorin,12,2026,Follow-up
3567,Daniel Etim,70.0,Female,Enugu,9,2026,Routine Check
3645,Bola Akin,53.0,Male,Akure,4,2024,Routine Check
3201,Daniel Paul,59.0,Female,Calabar,11,2025,Routine Check
2625,David Garba,64.0,Female,Benin City,3,2025,Routine Check
1273,Amaka Onyeka,48.0,Female,,6,2026,Routine Check
1522,Uche Williams,43.0,Male,Owerri,5,2026,Follow-up
2024,Peter Olawale,26.0,Male,Kaduna,11,2025,Chronic Care
3137,Olamide Udo,25.0,Female,Kaduna,2,2026,Follow-up
1534,Tolu Obi,45.0,Male,Port Harcourt,10,2026,Chronic Care
1863,David Okafor,38.0,Male,Abeokuta,1,2025,Routine Check
1970,Michael Yusuf,43.0,Female,Akure,1,2024,Routine Check
3870,Amaka Akinyemi,33.0,Female,Akure,7,2024,Specialist Consultation
3187,Precious James,61.0,Female,Warri,3,2026,Routine Check
3322,Anthony Olawale,39.0,Male,Calabar,7,2026,Follow-up
3315,Femi Nwosu,68.0,Male,,9,2024,Follow-up
3601,Daniel Etim,58.0,Female,Lagos,10,2025,Chronic Care
1671,Peter Etim,62.0,Female,Benin City,7,2026,Follow-up
2111,David Yusuf,70.0,Male,Akure,11,2026,Follow-up
1931,Peter Akinyemi,20.0,Female,Benin City,10,2025,Follow-up
2240,Olamide Udo,70.0,Male,Akure,7,2025,Follow-up
1169,Emeka Yusuf,59.0,Female,Abeokuta,4 visits,2026,Chronic Care
1681,Ngozi Mohammed,53.0,Female,Akure,3,2026,Specialist Consultation
3892,Sarah Okafor,78.0,Female,Calabar,8,2025,Follow-up
1901,Chidinma Ezeani,,Female,Kaduna,10,2026,Follow-up
2832,Ada Cole,,Female,Warri,6,2024,Follow-up
3462,Grace Etim,37.0,Male,Calabar,9,2025,Routine Check
3241,Musa James,51.0,Male,Uyo,2,2026,Follow-up
3660,Jane Johnson,56.0,Female,Benin City,8,2025,Routine Check
1368,Ada Johnson,40.0,Female,Port Harcourt,6,2025,Follow-up
1777,Tolu Cole,52.0,Male,Ibadan,7,2026,Follow-up
3282,Ada Ibrahim,54.0,Female,,8,2026,Routine Check
2678,Uche Adeyemi,22.0,Female,Enugu,11,2024,Follow-up
2314,Zainab Akinyemi,76.0,Male,Enugu,12,2026,Follow-up
1352,Zainab Chukwu,64.0,Male,Port Harcourt,9,2026,Specialist Consultation
2463,Tony Ibekwe,76.0,Female,Ilorin,2,2025,Follow-up
2178,Musa Okoro,34.0,Female,Uyo,3,2024,Routine Check
2033,Anthony Garba,48.0,Male,,8,2025,Routine Check
2862,David Johnson,49.0,Male,Benin City,3,2024,Routine Check
3698,Ibrahim Mohammed,49.0,Female,Jos,6,2025,Routine Check
3377,Ruth Danladi,21.0,Female,Warri,10,2026,Routine Check
1499,Anthony Ibekwe,73.0,Female,,11,2026,Routine Check
2642,Precious Johnson,24.0,Female,Abeokuta,7,2026,Follow-up
1211,Femi Okoro,25.0,Female,Zaria,12,2026,Routine Check
2563,Tolu Ibrahim,67.0,Female,Kano,8,2024,Specialist Consultation
1941,Amaka Ibekwe,54.0,Male,Lagos,7,2025,Routine Check
1228,Anthony Akinyemi,18.0,Male,Ibadan,6,2024,Routine Check
1366,Musa Akin,68.0,Female,Enugu,7,2025,Routine Check
1595,Helen Chukwu,18.0,Female,Zaria,8,2025,Specialist Consultation
3938,Joy Yusuf,46.0,Male,Ilorin,3,2026,Chronic Care
2950,Femi Etim,71.0,Male,Enugu,7,2026,Chronic Care
3746,Yusuf Danladi,33.0,Female,Enugu,4,2026,Chronic Care
1890,Precious Eze,40.0,Female,Abuja,5,2026,Chronic Care
1408,Ada Onyeka,42.0,Male,Lagos,5,2024,Specialist Consultation
3267,Ruth Udo,52.0,Female,Zaria,4,2025,Follow-up
1950,Ngozi Bello,35.0,Male,,4,2026,Specialist Consultation
1692,Peter Balogun,44.0,Male,Benin City,6,2024,Chronic Care
2957,Ruth Udo,49.0,Female,Asaba,8,2025,Routine Check
3414,Kelechi Cole,30.0,Female,Kano,6,2024,Routine Check
2462,Grace Akinyemi,29.0,Male,Uyo,3,2024,Follow-up
1008,Samuel Yusuf,,Male,Enugu,2,2026,Routine Check
1818,Samuel Balogun,61.0,Male,Calabar,7,2026,Specialist Consultation
3413,David Okafor,56.0,Male,,8,2024,Routine Check
3298,Chidinma Abubakar,30.0,Male,Asaba,10,2025,Follow-up
1416,David Ezeh,67.0,Female,Zaria,12,2025,Routine Check
2358,Tony Sani,26.0,Female,Uyo,9,2024,Chronic Care
3820,Kelechi Mohammed,26.0,Male,Abuja,4,2025,Chronic Care
2872,Aisha Ibrahim,40.0,Female,Lagos,,2025,Follow-up
1706,Chukwu Abubakar,49.0,Male,Benin City,8,2026,Follow-up
1200,Joy Williams,29.0,Female,Uyo,12,2025,Specialist Consultation
1284,Femi Onyeka,34.0,Male,Asaba,12,2026,Follow-up
1232,Jane Okafor,72.0,Female,Port Harcourt,5,2026,Routine Check
3979,Ibrahim Adeyemi,22.0,Male,Kaduna,6,2024,Specialist Consultation
2174,Fatima Ibekwe,77.0,Male,Zaria,2,2026,Follow-up
1097,Peter Cole,63.0,Female,Asaba,10,2026,Routine Check
3289,Chukwu Ezeani,58.0,Female,Akure,11,2024,Follow-up
3577,Musa Usman,33.0,Female,Warri,6,2025,Chronic Care
2394,Daniel Garba,39.0,Male,Kano,7,2024,Follow-up
2506,Sani Abubakar,26.0,Male,Owerri,1,2026,Routine Check
2085,Ibrahim Usman,80.0,Male,Asaba,1,2024,Routine Check
2426,Olamide Sani,31.0,Male,Abeokuta,,2026,Specialist Consultation
3872,Hauwa Nwosu,23.0,Male,Akure,2,2026,Follow-up
3595,Amaka Eze,33.0,Male,Kano,5,2026,Chronic Care
2411,Zainab Ezeh,75.0,Male,Port-Harcourt,1,2025,Follow-up
2382,Esther Ibrahim,37.0,Male,Uyo,N/A,2026,Specialist Consultation
1105,Anthony Usman,76.0,Female,Abeokuta,6,2026,Routine Check
2357,Amaka Paul,25.0,Female,,1,2026,Follow-up
1613,Samuel Danladi,71.0,Male,Abeokuta,1,2025,Routine Check
2317,Yusuf Okeke,77.0,Female,Asaba,2,2025,Routine Check
3867,Hauwa Akin,54.0,Male,Ibadan,10,2024,Specialist Consultation
2757,Ngozi Obi,74.0,Male,Uyo,9,2025,Chronic Care
2264,Emeka Sani,57.0,Male,Jos,11,2025,Routine Check
1227,Chukwu Danladi,23.0,Female,Zaria,2,2024,Routine Check
1742,Femi Garba,76.0,Male,Benin City,1,2026,Routine Check
3604,Femi Bello,75.0,Male,Kaduna,6,2026,Specialist Consultation
3944,Tolu Udo,48.0,Male,Abeokuta,6,2026,Chronic Care
1643,Tolu Onyeka,39.0,Female,Uyo,4,2024,Routine Check
1928,Precious Osei,75.0,Male,Warri,9,2026,Routine Check
2090,Kelechi Mohammed,51.0,Male,Calabar,6,2024,Routine Check
2287,Sarah Etim,42.0,Female,Zaria,10,2025,Specialist Consultation
2603,Emeka Danladi,56.0,Male,Kano,7,2024,Follow-up
1465,Hauwa Onyeka,51.0,Male,Calabar,4,2024,Chronic Care
3488,Sani Musa,74.0,Female,Zaria,2,2026,Follow-up
3831,Amaka Abubakar,22.0,Male,Owerri,2,2025,Follow-up
2423,Bola Obi,76.0,Female,Kaduna,6,2026,Chronic Care
2809,Samuel Johnson,36.0,Female,Uyo,10,2025,Follow-up
2594,Esther Ezeh,30.0,Male,Asaba,,2025,Follow-up
1908,Fatima Musa,78.0,Female,Port Harcourt,5,2026,Chronic Care
1213,Fatima Paul,28.0,Female,lagos,7,2026,Follow-up
1013,Tony James,68.0,Male,Kaduna,3,2026,Follow-up
3913,Yusuf Balogun,41.0,Female,Kaduna,4,2026,Chronic Care
1423,Hauwa Adebayo,73.0,Male,Calabar,7,2025,Chronic Care
3724,Zainab Etim,45.0,Female,Uyo,1,2025,Follow-up
2672,Kelvin Akin,25.0,Female,,10,2025,Follow-up
3648,Precious Okafor,56.0,Male,Enugu,9,2026,Specialist Consultation
1730,Victor Sani,53.0,Female,Abeokuta,12,2025,Specialist Consultation
1651,Tony Adeyemi,61.0,Male,Jos,8,2024,Specialist Consultation
2289,Sani Yusuf,61.0,Female,,2,2026,Routine Check
2608,John Abubakar,76.0,Male,Akure,9,2026,Follow-up
1510,Chidinma Bello,62.0,Male,Ibadan,4,2025,Routine Check
1598,Tony Udo,43.0,Female,Kaduna,10,2024,Routine Check
2617,Kelechi Ibekwe,34.0,Male,Zaria,12,2024,Follow-up
3461,Kelechi Abubakar,32.0,Male,Zaria,9,2026,Routine Check
1870,Uche Osei,19.0,Female,Uyo,12,2026,Routine Check
3652,Anthony Adebayo,70.0,Female,Abeokuta,12,2025,Routine Check
1519,Ngozi Danladi,79.0,Female,Kaduna,11,2026,Follow-up
3397,David Ibrahim,79.0,Female,Lagos,8,2025,Routine Check
1574,Joy Ezeh,79.0,Female,Abeokuta,1,2026,Follow-up
3734,Blessing Nwosu,38.0,Female,Kano,7,2026,Follow-up
2147,Musa Udo,48.0,Male,Benin City,10,2026,Routine Check
2963,Sarah Eze,24.0,Male,Port Harcourt,1,2024,Specialist Consultation
2475,Aisha Okafor,42.0,Female,Port-Harcourt,4,2024,Specialist Consultation
2433,Joy Okeke,76.0,Male,Warri,9,2024,Follow-up
3764,Chidinma James,28.0,Female,Warri,5,2025,Follow-up
2746,Michael Paul,26.0,Male,Owerri,6,2026,Follow-up
1221,Victor Eze,55.0,Male,Benin City,6,2026,Follow-up
3917,Ngozi Usman,21.0,Male,Jos,5,2026,Follow-up
1359,Ngozi Paul,73.0,Female,Enugu,8,2025,Routine Check
2211,Uche Etim,25.0,Female,Kano,9,2025,Chronic Care
2799,Sarah Danladi,63.0,Female,Ibadan,10,2025,Follow-up
2622,Kelvin Etim,68.0,Female,Asaba,8,2025,Routine Check
1260,Jane Johnson,55.0,Female,Zaria,4 visits,2025,Routine Check
3780,Precious Balogun,19.0,Female,Akure,5,2024,Follow-up
2512,Tolu Sani,20.0,Female,Warri,6,2026,Routine Check
3400,Ngozi Balogun,33.0,Female,Calabar,2,2024,Routine Check
3323,Aisha Cole,38.0,Male,Ilorin,12,2025,Follow-up
1991,Ruth Okeke,51.0,Female,Akure,3,2026,Follow-up
3415,Musa Akin,71.0,Male,Jos,4,2026,Follow-up
2074,Zainab Akinyemi,54.0,Male,lagos,10,2025,Follow-up
2495,Chidinma Adeyemi,54.0,Female,Jos,1,2025,Follow-up
1784,Femi Williams,26.0,Female,,six,2024,Specialist Consultation
3725,Uche Etim,46.0,Male,Asaba,3,2025,Routine Check
3692,Chidinma Osei,21.0,Male,Jos,11,2026,Follow-up
1457,Chidinma Bello,37.0,Female,Ibadan,3,2026,Follow-up
1463,Tolu Johnson,58.0,Female,Warri,7,2024,Follow-up
3231,Amaka Etim,50.0,Female,Ibadan,2,2025,Follow-up
2597,Anthony Balogun,42.0,Male,Warri,7,2026,Follow-up
1382,Jane Okeke,42.0,Male,Port Harcourt,12,2025,Chronic Care
1846,Chidinma Adeyemi,76.0,Female,Abuja,,2024,Follow-up
2845,Tolu Ibrahim,49.0,Male,Owerri,9,2025,Specialist Consultation
2755,Ngozi Adeyemi,50.0,Female,Abeokuta,10,2026,Routine Check
1790,Fatima Cole,52.0,Female,Enugu,5,2026,Routine Check
3058,Chidinma Mensah,,Male,Port Harcourt,6,2025,Follow-up
2400,Ruth Williams,38.0,Female,Ilorin,1,2026,Chronic Care
3611,Victor Bello,51.0,Female,Calabar,9,2026,Follow-up
2843,Kelechi Etim,71.0,Male,Kano,2,2026,Follow-up
3421,Ibrahim Danladi,53.0,Female,Lagos,8,2025,Chronic Care
2526,Uche Akin,57.0,Male,Zaria,6,2026,Specialist Consultation
2269,Kelvin Olawale,65.0,Female,Warri,1,2025,Chronic Care
2422,Tony Paul,63.0,Female,Kano,3,2026,Routine Check
3367,Emeka Ibekwe,79.0,Male,Ilorin,3,2026,Follow-up
3294,Ibrahim Udo,52.0,Female,Owerri,4,2024,Chronic Care
3046,Ngozi Ojo,28.0,Female,Kaduna,1,2026,Routine Check
3743,Michael Ibrahim,40.0,Female,Zaria,7,2025,Follow-up
1543,Ibrahim Adebayo,73.0,Female,Port-Harcourt,7,2026,Chronic Care
3511,Kelechi Obi,63.0,Male,Akure,10,2025,Routine Check
2952,Jane Mohammed,36.0,Male,Zaria,3,2025,Follow-up
2180,Jane Ibrahim,33.0,Male,Enugu,11,2024,Specialist Consultation
2779,Hauwa Ezeani,76.0,Female,Benin City,2,2025,Routine Check
1747,Kelvin Paul,67.0,Male,Uyo,6,2025,Chronic Care
3532,Zainab Ezeani,74.0,Male,Ibadan,2,2025,Routine Check
2042,Uche Okoro,62.0,Female,Owerri,7,2025,Specialist Consultation
3840,Musa Onyeka,55.0,Female,Ibadan,9,2026,Routine Check
3881,John Adebayo,63.0,Female,Zaria,7,2024,Routine Check
3903,Michael Yusuf,28.0,Male,Calabar,2,2026,Follow-up
3646,Helen James,64.0,Male,ibadan ,2,2025,Follow-up
3890,Peter Udo,67.0,Female,Jos,4,2026,Routine Check
3427,Zainab Akin,42.0,Male,Abuja,1,2026,Chronic Care
2691,Sarah Udo,41.0,Male,Benin City,7,2026,Routine Check
1904,Precious Okeke,31.0,Male,lagos,9,2025,Follow-up
1436,Joy Mohammed,72.0,Female,Owerri,4,2026,Follow-up
3627,Grace Ezeani,19.0,Female,Kano,6,2026,Follow-up
1238,Kelvin Sani,58.0,Male,Abeokuta,11,2025,Routine Check
2012,Tony Usman,63.0,Female,Jos,8,2024,Follow-up
1110,Mary Johnson,43.0,Male,Abeokuta,12,2025,Specialist Consultation
3130,Kelechi Ibekwe,23.0,Female,Uyo,1,2026,Routine Check
1164,Chidinma Mensah,40.0,Female,Owerri,5,2026,Routine Check
1289,Esther Mensah,77.0,Male,Abeokuta,3,2024,Specialist Consultation
1253,Uche Ibrahim,42.0,Female,Enugu,,2025,Follow-up
3185,Ngozi Chukwu,45.0,Female,Calabar,4,2026,Chronic Care
2566,Fatima Johnson,55.0,Female,Ilorin,12,2025,Chronic Care
2300,Sarah Mensah,77.0,Male,Zaria,4,2026,Follow-up
3264,Amaka Mohammed,24.0,Male,Kano,5,2026,Follow-up
1830,Chukwu Yusuf,22.0,Female,Akure,2,2026,Specialist Consultation
1768,Ngozi Usman,52.0,Female,Lagos,six,2026,Routine Check
2403,Aisha Akin,64.0,Female,Ibadan,7,2025,Routine Check
3340,Jane Garba,71.0,Male,Jos,12,2025,Follow-up
3677,Jane Abubakar,58.0,Female,Warri,3,2024,Routine Check
3802,Ruth Abubakar,20.0,Female,Abuja,1,2024,Chronic Care
2160,Helen Musa,55.0,Male,Enugu,11,2026,Chronic Care
2232,Joy Ibekwe,33.0,Male,,10,2026,Routine Check
3790,Helen Balogun,25.0,Female,Akure,10,2025,Follow-up
3407,John Paul,19.0,Female,Abeokuta,3,2026,Chronic Care
1462,Anthony Eze,38.0,Female,Enugu,7,2025,Follow-up
1806,Kelechi Akin,39.0,Male,Enugu,2,2026,Specialist Consultation
2923,Femi Abubakar,50.0,Male,Owerri,9,2025,Routine Check
1158,Kelechi Udo,43.0,Female,Benin City,9,2025,Follow-up
3310,Amaka Onyeka,41.0,Female,Zaria,2,2025,Chronic Care
3179,Michael Ibrahim,55.0,Female,Calabar,9,2026,Routine Check
1678,Peter Olawale,63.0,Male,Warri,9,2026,Chronic Care
2692,Joy Cole,66.0,Male,Abeokuta,9,2026,Routine Check
1848,Jane Johnson,18.0,Female,Asaba,7,2026,Chronic Care
1239,Chidinma Adebayo,38.0,Male,Lagos,12,2026,Follow-up
3411,Precious Okoro,31.0,Female,Ilorin,8,2025,Specialist Consultation
3055,Grace Eze,53.0,Male,Akure,10,2026,Follow-up
2991,David Etim,80.0,Male,Kaduna,12,2024,Chronic Care
1101,Kelvin Ezeani,52.0,Male,Uyo,9,2026,Routine Check
1316,Ngozi Onyeka,47.0,Male,lagos,7,2025,Follow-up
3800,Victor Yusuf,34.0,Male,lagos,10,2026,Follow-up
3504,Sani Udo,58.0,Female,Kaduna,3,2024,Specialist Consultation
1782,Sani Obi,,Male,Lagos,11,2024,Follow-up
2591,Blessing Cole,45.0,Male,Abeokuta,4,2025,Follow-up
1262,Sarah Balogun,69.0,Female,Ilorin,10,2026,Routine Check
1810,Jane Garba,38.0,Female,Zaria,7,2026,Follow-up
2657,Esther Ezeh,28.0,Female,Ibadan,6,2024,Chronic Care
1196,Aisha Danladi,72.0,Male,Jos,4,2026,Chronic Care
2789,Daniel Paul,33.0,Female,Port Harcourt,7,2025,Chronic Care
2217,David Paul,50.0,Female,Warri,4,2026,Chronic Care
2749,John Eze,28.0,Female,Kano,11,2024,Chronic Care
1180,Chukwu Akinyemi,26.0,Male,Abuja,12,2024,Routine Check
3324,Tony Sani,57.0,Female,Abuja,6,2025,Routine Check
2427,Esther Ojo,61.0,Female,Port Harcourt,6,2026,Routine Check
1341,Peter Nwosu,24.0,Female,Ibadan,3,2026,Routine Check
2069,Chidinma Danladi,35.0,Female,Benin City,8,2025,Follow-up
3366,Yusuf Paul,31.0,Male,Jos,6,2026,Specialist Consultation
1749,Femi Balogun,69.0,Male,Abeokuta,1,2024,Routine Check
2967,Blessing Ibrahim,78.0,Female,Zaria,10,2026,Routine Check
1663,Michael Mensah,62.0,Male,Akure,7,2024,Chronic Care
1481,Yusuf Adebayo,37.0,Male,Enugu,12,2025,Chronic Care
3499,Emeka Johnson,59.0,Male,Benin City,12,2024,Routine Check
2037,Sarah Obi,71.0,Male,Ibadan,11,2024,Routine Check
2351,Anthony Paul,56.0,Male,Port Harcourt,7,2025,Routine Check
3442,Aisha Akin,64.0,Female,Jos,10,2026,Chronic Care
1550,Ngozi Nwosu,27.0,Male,Jos,9,2025,Follow-up
3668,Bola Obi,35.0,Male,,7,2025,Follow-up
3717,Precious Adeyemi,58.0,Male,Ibadan,7,2024,Routine Check
1743,Daniel Yusuf,76.0,Male,Abeokuta,8,2026,Specialist Consultation
3422,Sarah Mohammed,58.0,Female,Uyo,8,2026,Routine Check
2719,David Obi,60.0,Female,Owerri,12,2026,Follow-up
2478,Fatima Garba,36.0,Male,Ilorin,6,2026,Specialist Consultation
1841,Anthony Ojo,74.0,Male,Abeokuta,11,2025,Follow-up
2925,Grace Ibrahim,69.0,Male,Abuja,12,2026,Chronic Care
3537,Michael Ibrahim,51.0,Male,Calabar,3,2026,Routine Check
3127,Michael Danladi,51.0,Male,Ibadan,3,2024,Routine Check
2019,Bola Okoro,73.0,Male,Abeokuta,4,2026,Chronic Care
1248,Aisha Adeyemi,43.0,Male,Jos,7,2026,Routine Check
1845,Aisha Ibekwe,47.0,Male,Zaria,4,2025,Chronic Care
2135,Tolu Williams,64.0,Male,Uyo,3,2025,Routine Check
3729,Joy Garba,62.0,Male,Ibadan,5,2026,Follow-up
1627,Mary Mensah,49.0,Female,Enugu,1,2026,Routine Check
1348,Blessing Akin,41.0,Female,Ibadan,4 visits,2025,Routine Check
1279,Chidinma Ojo,33.0,Female,Lagos,4,2026,Routine Check
2798,Ngozi Ezeh,32.0,Male,,2,2026,Follow-up
3287,Tony Danladi,48.0,Male,Ilorin,6,2026,Chronic Care
1656,Yusuf Ezeh,74.0,Female,Warri,4,2025,Chronic Care
3966,Joy Okeke,75.0,Female,Owerri,8,2026,Follow-up
2815,Esther Onyeka,72.0,Female,Abeokuta,5,2026,Routine Check
3633,Sani Adeyemi,26.0,Female,Abuja,7,2026,Follow-up
3596,Kelvin Ezeh,77.0,Female,Uyo,8,2025,Routine Check
3740,John James,31.0,Female,Calabar,4,2025,Specialist Consultation
3852,Joy Okeke,70.0,Male,Warri,12,2026,Chronic Care
1930,Grace Okeke,62.0,Male,Calabar,1,2025,Routine Check
2645,Ada Etim,69.0,Male,Kano,8,2026,Follow-up
1446,Precious Garba,79.0,Female,,10,2024,Follow-up
1618,Helen Williams,78.0,Male,Asaba,7,2025,Routine Check
2229,Sani Udo,69.0,Female,Zaria,5,2026,Follow-up
3244,Sani Ojo,74.0,Female,Abeokuta,11,2025,Specialist Consultation
2819,Esther Garba,68.0,Female,Abuja,8,2025,Chronic Care
2413,Helen Musa,61.0,Male,Zaria,6,2026,Chronic Care
3931,Jane Akinyemi,62.0,Female,Owerri,5,2026,Follow-up
3634,Jane Garba,26.0,Female,Lagos,4,2026,Follow-up
1548,John Williams,67.0,Male,Enugu,7,2026,Follow-up
3753,Amaka Sani,42.0,Female,Kaduna,7,2024,Routine Check
3721,Uche Mohammed,34.0,Male,Calabar,6,2025,Routine Check
1898,Precious Cole,25.0,Male,Uyo,11,2024,Routine Check
1264,David Bello,33.0,Female,Abeokuta,7,2025,Routine Check
3555,Yusuf Okafor,38.0,Female,Owerri,5,2026,Follow-up
3360,Michael Balogun,,Male,Warri,9,2025,Follow-up
3771,Victor Obi,24.0,Male,Calabar,1,2026,Follow-up
1354,John Onyeka,29.0,Male,Owerri,9,2026,Follow-up
1882,Kelechi Bello,,Male,Jos,7,2025,Specialist Consultation
1209,Uche Nwosu,55.0,Male,Akure,10,2026,Routine Check
1614,Ibrahim Eze,39.0,Female,Asaba,7,2025,Routine Check
2466,Chukwu Mohammed,60.0,Female,Zaria,11,2026,Follow-up
3128,Precious Okafor,24.0,Female,Uyo,7,2025,Routine Check
2511,Peter Adebayo,71.0,Male,Asaba,1,2024,Follow-up
3380,Chidinma Chukwu,63.0,Male,Akure,9,2025,Routine Check
2765,Zainab Danladi,60.0,Male,Port-Harcourt,3,2026,Follow-up
2767,Mary Balogun,49.0,Female,Zaria,6,2026,Routine Check
1058,Femi Abubakar,37.0,Female,Ilorin,2,2026,Routine Check
2223,Joy Ezeh,55.0,Female,Warri,4,2026,Routine Check
1812,Yusuf Musa,34.0,Male,Zaria,6,2025,Routine Check
3757,David Akinyemi,74.0,Female,Akure,N/A,2025,Specialist Consultation
1562,Uche Okoro,66.0,Male,Calabar,3,2026,Chronic Care
3054,Chidinma Musa,21.0,Male,Uyo,9,2024,Routine Check
1230,Joy Akinyemi,74.0,Male,Uyo,11,2025,Follow-up
3517,Joy Okafor,19.0,Female,Abuja,10,2025,Specialist Consultation
3925,Chukwu Onyeka,42.0,Male,Zaria,4,2026,Follow-up
2449,Yusuf Ibekwe,68.0,Female,Enugu,six,2024,Chronic Care
2629,Chukwu Obi,35.0,Female,Benin City,7,2025,Routine Check
2245,Ngozi Chukwu,25.0,Female,Warri,12,2024,Chronic Care
3424,Femi Ibrahim,60.0,Male,Benin City,5,2026,Routine Check
3805,Ibrahim Adebayo,59.0,Female,Owerri,5,2026,Follow-up
2048,Ngozi Obi,55.0,Female,Abeokuta,5,2026,Specialist Consultation
2568,Fatima Adeyemi,55.0,Female,Calabar,1,2024,Follow-up
2452,Aisha Okoro,27.0,Male,Kaduna,5,2026,Routine Check
1708,Bola Sani,22.0,Male,Zaria,2,2026,Follow-up
1425,Blessing Akin,37.0,Male,Ilorin,5,2024,Follow-up
1070,Kelvin Okoro,26.0,Female,,1,2024,Routine Check
1912,Yusuf Yusuf,41.0,Female,Enugu,8,2024,Follow-up
3406,Musa Balogun,47.0,Female,Warri,11,2024,Follow-up
2772,Chidinma Ezeh,25.0,Male,Uyo,5,2025,Follow-up
3111,Emeka Williams,46.0,Male,Abeokuta,4,2025,Chronic Care
2436,Kelechi Danladi,53.0,Female,Ibadan,6,2026,Routine Check
3589,Mary Etim,72.0,Female,Zaria,10,2025,Follow-up
2076,Emeka Mensah,,Female,Owerri,7,2025,Routine Check
2619,Zainab Ibekwe,62.0,Male,Port Harcourt,six,2026,Routine Check
1621,Olamide Bello,71.0,Female,Uyo,11,2025,Routine Check
2221,Fatima Adebayo,75.0,Male,Kaduna,3,2024,Follow-up
2207,Anthony Peter,35.0,Female,Calabar,12,2026,Chronic Care
3186,Anthony James,72.0,Male,Asaba,2,2025,Routine Check
2922,Hauwa Eze,53.0,Female,Calabar,10,2025,Routine Check
2518,Musa Garba,33.0,Male,Calabar,9,2026,Routine Check
3173,Ada Balogun,80.0,Male,Akure,3,2025,Follow-up
2049,Tony Musa,78.0,Female,Owerri,9,2025,Follow-up
3673,John Nwosu,78.0,Female,Warri,6,2026,Routine Check
2407,Anthony Garba,38.0,Male,Kano,5,2025,Routine Check
1280,Victor Akinyemi,69.0,Female,Port Harcourt,7,2026,Chronic Care
2129,Esther Adeyemi,50.0,Female,Enugu,3,2026,Routine Check
3993,Zainab Etim,49.0,Male,,3,2026,Routine Check
2205,Grace Ezeani,51.0,Female,Lagos,4,2025,Chronic Care
3371,Tolu Ibrahim,51.0,Female,Akure,1,2026,Routine Check
3799,Blessing Udo,52.0,Male,Uyo,10,2026,Chronic Care
1554,Joy Ibrahim,39.0,Male,Lagos,7,2026,Routine Check
1835,Kelvin Yusuf,79.0,Male,Abuja,9,2026,Follow-up
1980,Tony Abubakar,42.0,Male,Zaria,2,2026,Follow-up
1597,Peter Okeke,41.0,Male,Akure,9,2026,Routine Check
3855,Anthony Ojo,42.0,Female,Akure,6,2024,Follow-up
1803,Mary Ezeani,25.0,Female,Ibadan,7,2026,Chronic Care
3269,Daniel Mensah,79.0,Male,Kano,12,2026,Follow-up
3995,Chidinma Musa,23.0,Female,Kaduna,5,2024,Chronic Care
3728,Precious Chukwu,30.0,Male,,11,2025,Follow-up
1441,Ruth Cole,61.0,Male,Calabar,9,2026,Chronic Care
1509,Ada Ezeani,55.0,Male,Warri,5,2026,Specialist Consultation
1077,Victor Onyeka,52.0,Male,Zaria,9,2025,Routine Check
2919,Kelvin Abubakar,54.0,Female,Ilorin,7,2026,Chronic Care
1650,Olamide Mensah,50.0,Male,Lagos,12,2026,Chronic Care
1523,Uche Okafor,66.0,Female,Asaba,11,2024,Follow-up
3024,Fatima Bello,45.0,Female,Kano,1,2026,Routine Check
3909,Jane Cole,39.0,Female,lagos,11,2026,Follow-up
2507,Chidinma Johnson,33.0,Male,Abeokuta,10,2025,Routine Check
1655,Femi Cole,42.0,Female,Ilorin,8,2024,Routine Check
2324,Tolu Ezeh,49.0,Male,Port-Harcourt,4,2024,Routine Check
2552,Fatima Nwosu,23.0,Male,Benin City,10,2026,Follow-up
3118,Ngozi Johnson,56.0,Male,Lagos,6,2025,Routine Check
3305,Amaka Okeke,29.0,Male,Kano,9,2026,Follow-up
1631,Bola Adebayo,45.0,Female,Abeokuta,8,2025,Chronic Care
2265,Ibrahim Chukwu,,Female,Calabar,2,2025,Follow-up
3465,Blessing Ibrahim,,Female,Abuja,11,2025,Follow-up
2117,Tony Balogun,79.0,Male,Uyo,2,2025,Specialist Consultation
1483,Kelvin Ojo,25.0,Female,Lagos,1,2024,Follow-up
3132,Fatima Okoro,35.0,Male,Port Harcourt,5,2025,Chronic Care
2124,Kelvin Bello,27.0,Male,Owerri,1,2024,Routine Check
3571,Tolu Okafor,35.0,Male,Benin City,2,2026,Follow-up
2341,Hauwa Ojo,72.0,Female,Lagos,6,2024,Follow-up
1439,Tolu Akinyemi,51.0,Female,Abeokuta,12,2025,Routine Check
2731,Amaka Ezeh,25.0,Female,Kaduna,3,2024,Chronic Care
2554,Tolu Ibekwe,36.0,Female,Abeokuta,3,2025,Routine Check
1857,David Udo,34.0,Male,Uyo,six,2025,Follow-up
3818,Ngozi Danladi,23.0,Male,Calabar,11,2025,Routine Check
1167,Victor Cole,72.0,Male,Ilorin,7,2025,Follow-up
1060,Aisha Okoro,48.0,Female,Abuja,3,2026,Routine Check
1612,Anthony Sani,34.0,Female,Asaba,seven,2026,Routine Check
1531,Bola Nwosu,79.0,Female,Asaba,9,2024,Chronic Care
2721,Ruth Garba,51.0,Female,Kaduna,1,2026,Routine Check
1050,Bola Ibekwe,34.0,Female,Kano,six,2026,Chronic Care
3317,Blessing Balogun,58.0,Male,Kaduna,3,2026,Follow-up
3437,Anthony Bello,46.0,Female,Enugu,1,2024,Chronic Care
1859,Daniel Ezeani,42.0,Male,Ilorin,4,2026,Routine Check
2704,Ibrahim Etim,48.0,Male,Ilorin,7,2026,Routine Check
1049,Femi Balogun,64.0,Male,Kaduna,4,2024,Specialist Consultation
1720,Ibrahim James,31.0,Female,Kaduna,3,2024,Follow-up
2810,Tolu Bello,68.0,Male,Kano,11,2025,Follow-up
3313,Blessing Onyeka,59.0,Female,Uyo,9,2025,Chronic Care
3253,Fatima Chukwu,55.0,Male,,4,2024,Follow-up
2780,Victor Okafor,71.0,Male,Kaduna,1,2024,Routine Check
1633,Kelechi Ibrahim,52.0,Male,Jos,5,2026,Specialist Consultation
3189,Precious Williams,46.0,Male,Akure,2,2026,Specialist Consultation
3205,Tony Akinyemi,65.0,Male,Kaduna,N/A,2026,Follow-up
2962,Musa Olawale,66.0,Male,Lagos,7,2026,Follow-up
2296,Daniel Eze,42.0,Female,Owerri,7,2024,Follow-up
1026,Anthony Ezeh,23.0,Female,Enugu,7,2026,Routine Check
2821,Femi Onyeka,19.0,Female,Zaria,3,2024,Routine Check
1220,Anthony Johnson,53.0,Female,Calabar,12,2025,Follow-up
2293,Yusuf Abubakar,29.0,Male,Asaba,1,2025,Routine Check
1277,Ngozi Okeke,68.0,Male,Abuja,10,2025,Follow-up
3164,Musa Adebayo,32.0,Male,Kaduna,5,2025,Routine Check
2256,Chukwu Balogun,35.0,Female,Ibadan,10,2025,Routine Check
2392,Michael Okeke,27.0,Male,Asaba,12,2025,Specialist Consultation
2000,John Ezeani,21.0,Female,Zaria,12,2025,Follow-up
2018,Sani Cole,31.0,Male,Kaduna,1,2024,Follow-up
3678,Ngozi Akin,75.0,Male,Port Harcourt,6,2026,Routine Check
1362,Michael Akinyemi,79.0,Male,Warri,12,2026,Specialist Consultation
3466,Ada Akin,79.0,Female,Benin City,8,2025,Chronic Care
2869,Grace Garba,48.0,Male,Ibadan,6,2026,Chronic Care
2685,Helen Mohammed,49.0,Male,,2,2026,Chronic Care
3341,Fatima Sani,45.0,Female,Jos,11,2026,Follow-up
2054,Anthony Mensah,39.0,Male,Abuja,7,2026,Routine Check
2850,Ruth Obi,45.0,Female,Abeokuta,12,2024,Follow-up
2125,Grace Obi,36.0,Male,Uyo,3,2026,Routine Check
2861,Uche Udo,62.0,Female,Akure,N/A,2025,Routine Check
2928,Ibrahim Udo,22.0,Female,Benin City,12,2024,Routine Check
3638,Bola Etim,59.0,Male,Calabar,2,2024,Chronic Care
2712,Musa Okoro,35.0,Female,Akure,5,2025,Follow-up
1298,Kelvin Udo,42.0,Female,Akure,12,2025,Routine Check
2196,Musa Bello,40.0,Male,Benin City,7,2024,Chronic Care
1938,Samuel Usman,74.0,Male,Benin City,3,2026,Chronic Care
1241,Mary Yusuf,25.0,Female,Akure,10,2026,Follow-up
3918,Olamide Musa,77.0,Female,Ibadan,8,2025,Routine Check
1959,Hauwa Nwosu,41.0,Male,Lagos,7,2026,Routine Check
1583,Uche Olawale,66.0,Female,Warri,7,2025,Follow-up
2191,Ruth Cole,21.0,Male,Abeokuta,12,2025,Routine Check
2214,Ruth Okeke,54.0,Male,Lagos,11,2025,Follow-up
2346,Olamide Balogun,74.0,Male,Zaria,3,2025,Routine Check
2398,Helen Olawale,51.0,Female,Abuja,10,2026,Chronic Care
3996,Yusuf Bello,47.0,Female,Ibadan,1,2026,Routine Check
1351,Bola Danladi,44.0,Male,Lagos,4,2026,Routine Check
3754,Yusuf Okeke,61.0,Male,Akure,6,2026,Follow-up
2231,Chidinma Peter,41.0,Male,Kano,5,2025,Follow-up
1350,Kelvin James,74.0,Male,Warri,6,2026,Chronic Care
3060,Jane Okafor,32.0,Male,Akure,11,2025,Follow-up
3842,Helen Bello,66.0,Male,Abeokuta,10,2026,Follow-up
1644,Precious Musa,69.0,Male,Uyo,9,2024,Follow-up
2062,Ibrahim Onyeka,41.0,Female,Jos,7,2026,Chronic Care
1945,Emeka Musa,63.0,Female,Port Harcourt,10,2026,Follow-up
2158,Yusuf Ezeani,31.0,Male,,3,2024,Routine Check
1658,Peter Olawale,45.0,Female,Owerri,8,2025,Follow-up
2930,Daniel Eze,28.0,Male,Uyo,2,2024,Specialist Consultation
2179,Olamide Abubakar,29.0,Female,Benin City,11,2026,Follow-up
3834,Tony Udo,20.0,Male,Benin City,2,2026,Chronic Care
3474,Precious Udo,20.0,Female,Uyo,12,2025,Routine Check
1648,Tony Mensah,49.0,Female,Warri,7,2026,Follow-up
2115,Aisha Sani,75.0,Female,Abuja,10,2026,Routine Check
3074,Olamide Abubakar,63.0,Male,Benin City,9,2025,Routine Check
2714,Samuel Ojo,75.0,Female,Zaria,6,2026,Chronic Care
2107,Ruth Ojo,52.0,Female,Jos,9,2026,Specialist Consultation
1539,Fatima Ezeani,20.0,Female,Lagos,12,2025,Routine Check
3116,Esther Osei,41.0,Male,Ilorin,7,2026,Follow-up
3968,Precious Bello,,Female,Enugu,3,2026,Chronic Care
3382,Emeka Mohammed,29.0,Female,ibadan ,10,2025,Follow-up
2545,Precious Cole,74.0,Female,Owerri,12,2025,Routine Check
3726,Sarah Cole,43.0,Male,Calabar,5,2026,Chronic Care
2118,Fatima Okoro,37.0,Female,Akure,11,2026,Chronic Care
1802,Blessing Danladi,20.0,Male,Port Harcourt,1,2025,Chronic Care
1787,Tolu Okeke,21.0,Female,,11,2024,Routine Check
3703,Precious Musa,60.0,Male,Jos,10,2025,Routine Check
1141,Sarah Chukwu,49.0,Female,Owerri,8,2024,Routine Check
1789,Fatima Nwosu,50.0,Female,Asaba,12,2026,Chronic Care
2555,Jane Onyeka,73.0,Female,,12,2024,Follow-up
2026,Joy Yusuf,64.0,Male,Owerri,6,2025,Specialist Consultation
3029,Precious Ojo,72.0,Female,Lagos,8,2025,Follow-up
1715,Sarah Peter,49.0,Female,Abeokuta,11,2025,Routine Check
1804,Peter Ezeani,61.0,Male,Akure,2,2024,Chronic Care
2322,Kelechi Obi,62.0,Male,Uyo,1,2024,Follow-up
2548,Fatima Eze,20.0,Female,Abeokuta,10,2025,Routine Check
1124,Yusuf Mohammed,71.0,Female,Abeokuta,4,2025,Follow-up
2290,Jane Ibrahim,40.0,Male,Calabar,9,2025,Follow-up
3247,Ngozi Akin,58.0,Male,Calabar,8,2025,Follow-up
3448,Sani Adeyemi,73.0,Male,Owerri,10,2026,Routine Check
1619,Femi Onyeka,30.0,Female,Akure,5,2024,Follow-up
1407,Zainab Ibekwe,67.0,Female,Asaba,8,2025,Routine Check
3862,Sarah Johnson,71.0,Female,Port Harcourt,1,2024,Follow-up
2339,Ibrahim Eze,31.0,Male,Abeokuta,10,2026,Follow-up
2079,Chidinma Ojo,22.0,Female,Lagos,3,2024,Chronic Care
2601,Ngozi Osei,66.0,Male,Port Harcourt,10,2025,Follow-up
3284,Daniel Ezeani,74.0,Female,Calabar,7,2025,Follow-up
1498,Zainab Akin,80.0,Male,Uyo,4,2025,Chronic Care
2072,Bola Mohammed,41.0,Female,Enugu,5,2024,Chronic Care
1326,Ibrahim Udo,62.0,Female,Jos,4,2026,Follow-up
1343,Victor Adeyemi,47.0,Female,Akure,6,2026,Routine Check
3403,David Cole,32.0,Male,Owerri,2,2026,Follow-up
3273,Sani Williams,71.0,Female,Asaba,6,2025,Follow-up
1783,Precious Williams,57.0,Female,Lagos,1,2025,Chronic Care
3803,Ada Cole,18.0,Male,Enugu,7,2026,Follow-up
1304,Sarah Williams,61.0,Male,Jos,5,2026,Follow-up
3085,Chukwu Garba,73.0,Male,Kano,6,2024,Follow-up
1665,Olamide Yusuf,34.0,Female,Akure,6,2024,Chronic Care
3081,Joy Okoro,26.0,Female,ibadan ,10,2026,Routine Check
2468,Victor Nwosu,19.0,Male,Asaba,10,2025,Routine Check
3527,Ada Balogun,73.0,Male,Lagos,3,2026,Chronic Care
3630,Kelechi Balogun,67.0,Male,Owerri,7,2024,Chronic Care
1085,Ada Akin,65.0,Male,Port Harcourt,seven,2026,Specialist Consultation
3220,David Mensah,51.0,Male,Ibadan,6,2024,Follow-up
1942,Samuel Eze,59.0,Female,Kano,1,2025,Routine Check
1962,Precious Etim,67.0,Male,Abuja,9,2026,Follow-up
1842,Bola Onyeka,20.0,Female,Asaba,6,2026,Specialist Consultation
2338,Ngozi Ojo,41.0,Female,Enugu,8,2025,Chronic Care
3385,Chukwu Osei,41.0,Male,Lagos,10,2026,Routine Check
2557,Fatima Cole,43.0,Female,Akure,3,2024,Routine Check
3928,Aisha Udo,62.0,Male,Benin City,8,2026,Routine Check
1291,Tony Yusuf,41.0,Male,Kano,4,2026,Follow-up
2805,Tony Osei,37.0,Female,Abeokuta,5,2026,Chronic Care
2614,Samuel Ezeani,78.0,Male,Ilorin,1,2025,Follow-up
1605,Helen Ibrahim,42.0,Female,Asaba,8,2026,Chronic Care
3978,Esther Yusuf,40.0,Male,Abeokuta,5,2026,Routine Check
1917,Femi Chukwu,30.0,Male,Ibadan,6,2025,Follow-up
3091,John Chukwu,38.0,Male,Port Harcourt,6,2024,Routine Check
3752,Samuel Ezeh,47.0,Female,Benin City,4,2025,Routine Check
3105,Sani Akin,58.0,Female,Warri,10,2025,Routine Check
2299,Sarah Garba,75.0,Female,Uyo,10,2025,Follow-up
1822,Tolu Bello,43.0,Female,,2,2024,Specialist Consultation
3476,Samuel Ibekwe,19.0,Male,Lagos,10,2025,Follow-up
2001,Chukwu Eze,20.0,Female,Uyo,10,2026,Routine Check
2558,Zainab Paul,20.0,Male,Uyo,2,2026,Routine Check
1019,Tolu Onyeka,30.0,Female,Owerri,11,2026,Chronic Care
3430,Chidinma Williams,22.0,Male,Zaria,8,2026,Routine Check
2487,Fatima Ibrahim,32.0,Female,Warri,1,2024,Routine Check
2766,Yusuf Usman,53.0,Female,Zaria,3,2026,Chronic Care
3821,Helen Ezeani,69.0,Female,Warri,8,2026,Routine Check
3496,Aisha Ojo,43.0,Male,Zaria,1,2026,Chronic Care
3936,Olamide Mohammed,50.0,Female,Uyo,8,2025,Follow-up
3482,Michael Udo,28.0,Female,Asaba,11,2026,Routine Check
2992,Helen Abubakar,38.0,Male,Ibadan,5,2026,Routine Check
2437,Musa Eze,48.0,Male,Lagos,7,2024,Follow-up
2916,Anthony James,41.0,Male,Calabar,5,2026,Follow-up
1361,Daniel Adeyemi,45.0,Female,Abuja,9,2025,Routine Check
2273,Esther Okafor,24.0,Male,Asaba,9,2026,Routine Check
2792,Tony Ezeh,33.0,Female,Abeokuta,5,2024,Specialist Consultation
2578,Victor Peter,24.0,Female,Ibadan,ten,2025,Follow-up
1345,Kelechi Adeyemi,45.0,Female,Kano,9,2024,Routine Check
1987,Peter Bello,70.0,Male,Akure,8,2024,Routine Check
2271,Zainab Mohammed,68.0,Male,Abeokuta,12,2024,Routine Check
2727,Femi Osei,31.0,Female,Lagos,10,2025,Chronic Care
2331,Michael Ibekwe,56.0,Female,Zaria,3,2026,Follow-up
2911,Fatima Olawale,75.0,Female,Ilorin,9,2025,Routine Check
2094,Olamide Mensah,28.0,Female,Warri,9,2025,Routine Check
2589,Grace Ojo,30.0,Female,,7,2025,Routine Check
1086,Precious Bello,70.0,Male,Kano,5,2026,Chronic Care
3070,Ada Obi,70.0,Male,Zaria,12,2025,Routine Check
1669,Fatima Okafor,80.0,Female,Uyo,1,2025,Follow-up
2015,Aisha Akin,75.0,Male,Kano,10,2026,Chronic Care
1129,Sani Adeyemi,22.0,Female,Kano,8,2026,Chronic Care
3262,Amaka Adebayo,59.0,Male,Benin City,3,2025,Routine Check
3041,Ruth Okeke,70.0,Female,Port Harcourt,9,2024,Routine Check
1892,Tolu James,50.0,Female,Jos,11,2025,Follow-up
2834,Emeka Nwosu,76.0,Male,Calabar,2,2024,Chronic Care
1308,Uche Abubakar,44.0,Female,Benin City,9,2026,Routine Check
1384,Kelechi Ezeh,20.0,Male,Ilorin,,2025,Routine Check
2848,Sarah Sani,72.0,Female,Warri,6,2026,Routine Check
3895,Uche Ibekwe,56.0,Female,Asaba,7,2026,Follow-up
1427,Chidinma Sani,35.0,Male,Abeokuta,4,2026,Routine Check
1495,Esther Garba,68.0,Female,Enugu,2,2025,Routine Check
2579,Femi Akinyemi,27.0,Male,ABUJA,3,2026,Chronic Care
3439,Tolu Eze,27.0,Female,Benin City,5,2026,Routine Check
3204,Ruth Usman,36.0,Male,Zaria,5,2025,Follow-up
2262,Zainab Nwosu,73.0,Male,Abeokuta,3,2026,Routine Check
3832,Aisha James,43.0,Male,Abuja,8,2026,Specialist Consultation
1276,Kelvin Akinyemi,77.0,Male,Port Harcourt,11,2026,Follow-up
1490,Fatima Ibrahim,51.0,Male,Ibadan,2,2025,Follow-up
3214,Amaka Obi,,Male,Calabar,6,2026,Follow-up
1691,Musa Ibekwe,54.0,Female,Kano,9,2026,Routine Check
2323,Esther Garba,76.0,Female,Uyo,8,2025,Chronic Care
3739,Ibrahim Ezeh,19.0,Female,Abeokuta,11,2024,Chronic Care
3988,Daniel Udo,72.0,Male,Asaba,4,2025,Routine Check
3212,Zainab Mensah,63.0,Female,Abeokuta,6,2026,Chronic Care
3700,Blessing Etim,46.0,Female,Abeokuta,11,2025,Routine Check
2059,Aisha Mohammed,22.0,Female,Abeokuta,11,2025,Routine Check
1119,Helen Johnson,56.0,Female,Akure,3,2026,Follow-up
3011,David Ojo,20.0,Female,Abuja,3,2026,Follow-up
2732,Jane Garba,59.0,Female,Calabar,10,2026,Routine Check
1282,Emeka Abubakar,38.0,Female,Port Harcourt,4 visits,2026,Routine Check
2508,Victor Okeke,40.0,Male,Owerri,9,2026,Follow-up
3342,Ruth Paul,80.0,Female,Lagos,11,2024,Follow-up
3002,Tony Obi,67.0,Male,Calabar,9,2025,Specialist Consultation
3709,Tolu Udo,71.0,Male,Asaba,12,2025,Follow-up
3653,Ngozi Ezeh,28.0,Female,Lagos,2,2026,Follow-up
2958,Uche Abubakar,25.0,Male,Uyo,2,2024,Follow-up
3418,Zainab Ibrahim,29.0,Female,Abuja,8,2024,Chronic Care
1305,Ngozi Peter,46.0,Female,Owerri,12,2026,Chronic Care
2884,Chidinma Garba,27.0,Male,Uyo,2,2025,Follow-up
2534,Musa Cole,59.0,Female,Kaduna,3,2024,Specialist Consultation
2377,Ibrahim Osei,61.0,Male,Port-Harcourt,4,2025,Routine Check
1576,Femi Ezeani,80.0,Female,Ibadan,12,2025,Follow-up
2886,Mary Sani,50.0,Male,Abuja,2,2025,Chronic Care
3580,Ibrahim Paul,33.0,Male,Benin City,5,2026,Follow-up
3632,Bola Akin,41.0,Male,Zaria,3,2026,Chronic Care
2430,Daniel Etim,67.0,Male,Warri,11,2026,Follow-up
2445,Jane Mensah,57.0,Male,Kano,2,2025,Chronic Care
1844,Esther Peter,45.0,Female,Kano,5,2025,Follow-up
2711,Anthony Johnson,41.0,Female,Uyo,7,2026,Chronic Care
1270,Kelvin Yusuf,47.0,Female,Calabar,6,2024,Routine Check
1630,Blessing Peter,27.0,Male,Uyo,,2025,Follow-up
2034,Ibrahim Etim,,Male,Benin City,10,2024,Follow-up
1287,Blessing Okafor,19.0,Female,Warri,1,2026,Routine Check
3453,Sani Sani,58.0,Male,Ibadan,ten,2024,Specialist Consultation
1301,Aisha Akin,79.0,Female,Akure,8,2026,Routine Check
2361,Peter Etim,62.0,Female,Kaduna,11,2026,Routine Check
2826,Daniel Mohammed,34.0,Female,Zaria,10,2025,Routine Check
1066,Musa Sani,76.0,Male,Asaba,4,2024,Specialist Consultation
3227,Emeka Yusuf,71.0,Female,Enugu,1,2025,Follow-up
1891,Olamide Ibekwe,26.0,Female,Owerri,4,2025,Chronic Care
2781,Amaka Eze,35.0,Female,Calabar,4,2025,Routine Check
2745,Ngozi Paul,80.0,Male,Uyo,N/A,2026,Follow-up
2230,Samuel Okafor,34.0,Female,Enugu,5,2026,Follow-up
1231,David Peter,79.0,Male,Warri,2,2025,Follow-up
1504,Blessing Musa,60.0,Male,Owerri,1,2026,Specialist Consultation
2814,Grace Balogun,68.0,Female,Asaba,3,2026,Follow-up
2362,Amaka Akinyemi,39.0,Male,Abeokuta,12,2026,Specialist Consultation
2457,Tony Obi,51.0,Female,Ilorin,7,2024,Specialist Consultation
2238,Amaka Etim,30.0,Male,Kano,5,2024,Follow-up
2005,John Mohammed,65.0,Female,Ibadan,5,2026,Chronic Care
1837,Uche Ezeh,43.0,Male,Warri,N/A,2024,Follow-up
2980,Fatima Cole,32.0,Male,Zaria,3,2024,Follow-up
1375,Anthony Chukwu,75.0,Male,Kaduna,9,2026,Routine Check
2261,Victor Garba,79.0,Female,Asaba,9,2026,Follow-up
3117,Samuel Balogun,51.0,Female,Kano,1,2026,Specialist Consultation
2801,Peter Ibrahim,63.0,Female,Calabar,4,2025,Routine Check
2818,David Ezeh,55.0,Male,Kaduna,10,2024,Follow-up
3078,Chukwu Ezeani,65.0,Female,ibadan ,4,2025,Chronic Care
1752,Bola Akinyemi,37.0,Male,Ibadan,5,2026,Follow-up
1100,Emeka Cole,31.0,Male,Owerri,3,2026,Follow-up
2737,David Sani,61.0,Female,Akure,2,2025,Specialist Consultation
1867,Daniel Etim,42.0,Female,Ilorin,2,2025,Follow-up
1911,Fatima James,41.0,Female,Ilorin,10,2025,Routine Check
3292,Jane Okeke,44.0,Male,Abuja,6,2026,Specialist Consultation
1530,Helen Adeyemi,76.0,Female,Jos,10,2025,Specialist Consultation
1637,Samuel Obi,80.0,Male,Akure,8,2024,Follow-up
1186,Sani Abubakar,55.0,Female,Owerri,5,2026,Chronic Care
3904,Joy Akinyemi,57.0,Male,Uyo,2,2026,Follow-up
3197,Tony Adeyemi,37.0,Male,Warri,10,2025,Routine Check
1932,Daniel Adebayo,68.0,Male,Owerri,12,2024,Routine Check
2393,Aisha Sani,60.0,Male,Warri,1,2025,Follow-up
3745,Mary Paul,20.0,Male,Lagos,7,2024,Routine Check
2408,Jane Okeke,56.0,Male,Ilorin,7,2026,Routine Check
3408,Jane Ibekwe,33.0,Female,Enugu,3,2025,Specialist Consultation
3015,Precious Williams,68.0,Female,Kano,9,2025,Follow-up
1608,Aisha Johnson,80.0,Female,Benin City,7,2026,Follow-up
3755,David Obi,50.0,Female,Ibadan,4,2025,Chronic Care
1152,Precious Okoro,40.0,Male,Calabar,6,2024,Specialist Consultation
3017,Amaka Paul,36.0,Male,Kano,4,2024,Follow-up
3149,Mary Udo,55.0,Female,Benin City,9,2026,Follow-up
1732,Tolu Paul,43.0,Male,Kano,7,2024,Routine Check
3543,Sani Adebayo,77.0,Female,Jos,3,2026,Follow-up
2612,Michael Sani,40.0,Female,Asaba,11,2026,Chronic Care
3738,Yusuf Nwosu,61.0,Female,Ilorin,3,2026,Routine Check
1024,Peter Nwosu,20.0,Male,Kano,1,2026,Routine Check
2675,Uche Etim,,Male,Lagos,4,2025,Routine Check
1159,Helen Adebayo,56.0,Male,Ibadan,2,2026,Follow-up
1862,Esther Chukwu,41.0,Female,Ibadan,6,2026,Routine Check
1903,Victor Garba,24.0,Male,Benin City,8,2024,Follow-up
2443,Yusuf James,48.0,Female,Ilorin,12,2026,Chronic Care
3260,Chukwu Mohammed,59.0,Male,Kano,9,2024,Routine Check
1445,Amaka Ezeani,44.0,Female,Uyo,10,2026,Routine Check
3947,Anthony Okoro,49.0,Male,Jos,5,2026,Specialist Consultation
1755,Victor Udo,22.0,Female,Abuja,9,2026,Follow-up
1924,Peter Yusuf,22.0,Male,Calabar,10,2026,Specialist Consultation
3980,Samuel Ibekwe,70.0,Male,Zaria,10,2026,Chronic Care
3109,Ngozi Cole,45.0,Female,Uyo,11,2025,Routine Check
1312,Helen Akin,27.0,Female,Akure,4,2024,Follow-up
1549,Zainab Bello,33.0,Male,Calabar,3,2026,Specialist Consultation
2961,Anthony Sani,61.0,Male,Lagos,8,2026,Chronic Care
2469,Amaka Adeyemi,62.0,Female,Jos,10,2025,Routine Check
1307,Zainab Ezeh,59.0,Female,Jos,9,2026,Chronic Care
1288,Helen Akin,45.0,Male,Abuja,8,2026,Follow-up
1695,Mary Adeyemi,76.0,Female,Enugu,1,2025,Routine Check
1309,Anthony Okoro,,Female,Akure,9,2026,Follow-up
3495,Daniel Etim,45.0,Female,Lagos,8,2025,Routine Check
1750,John Akinyemi,51.0,Female,Owerri,7,2025,Follow-up
2447,Grace Peter,50.0,Female,Akure,1,2024,Routine Check
2477,Yusuf Okeke,32.0,Male,Enugu,8,2025,Specialist Consultation
1909,Sarah Nwosu,29.0,Female,Kano,4,2026,Routine Check
3330,Kelvin Abubakar,33.0,Male,Kano,7,2026,Specialist Consultation
3447,Ngozi Sani,68.0,Female,Zaria,9,2026,Routine Check
3213,Bola Williams,19.0,Male,Abuja,7,2024,Follow-up
3501,Olamide Mensah,64.0,Male,Ibadan,10,2025,Follow-up
1971,Sarah Mensah,75.0,Female,Owerri,8,2025,Follow-up
1014,Uche Chukwu,24.0,Male,Kaduna,12,2025,Routine Check
1874,Daniel Ibrahim,56.0,Female,Asaba,4,2025,Follow-up
1809,David Johnson,53.0,Male,lagos,12,2025,Chronic Care
3586,Precious Bello,65.0,Male,Abuja,7,2025,Chronic Care
1515,Blessing Akinyemi,64.0,Male,Abeokuta,4,2025,Routine Check
3420,Ngozi Garba,74.0,Male,Kano,1,2024,Routine Check
1410,John Adeyemi,47.0,Male,Port Harcourt,11,2025,Routine Check
2375,Blessing Obi,70.0,Female,Enugu,5,2025,Routine Check
3727,Olamide Garba,34.0,Female,Jos,8,2024,Follow-up
2318,Michael Johnson,41.0,Male,Warri,11,2026,Routine Check
2236,Mary Ezeani,57.0,Male,Calabar,12,2026,Routine Check
2353,Samuel Ojo,58.0,Male,Kano,4,2025,Routine Check
3162,Grace Cole,58.0,Male,Uyo,12,2026,Routine Check
1383,Sani Yusuf,62.0,Male,Benin City,5,2026,Follow-up
2584,Jane Paul,19.0,Female,Abeokuta,7,2024,Chronic Care
3354,Olamide Mensah,76.0,Male,Warri,7,2026,Follow-up
2337,Hauwa Adebayo,79.0,Female,Kaduna,9,2025,Routine Check
3443,Ruth Paul,42.0,Female,Kaduna,8,2025,Routine Check
1553,Hauwa Osei,73.0,Male,Jos,5,2026,Routine Check
1223,Chukwu Nwosu,52.0,Male,Kano,1,2026,Routine Check
2097,Samuel Sani,32.0,Male,Ilorin,8,2026,Follow-up
3606,Kelvin Okoro,21.0,Male,Jos,11,2025,Routine Check
1009,Ibrahim Adeyemi,71.0,Male,Zaria,10,2025,Follow-up
2489,Michael Paul,54.0,Female,Benin City,4,2025,Follow-up
1317,Chukwu James,74.0,Female,Abeokuta,1,2025,Follow-up
1428,Blessing Ezeani,28.0,Female,Lagos,4,2026,Follow-up
2344,Joy Ojo,69.0,Female,Port Harcourt,5,2025,Chronic Care
1106,Musa Akin,23.0,Female,Warri,4,2026,Routine Check
2738,Mary James,42.0,Female,Calabar,10,2025,Routine Check
1143,Amaka Chukwu,64.0,Female,Abuja,3,2025,Chronic Care
1122,Esther Akinyemi,50.0,Female,Owerri,11,2026,Routine Check
3378,Ruth Abubakar,69.0,Female,Kano,3,2025,Follow-up
3874,Tony Paul,22.0,Male,Kano,ten,2025,Follow-up
2190,Sarah Eze,60.0,Female,ABUJA,3,2026,Routine Check
3005,David Nwosu,53.0,Male,Port Harcourt,6,2026,Chronic Care
3608,Emeka Abubakar,71.0,Female,Kaduna,5,2026,Chronic Care
2379,Grace Danladi,64.0,Male,Ibadan,6,2025,Specialist Consultation
1116,Mary Udo,51.0,Female,Ibadan,3,2026,Chronic Care
3452,Sani Peter,71.0,Female,Enugu,4 visits,2025,Routine Check
3235,Ibrahim Chukwu,48.0,Male,Kaduna,5,2026,Routine Check
3150,Fatima Sani,36.0,Female,Asaba,4,2025,Specialist Consultation
3806,Emeka Obi,49.0,Male,Ilorin,9,2026,Routine Check
3958,Jane Okoro,76.0,Female,Port Harcourt,3,2026,Chronic Care
2610,Olamide James,73.0,Female,Port Harcourt,5,2024,Routine Check
3152,Kelvin James,49.0,Female,Kano,,2026,Routine Check
1673,Musa Ibekwe,25.0,Female,Kaduna,10,2025,Routine Check
3731,Mary Yusuf,65.0,Male,Calabar,7,2026,Chronic Care
3873,John Ibrahim,62.0,Male,,6,2026,Routine Check
1592,Ibrahim Ibekwe,73.0,Female,Abuja,6,2026,Chronic Care
2414,John Eze,58.0,Female,Abuja,six,2026,Follow-up
1889,Chukwu Etim,41.0,Male,Abeokuta,11,2025,Follow-up
2768,Ruth Garba,60.0,Male,Asaba,8,2026,Routine Check
2378,Fatima Udo,53.0,Female,,1,2025,Chronic Care
2867,Grace Adeyemi,28.0,Female,Calabar,1,2026,Routine Check
1214,Ngozi Onyeka,62.0,Female,Ilorin,2,2024,Follow-up
3023,Mary Abubakar,47.0,Male,Abuja,6,2025,Follow-up
2682,Peter Peter,68.0,Male,Owerri,9,2025,Routine Check
1801,Chidinma Eze,28.0,Male,Ibadan,10,2026,Chronic Care
3487,Yusuf Akin,32.0,Female,Kaduna,8,2026,Routine Check
2533,Sani Ezeh,24.0,Male,Ilorin,2,2024,Follow-up
3290,David Adebayo,28.0,Male,Asaba,12,2026,Specialist Consultation
3671,Samuel Udo,28.0,Female,Abuja,,2026,Routine Check
3720,Zainab Okafor,66.0,Female,Warri,1,2026,Follow-up
1274,Zainab Musa,42.0,Male,Abuja,8,2025,Follow-up
1072,Samuel Okafor,39.0,Female,Asaba,7,2026,Chronic Care
2804,Daniel Olawale,25.0,Male,Port Harcourt,4,2026,Chronic Care
2088,Precious Olawale,46.0,Male,Zaria,10,2024,Follow-up
1395,Jane Akin,61.0,Male,Port-Harcourt,4,2025,Follow-up
1584,Ruth Balogun,56.0,Male,Zaria,4 visits,2024,Routine Check
2986,Kelvin Mohammed,24.0,Male,Lagos,8,2025,Chronic Care
2996,Joy Ibrahim,29.0,Male,Owerri,12,2026,Routine Check
1501,Kelechi James,78.0,Female,Ibadan,10,2026,Follow-up
3030,Daniel Onyeka,21.0,Female,Benin City,8,2025,Follow-up
3230,Chidinma Olawale,40.0,Male,Calabar,9,2024,Routine Check
3989,Aisha Onyeka,62.0,Male,Asaba,2,2026,Chronic Care
3749,Joy Chukwu,60.0,Male,lagos,1,2026,Routine Check
2898,Bola Udo,62.0,Male,Asaba,4,2026,Routine Check
2260,David Okeke,21.0,Female,Port Harcourt,5,2024,Follow-up
2621,Esther Williams,32.0,Male,Akure,6,2026,Chronic Care
3169,Zainab Eze,79.0,Male,Uyo,5,2026,Follow-up
1206,Samuel James,39.0,Male,Benin City,1,2024,Follow-up
1734,Ibrahim Bello,75.0,Male,Zaria,ten,2026,Chronic Care
2816,Aisha Ojo,61.0,Male,Warri,7,2024,Routine Check
1527,Bola Osei,68.0,Female,Warri,2,2024,Chronic Care
2743,Olamide Johnson,37.0,Female,Abuja,4,2024,Specialist Consultation
1899,Fatima Okeke,30.0,Female,Warri,7,2025,Chronic Care
1378,Esther Nwosu,80.0,Male,Benin City,10,2025,Follow-up
2740,Ada Eze,66.0,Female,Port Harcourt,11,2026,Specialist Consultation
3879,Samuel James,29.0,Female,Enugu,9,2025,Chronic Care
2456,Aisha Udo,80.0,Female,Asaba,11,2025,Routine Check
1387,Kelvin Chukwu,52.0,Male,Uyo,ten,2025,Routine Check
1199,Grace Bello,76.0,Male,Port Harcourt,2,2025,Routine Check
2051,Bola Obi,26.0,Male,Lagos,1,2025,Routine Check
1591,Tony Akin,68.0,Female,,3,2026,Follow-up
1520,Amaka Ibekwe,20.0,Female,Kaduna,10,2024,Follow-up
3747,Musa Garba,34.0,Male,Abuja,4,2025,Routine Check
1430,Jane Chukwu,57.0,Female,Lagos,4,2024,Routine Check
2084,Grace Garba,58.0,Male,Owerri,8,2024,Follow-up
1208,Amaka Nwosu,50.0,Male,Benin City,1,2026,Follow-up
1492,Hauwa Etim,61.0,Male,Ibadan,2,2025,Routine Check
2345,Precious Chukwu,34.0,Female,Owerri,6,2024,Follow-up
3921,Helen Onyeka,32.0,Male,Zaria,4,2025,Follow-up
1793,Anthony Cole,31.0,Male,Lagos,10,2024,Follow-up
3035,Femi Sani,37.0,Female,Jos,12,2024,Routine Check
2187,Ngozi Garba,35.0,Male,Abuja,2,2026,Routine Check
2186,Aisha Mensah,56.0,Female,Ibadan,4,2025,Follow-up
3217,Amaka Peter,70.0,Male,Abuja,1,2025,Routine Check
2352,Precious Okafor,21.0,Male,Ilorin,3,2025,Routine Check
3239,Helen Bello,,Male,Port-Harcourt,2,2025,Chronic Care
1084,Joy Garba,,Male,Asaba,1,2025,Follow-up
3376,Daniel Johnson,64.0,Male,Uyo,8,2026,Follow-up
3233,Aisha Garba,57.0,Male,Abeokuta,1,2026,Follow-up
1021,Chukwu Adebayo,56.0,Female,Lagos,1,2025,Follow-up
3982,Joy Usman,26.0,Male,Zaria,11,2026,Follow-up
2715,Grace Usman,56.0,Male,Calabar,ten,2026,Follow-up
2954,Samuel Mohammed,76.0,Female,Jos,11,2026,Follow-up
3702,Daniel Adebayo,28.0,Female,Warri,10,2024,Chronic Care
2953,Ngozi Williams,73.0,Female,Abuja,6,2025,Routine Check
1974,Hauwa Ojo,43.0,Male,Asaba,7,2025,Follow-up
3798,Joy Akin,52.0,Female,Kano,1,2026,Follow-up
1884,Mary Musa,78.0,Male,Akure,6,2025,Chronic Care
2099,Yusuf Usman,43.0,Female,Benin City,3,2026,Routine Check
1157,Amaka Onyeka,64.0,Female,Ibadan,4,2024,Follow-up
3283,Precious Udo,61.0,Female,Uyo,9,2026,Routine Check
1887,Olamide Ibrahim,32.0,Female,,12,2026,Routine Check
2501,Femi Okafor,74.0,Male,,3,2024,Routine Check
3120,Victor Mensah,48.0,Female,,6,2024,Routine Check
3485,Amaka Nwosu,28.0,Female,Calabar,7,2026,Routine Check
2663,David Peter,47.0,Female,Port Harcourt,10,2026,Routine Check
3542,Michael Onyeka,28.0,Male,Kaduna,3,2026,Routine Check
2841,Emeka Akinyemi,72.0,Female,Lagos,4,2026,Follow-up
3345,Tony Bello,21.0,Female,Lagos,2,2026,Chronic Care
3657,Chukwu Obi,57.0,Male,Zaria,8,2024,Routine Check
1459,Anthony Etim,69.0,Male,Calabar,11,2025,Routine Check
2908,Femi Danladi,35.0,Male,Kaduna,12,2026,Routine Check
1079,Precious Okoro,41.0,Female,Kaduna,10,2024,Follow-up
3923,Kelvin Nwosu,77.0,Male,Port Harcourt,7,2026,Chronic Care
2057,Michael Etim,46.0,Female,,8,2025,Follow-up
1907,Emeka Adebayo,26.0,Male,Lagos,7,2026,Routine Check
2577,Daniel Onyeka,73.0,Female,Zaria,8,2024,Routine Check
3404,Esther Mohammed,70.0,Male,Abeokuta,12,2026,Specialist Consultation
3705,Helen Eze,34.0,Female,Port-Harcourt,9,2025,Follow-up
1381,Ruth Okoro,52.0,Male,Lagos,7,2026,Routine Check
1948,Jane Ibrahim,70.0,Male,Benin City,4,2025,Specialist Consultation
2726,Joy Cole,73.0,Female,Akure,9,2024,Routine Check
3591,Amaka Johnson,59.0,Female,Calabar,2,2024,Follow-up
1716,Jane Peter,44.0,Male,Ilorin,2,2024,Chronic Care
3031,David Paul,39.0,Female,Jos,3,2024,Routine Check
1687,Hauwa Ezeh,31.0,Male,Zaria,12,2025,Routine Check
3992,Jane Mohammed,73.0,Male,Akure,1,2026,Routine Check
2294,Esther Mohammed,79.0,Male,Uyo,3,2025,Chronic Care
1306,Samuel Ojo,25.0,Male,Ilorin,5,2026,Routine Check
1210,Helen James,78.0,Male,,9,2026,Routine Check
2498,Precious Danladi,64.0,Male,Warri,1,2025,Chronic Care
3228,Ada Peter,65.0,Male,Ibadan,12,2026,Specialist Consultation
3985,John Nwosu,46.0,Female,Kano,8,2024,Follow-up
3737,Zainab Ezeani,31.0,Male,Kano,4,2026,Chronic Care
1886,Musa Eze,56.0,Female,Port Harcourt,6,2024,Follow-up
3016,Mary Paul,40.0,Male,Warri,2,2026,Follow-up
1918,Michael Ibekwe,18.0,Male,Jos,4,2026,Follow-up
3568,Ibrahim Peter,24.0,Female,ibadan ,1,2026,Routine Check
3131,Yusuf Ibrahim,67.0,Female,Benin City,12,2025,Routine Check
1192,Hauwa Mensah,29.0,Female,Asaba,10,2025,Routine Check
2761,Bola Balogun,35.0,Male,Ilorin,4,2025,Chronic Care
3957,Mary Johnson,45.0,Female,Ilorin,8,2025,Follow-up
2266,Chidinma Johnson,60.0,Male,Benin City,8,2026,Follow-up
1484,Grace Abubakar,29.0,Male,Port Harcourt,1,2025,Chronic Care
1916,Victor Danladi,19.0,Male,Owerri,4,2025,Follow-up
3607,Sarah Adebayo,63.0,Female,ibadan ,10,2025,Chronic Care
1278,Olamide Danladi,26.0,Male,Benin City,N/A,2024,Chronic Care
1989,Femi Peter,30.0,Male,Enugu,12,2025,Follow-up
2624,Sani Mensah,35.0,Female,Abuja,8,2026,Routine Check
2910,Daniel Williams,40.0,Male,Abuja,5,2026,Specialist Consultation
2641,Grace Johnson,28.0,Female,,8,2025,Follow-up
1572,Anthony Abubakar,38.0,Female,Abeokuta,9,2025,Follow-up
1994,Tony Olawale,73.0,Female,Port Harcourt,2,2026,Routine Check
2890,Aisha Abubakar,77.0,Male,Asaba,1,2025,Specialist Consultation
2412,David Nwosu,37.0,Male,Zaria,1,2024,Chronic Care
1586,Sarah Balogun,50.0,Male,Benin City,6,2026,Chronic Care
2585,Amaka Musa,69.0,Female,Owerri,9,2026,Routine Check
9003,Clinic Test Entry,0.0,Unknown,TEST,N/A,2026,Test
2350,Precious Akinyemi,41.0,Female,Kano,5,2025,Chronic Care
3043,Zainab Danladi,24.0,Male,Abeokuta,6,2025,Specialist Consultation
1675,John James,43.0,Female,Jos,6,2025,Routine Check
2707,Bola Onyeka,19.0,Female,Enugu,8,2024,Routine Check
1856,Sarah Udo,34.0,Male,Abuja,3,2026,Routine Check
1448,Ruth James,30.0,Female,Jos,12,2026,Routine Check
2432,Helen Okeke,34.0,Male,Ilorin,1,2026,Routine Check
3441,Samuel Ezeh,72.0,Male,Kaduna,2,2024,Chronic Care
3163,Hauwa Ibrahim,30.0,Female,Abuja,10,2025,Routine Check
3494,Ruth Mohammed,23.0,Male,Uyo,2,2026,Routine Check
3684,Amaka Okafor,35.0,Female,Uyo,11,2026,Routine Check
3994,John Osei,72.0,Female,Lagos,2,2025,Chronic Care
2730,Tony James,69.0,Male,Asaba,5,2025,Follow-up
3680,Amaka Mensah,74.0,Female,Enugu,3,2026,Routine Check
2248,Joy Osei,23.0,Female,Warri,8,2026,Specialist Consultation
1295,Fatima Onyeka,,Female,Akure,9,2026,Follow-up
1589,Mary Okeke,34.0,Male,Kaduna,7,2026,Follow-up
2282,Bola Akinyemi,43.0,Male,Kano,11,2024,Routine Check
3824,Peter Johnson,33.0,Male,Abuja,8,2025,Routine Check
3363,Yusuf Mohammed,33.0,Female,Port Harcourt,3,2025,Follow-up
3756,Zainab Etim,54.0,Female,Lagos,9,2026,Follow-up
3259,Precious Chukwu,43.0,Male,Calabar,7,2024,Follow-up
2418,Tony Mohammed,70.0,Female,Ilorin,8,2026,Follow-up
1426,Uche Chukwu,58.0,Male,Uyo,2,2026,Chronic Care
1535,Fatima Akin,43.0,Female,Calabar,5,2025,Chronic Care
2055,Ibrahim Akin,30.0,Female,Kano,7,2025,Follow-up
2879,Aisha Abubakar,18.0,Male,Asaba,2,2025,Routine Check
3777,Peter Yusuf,39.0,Male,Lagos,5,2025,Chronic Care
2438,Victor Adeyemi,51.0,Female,Kano,2,2025,Chronic Care
1133,Anthony Yusuf,80.0,Female,Jos,6,2025,Routine Check
3107,Tolu Akin,34.0,Female,Asaba,8,2026,Routine Check
2840,Jane Bello,32.0,Male,Calabar,1,2026,Follow-up
1422,Ibrahim Okoro,68.0,Male,Asaba,ten,2024,Follow-up
3667,Olamide Onyeka,54.0,Male,Ibadan,6,2026,Follow-up
3044,Femi Garba,44.0,Female,Uyo,12,2026,Routine Check
2587,Precious Ezeh,39.0,Female,Abeokuta,7,2024,Follow-up
2369,Peter Akin,54.0,Female,Owerri,10,2025,Follow-up
1557,Precious Bello,45.0,Female,Abeokuta,2,2026,Routine Check
3051,Mary Williams,52.0,Male,Abuja,9,2025,Follow-up
2499,Victor Eze,46.0,Female,Port Harcourt,2,2026,Routine Check
3688,Fatima Osei,75.0,Male,,8,2025,Routine Check
1571,Esther Danladi,32.0,Male,Owerri,1,2026,Specialist Consultation
1353,Sarah Bello,21.0,Female,Uyo,6,2025,Routine Check
1092,Precious Mohammed,41.0,Male,Calabar,3,2026,Chronic Care
3285,Uche Onyeka,62.0,Female,Asaba,11,2024,Follow-up
3541,Esther Paul,48.0,Male,Benin City,4,2025,Routine Check
2171,Bola Akin,77.0,Male,Lagos,1,2026,Follow-up
3395,Yusuf Osei,52.0,Female,Warri,2,2026,Routine Check
2286,Mary Nwosu,67.0,Male,Abuja,2,2026,Routine Check
3234,Ada James,75.0,Male,Kaduna,6,2025,Routine Check
2481,Peter James,23.0,Female,Ilorin,11,2026,Follow-up
3896,Emeka Osei,53.0,Male,Lagos,4,2024,Follow-up
3255,Fatima Abubakar,67.0,Male,Kaduna,10,2024,Routine Check
1698,Uche Danladi,24.0,Male,Uyo,3,2024,Routine Check
3514,Hauwa Osei,59.0,Male,Port Harcourt,1,2025,Follow-up
1349,Jane Chukwu,73.0,Female,Lagos,5,2025,Specialist Consultation
3563,Tolu Paul,34.0,Male,Abuja,11,2024,Routine Check
3617,Musa Sani,34.0,Female,Abuja,10,2026,Routine Check
3438,Kelechi Mensah,20.0,Female,Akure,2,2025,Chronic Care
3175,Peter Musa,35.0,Female,Uyo,3,2025,Follow-up
2138,Femi Danladi,30.0,Female,Abuja,12,2024,Follow-up
2812,Aisha Ezeani,60.0,Male,Akure,6,2026,Specialist Consultation
3160,Kelechi Mensah,56.0,Female,Ilorin,3,2026,Routine Check
3845,Bola Etim,75.0,Male,ABUJA,6,2026,Routine Check
3829,Amaka Ibekwe,74.0,Male,,5,2025,Chronic Care
2340,Samuel Williams,28.0,Male,Zaria,5,2026,Chronic Care
3497,Yusuf Ezeani,61.0,Male,Calabar,6,2024,Chronic Care
1454,Chukwu Chukwu,59.0,Male,Jos,5,2025,Routine Check
1914,Daniel Eze,52.0,Male,Calabar,11,2025,Routine Check
2200,Uche Mohammed,50.0,Male,Kano,6,2025,Routine Check
2275,Sani Bello,18.0,Female,Uyo,8,2024,Chronic Care
2881,David Akin,46.0,Male,Port Harcourt,10,2026,Routine Check
1038,Musa Balogun,55.0,Female,Abeokuta,3,2026,Follow-up
1975,Helen Okoro,52.0,Male,Zaria,11,2025,Routine Check
3779,Fatima Cole,48.0,Female,Ibadan,4 visits,2025,Routine Check
1984,Anthony Nwosu,37.0,Male,Enugu,6,2026,Follow-up
3478,Esther Peter,73.0,Female,Lagos,8,2026,Routine Check
3536,Jane Chukwu,63.0,Female,Kaduna,4,2024,Chronic Care
2419,Uche Sani,70.0,Female,Asaba,9,2026,Chronic Care
2285,Tolu Yusuf,78.0,Female,Kaduna,9,2026,Specialist Consultation
1040,Ngozi Adeyemi,52.0,Female,Asaba,1,2026,Follow-up
3908,Tony Nwosu,44.0,Male,Kano,11,2026,Specialist Consultation
1170,Uche Akinyemi,79.0,Male,Ilorin,9,2026,Routine Check
2356,David Danladi,79.0,Male,Abeokuta,9,2025,Routine Check
1738,Ngozi Mensah,80.0,Male,Abeokuta,7,2026,Chronic Care
2564,Tony Cole,23.0,Female,Enugu,12,2025,Chronic Care
3708,Ruth Obi,43.0,Male,Zaria,12,2025,Follow-up
2913,Aisha Adeyemi,24.0,Female,ibadan ,7,2026,Specialist Consultation
1635,Kelvin Yusuf,70.0,Male,Warri,6,2026,Routine Check
3656,John James,25.0,Male,Kaduna,12,2025,Chronic Care
2934,Anthony Osei,65.0,Male,Lagos,11,2025,Routine Check
2291,Victor Etim,78.0,Male,Kaduna,7,2026,Follow-up
2381,Olamide Cole,40.0,Female,Calabar,8,2025,Follow-up
1580,Musa Adeyemi,30.0,Male,Calabar,2,2024,Follow-up
1329,John Olawale,75.0,Male,Zaria,5,2026,Routine Check
2656,Emeka Yusuf,72.0,Female,Asaba,12,2024,Routine Check
1893,Precious Nwosu,44.0,Female,Jos,2,2026,Follow-up
3038,Helen Cole,49.0,Female,Lagos,4,2025,Routine Check
1781,Michael Ezeh,32.0,Female,Asaba,11,2026,Routine Check
1160,Bola Ezeani,51.0,Female,Kano,12,2026,Specialist Consultation
2559,Helen Adeyemi,53.0,Male,Jos,1,2026,Chronic Care
3064,Tony Akinyemi,55.0,Male,Port Harcourt,5,2025,Follow-up
3331,Musa Paul,74.0,Male,Ibadan,8,2024,Chronic Care
1062,Chidinma Adeyemi,75.0,Male,Zaria,11,2026,Chronic Care
1850,Amaka Sani,31.0,Female,Lagos,11,2025,Follow-up
3999,Tony Akinyemi,63.0,Female,Abeokuta,6,2025,Follow-up
3901,Tony Williams,67.0,Female,Owerri,9,2025,Routine Check
2044,Amaka Obi,75.0,Female,Jos,9,2024,Chronic Care
3503,Joy Udo,29.0,Male,Asaba,6,2025,Routine Check
2951,Yusuf Johnson,44.0,Female,,11,2026,Routine Check
2874,Peter Ezeani,45.0,Male,Asaba,1,2026,Chronic Care
2071,Ada Ibekwe,19.0,Male,Enugu,12,2026,Routine Check
1054,Grace Balogun,63.0,Female,Kano,12,2024,Chronic Care
1259,Uche Adeyemi,30.0,Male,Abuja,12,2026,Routine Check
1506,Helen Onyeka,67.0,Female,Jos,5,2026,Follow-up
1753,Ruth Ojo,75.0,Male,Abuja,4,2025,Routine Check
2994,Uche Usman,59.0,Male,Uyo,6,2026,Follow-up
1218,Femi Onyeka,75.0,Male,Abuja,4,2026,Specialist Consultation
3012,Emeka Etim,79.0,Female,Abuja,6,2026,Specialist Consultation
3796,Helen Musa,18.0,Female,Lagos,8,2025,Follow-up
1751,Precious Paul,25.0,Male,Abuja,1,2025,Chronic Care
3280,Ngozi Williams,75.0,Male,Enugu,10,2026,Chronic Care
2390,Emeka Yusuf,36.0,Female,Kaduna,10,2024,Routine Check
3510,Peter Akinyemi,34.0,Female,Owerri,12,2025,Routine Check
2267,Tolu Garba,21.0,Male,Port Harcourt,6,2026,Routine Check
3473,Peter Usman,42.0,Male,Lagos,7,2026,Follow-up
3619,Ibrahim Udo,69.0,Female,Enugu,10,2026,Specialist Consultation
1772,Daniel Paul,31.0,Female,Owerri,3,2026,Routine Check
3811,Femi Chukwu,53.0,Female,Calabar,2,2026,Chronic Care
2771,Ibrahim Eze,68.0,Male,Kaduna,9,2024,Follow-up
3846,Sarah Ojo,35.0,Male,Ilorin,2,2024,Follow-up
2086,Olamide Usman,58.0,Female,Akure,4,2025,Chronic Care
2733,Ruth Balogun,43.0,Male,Akure,3,2025,Chronic Care
2546,Aisha Olawale,20.0,Female,Ibadan,3,2026,Chronic Care
2326,Fatima Yusuf,69.0,Male,Zaria,10,2026,Follow-up
3226,Kelvin Ezeh,47.0,Female,Benin City,4,2026,Follow-up
3531,Ibrahim Ezeh,56.0,Female,Abeokuta,11,2024,Routine Check
2728,Tony Usman,78.0,Female,Kaduna,1,2024,Follow-up
2660,John Paul,33.0,Male,Port Harcourt,10,2026,Routine Check
3655,Bola Bello,68.0,Female,Kano,3,2026,Follow-up
3598,Helen Okafor,46.0,Male,Kaduna,10,2024,Routine Check
2695,Bola Akin,55.0,Male,Port Harcourt,8,2026,Routine Check
2742,Mary Adebayo,52.0,Male,Kano,6,2026,Follow-up
2164,Fatima Paul,75.0,Male,Uyo,2,2026,Specialist Consultation
1964,Zainab Okoro,47.0,Male,Abuja,6,2025,Routine Check
3911,Tony Okafor,,Female,Ilorin,3,2024,Chronic Care
2676,Emeka Chukwu,43.0,Male,Uyo,4,2026,Routine Check
1399,Jane James,56.0,Female,Kano,1,2026,Follow-up
1585,Jane Mensah,57.0,Male,Uyo,9,2025,Chronic Care
1949,Kelechi Yusuf,55.0,Male,Calabar,8,2026,Follow-up
1705,Ibrahim Eze,60.0,Male,ABUJA,11,2026,Routine Check
1432,Precious Williams,19.0,Female,Asaba,4,2026,Routine Check
1293,Grace Eze,47.0,Female,Kaduna,10,2024,Routine Check
1146,Emeka Okafor,64.0,Male,Jos,10,2026,Follow-up
1324,David Williams,42.0,Female,Ilorin,10,2025,Routine Check
3115,Chidinma Yusuf,19.0,Male,Benin City,1,2025,Routine Check
2166,Esther Cole,18.0,Female,Enugu,9,2026,Routine Check
2453,Blessing Bello,71.0,Female,Enugu,10,2025,Chronic Care
1003,Emeka Williams,61.0,Female,Port Harcourt,2,2024,Routine Check
1577,Michael Garba,49.0,Male,Port Harcourt,8,2026,Follow-up
3307,Kelechi Akinyemi,53.0,Male,Asaba,8,2025,Follow-up
1340,Blessing Danladi,65.0,Female,Kaduna,2,2024,Follow-up
2796,Yusuf Peter,75.0,Female,Asaba,5,2026,Routine Check
2599,Daniel Usman,45.0,Female,Abuja,9,2025,Follow-up
1926,John Adebayo,,Female,Calabar,4,2026,Routine Check
1266,Ibrahim Garba,35.0,Female,Owerri,1,2026,Follow-up
1377,Kelvin Olawale,36.0,Male,Kaduna,4,2026,Follow-up
2878,Anthony Ezeani,68.0,Female,Asaba,3,2024,Routine Check
2464,Uche Ezeh,18.0,Female,Abeokuta,11,2025,Follow-up
1272,John Etim,35.0,Female,Calabar,9,2026,Follow-up
1697,Blessing Garba,49.0,Male,Kano,10,2025,Chronic Care
3983,Daniel Usman,24.0,Male,Port Harcourt,11,2025,Follow-up
1245,Michael Danladi,42.0,Female,Jos,3,2024,Specialist Consultation
3822,Fatima Danladi,55.0,Male,Lagos,2,2026,Follow-up
1477,Anthony Danladi,53.0,Female,Enugu,2,2024,Chronic Care
3248,Joy Cole,57.0,Female,Ilorin,1,2025,Follow-up
2736,Grace Olawale,48.0,Female,,6,2026,Chronic Care
2863,Ibrahim Adeyemi,60.0,Male,Calabar,3,2026,Routine Check
3124,John Ezeani,79.0,Female,Benin City,1,2026,Specialist Consultation
3792,Aisha Mensah,77.0,Male,Ilorin,12,2026,Routine Check
3963,Amaka Abubakar,57.0,Female,Abeokuta,,2026,Routine Check
2939,Femi Paul,20.0,Female,Jos,4,2026,Follow-up
3723,Uche Akin,36.0,Male,Owerri,12,2024,Chronic Care
1251,Aisha Garba,71.0,Male,,10,2025,Follow-up
1414,Tolu Okafor,34.0,Male,Abeokuta,5,2025,Follow-up
1546,Esther Ojo,78.0,Male,Asaba,3,2024,Follow-up
2194,Sarah Osei,18.0,Male,Ilorin,1,2026,Routine Check
1739,Joy Musa,41.0,Female,Port Harcourt,9,2024,Follow-up
1311,Daniel Etim,27.0,Female,Ibadan,10,2025,Follow-up
2703,Samuel Onyeka,38.0,Female,Akure,11,2026,Specialist Consultation
1894,Zainab Okeke,45.0,Male,Lagos,9,2026,Follow-up
2132,Joy Yusuf,69.0,Female,Asaba,1,2024,Follow-up
2450,Kelechi Adeyemi,73.0,Female,Owerri,7,2025,Chronic Care
3916,Ada Okafor,78.0,Female,Uyo,4,2026,Chronic Care
1016,Zainab Olawale,64.0,Female,Ibadan,1,2026,Routine Check
2966,Emeka Ezeh,68.0,Female,Asaba,7,2025,Specialist Consultation
1722,Ada Onyeka,42.0,Male,Asaba,12,2024,Follow-up
2421,Femi Akin,27.0,Male,Asaba,6,2025,Routine Check
3642,Aisha Osei,43.0,Male,Ilorin,5,2025,Chronic Care
1982,Zainab James,48.0,Male,Warri,7,2025,Routine Check
3246,Michael Okeke,68.0,Male,Lagos,5,2026,Routine Check
2540,Fatima Akin,30.0,Female,,6,2026,Follow-up
3651,Yusuf Garba,56.0,Female,Kano,4,2024,Follow-up
2551,Peter Ibrahim,32.0,Male,Uyo,10,2026,Specialist Consultation
3429,Michael Bello,24.0,Female,Abuja,1,2024,Routine Check
1364,Blessing Udo,21.0,Male,Asaba,2,2026,Follow-up
3013,Joy Etim,42.0,Male,Akure,12,2025,Chronic Care
1183,Aisha Mensah,67.0,Female,Abeokuta,3,2026,Routine Check
1986,Kelvin Paul,71.0,Female,Ibadan,9,2026,Follow-up
3006,David Onyeka,79.0,Male,Uyo,2,2026,Specialist Consultation
2195,Tolu Adebayo,50.0,Female,Enugu,1,2024,Follow-up
3540,Olamide Nwosu,62.0,Male,Akure,10,2025,Chronic Care
2689,Victor Bello,79.0,Male,Uyo,10,2025,Follow-up
2122,Blessing Usman,74.0,Male,Kano,7,2024,Chronic Care
1188,Sani Nwosu,31.0,Male,Ilorin,,2024,Routine Check
1620,Daniel Ojo,45.0,Female,Enugu,10,2024,Chronic Care
2989,Mary Mohammed,36.0,Female,Calabar,2,2025,Routine Check
2176,Ruth Olawale,63.0,Female,Uyo,1,2025,Follow-up
2183,Anthony Onyeka,36.0,Female,Asaba,10,2024,Chronic Care
3391,Fatima Danladi,34.0,Female,Owerri,5,2026,Chronic Care
3207,Esther Eze,45.0,Male,Jos,11,2026,Chronic Care
1615,Grace Cole,37.0,Female,Port Harcourt,11,2026,Specialist Consultation
2514,Chukwu Etim,51.0,Male,Zaria,12,2024,Chronic Care
2467,Grace Ibrahim,,Male,Port Harcourt,3,2025,Follow-up
1402,Ruth Paul,44.0,Female,Uyo,seven,2026,Follow-up
1995,Musa Williams,18.0,Female,Ilorin,12,2025,Routine Check
1935,Fatima Cole,74.0,Female,Port Harcourt,11,2025,Chronic Care
1372,Blessing Williams,54.0,Male,Benin City,1,2024,Routine Check
2938,Peter Bello,47.0,Female,Abuja,7,2026,Follow-up
3172,Ibrahim Nwosu,20.0,Female,Kaduna,3,2026,Routine Check
1594,Femi Mensah,58.0,Female,Akure,3,2025,Routine Check
2926,Sarah Mohammed,21.0,Male,Ilorin,12,2024,Routine Check
1727,Blessing Cole,21.0,Male,Warri,3,2026,Chronic Care
1827,Victor Peter,46.0,Male,Warri,1,2026,Routine Check
3498,Ibrahim Chukwu,45.0,Male,Abeokuta,9,2025,Routine Check
1688,Olamide Adeyemi,54.0,Male,ibadan ,10,2025,Follow-up
3222,Yusuf Okeke,61.0,Male,Abuja,7,2026,Chronic Care
1137,David Garba,45.0,Male,Kaduna,1,2025,Routine Check
3457,Zainab Ezeh,72.0,Male,Kaduna,4,2026,Specialist Consultation
1629,Aisha Bello,26.0,Female,Ilorin,7,2025,Follow-up
1335,Zainab Ezeh,24.0,Male,Enugu,4,2025,Routine Check
1391,Ibrahim Danladi,70.0,Female,Calabar,5,2026,Follow-up
3316,Helen Obi,22.0,Male,Calabar,8,2026,Specialist Consultation
2110,Ruth Onyeka,34.0,Female,Benin City,5,2024,Routine Check
2784,Emeka Abubakar,66.0,Female,Enugu,12,2025,Routine Check
3707,Kelechi Ibekwe,59.0,Female,Akure,4,2025,Follow-up
1711,Ngozi Osei,29.0,Male,Lagos,3,2025,Routine Check
2040,Kelechi Onyeka,54.0,Male,Kaduna,six,2025,Routine Check
2899,Fatima Mohammed,61.0,Female,Uyo,11,2025,Routine Check
2865,Tolu Paul,52.0,Female,Owerri,7,2026,Follow-up
3603,Uche Ibrahim,41.0,Male,Akure,3,2025,Routine Check
2562,Ibrahim Akin,68.0,Female,Owerri,4,2026,Chronic Care
3766,Hauwa Ezeani,52.0,Female,Kaduna,12,2026,Chronic Care
2595,Hauwa Yusuf,33.0,Female,Abuja,1,2026,Chronic Care
3528,Joy Etim,48.0,Female,,2,2026,Follow-up
2113,Daniel James,30.0,Male,Benin City,4,2026,Follow-up
1466,Sarah Peter,62.0,Male,Benin City,9,2026,Routine Check
2561,Kelvin Garba,26.0,Male,Port Harcourt,ten,2024,Follow-up
2224,Victor Abubakar,42.0,Male,Kaduna,8,2026,Routine Check
3250,Daniel Osei,58.0,Male,Calabar,6,2026,Routine Check
3976,Uche Ojo,80.0,Male,Lagos,12,2026,Routine Check
3355,Helen James,51.0,Female,Abeokuta,six,2026,Routine Check
2509,Daniel Williams,40.0,Female,Calabar,3,2025,Follow-up
2105,Precious Ezeh,71.0,Female,Kano,9,2024,Routine Check
3004,Olamide Ojo,58.0,Female,Lagos,12,2024,Follow-up
1339,Peter Ibrahim,,Female,Benin City,4,2025,Routine Check
1216,Tolu Danladi,50.0,Male,Ilorin,1,2026,Chronic Care
2616,Aisha Etim,68.0,Male,Kano,4,2025,Follow-up
3860,Yusuf Olawale,80.0,Male,Owerri,5,2024,Routine Check
3949,Samuel Etim,51.0,Male,Calabar,8,2024,Routine Check
3813,Ruth Cole,63.0,Male,Jos,12,2025,Follow-up
2593,Michael Ezeani,25.0,Male,Abuja,seven,2026,Follow-up
2851,Esther James,73.0,Male,Enugu,3,2026,Routine Check
2698,Jane Peter,26.0,Female,Abeokuta,7,2025,Follow-up
3530,Emeka Ibrahim,70.0,Female,Port-Harcourt,3,2026,Routine Check
1817,Victor Usman,37.0,Male,Zaria,6,2026,Follow-up
2068,Fatima Okeke,23.0,Male,Jos,4,2026,Routine Check
3019,Hauwa Ojo,47.0,Male,Enugu,seven,2024,Follow-up
1275,Esther Adeyemi,62.0,Female,Ilorin,12,2025,Follow-up
3251,John Okeke,27.0,Male,Warri,8,2025,Specialist Consultation
1866,Blessing Udo,63.0,Female,Ibadan,2,2025,Routine Check
1102,Uche Mensah,56.0,Female,Ilorin,9,2026,Follow-up
2502,Ada Cole,45.0,Male,Benin City,12,2026,Routine Check
3156,Yusuf Ezeani,76.0,Female,Asaba,11,2026,Chronic Care
1172,Fatima Paul,73.0,Female,Zaria,4,2026,Follow-up
1108,Victor Onyeka,41.0,Male,Port Harcourt,2,2026,Specialist Consultation
2877,Tolu Okeke,34.0,Female,Benin City,12,2026,Specialist Consultation
2522,Grace Ojo,24.0,Male,Lagos,9,2025,Follow-up
3997,Kelechi Okeke,60.0,Female,Ilorin,3,2024,Follow-up
3209,Bola Udo,18.0,Male,Port Harcourt,8,2025,Specialist Consultation
3087,Kelechi Sani,25.0,Male,Abeokuta,4,2024,Routine Check
2778,Peter Garba,30.0,Female,Akure,6,2026,Follow-up
3296,Helen Okoro,69.0,Female,Calabar,2,2026,Routine Check
2978,Emeka Danladi,52.0,Female,ABUJA,12,2026,Chronic Care
3257,Ada Ezeani,58.0,Female,Uyo,9,2026,Follow-up
3347,Jane Okeke,64.0,Female,Benin City,8,2024,Specialist Consultation
3583,Emeka Okeke,64.0,Male,Calabar,4,2026,Follow-up
3100,Ada Ibrahim,70.0,Male,Port Harcourt,7,2024,Routine Check
1296,Yusuf Akin,53.0,Female,Kaduna,2,2026,Follow-up
1713,Sarah Garba,33.0,Female,Warri,3,2025,Routine Check
1073,Ibrahim Okeke,36.0,Male,Ilorin,6,2026,Routine Check
2968,Precious Danladi,42.0,Female,Zaria,1,2025,Chronic Care
3276,Musa Mensah,31.0,Female,Asaba,ten,2026,Routine Check
3912,Helen Adeyemi,32.0,Female,Ilorin,4,2026,Routine Check
3894,Bola Eze,20.0,Female,Asaba,10,2026,Follow-up
1482,Victor Johnson,24.0,Female,Ibadan,2,2026,Specialist Consultation
3351,Tolu Musa,67.0,Male,Enugu,11,2026,Chronic Care
2531,Kelechi Peter,75.0,Female,Abeokuta,3,2025,Routine Check
3561,Peter Abubakar,71.0,Female,Ilorin,8,2025,Follow-up
2515,Mary Mensah,65.0,Male,Kano,4,2025,Routine Check
3970,Olamide Usman,63.0,Female,Port Harcourt,12,2026,Specialist Consultation
2491,Yusuf Onyeka,46.0,Female,Enugu,12,2025,Follow-up
2172,Anthony Sani,76.0,Female,Lagos,5,2025,Follow-up
3459,Amaka Danladi,32.0,Female,Owerri,5,2026,Routine Check
3643,Emeka Adeyemi,29.0,Male,Enugu,11,2025,Routine Check
3080,Blessing Eze,42.0,Female,Calabar,9,2026,Follow-up
3223,John Nwosu,51.0,Male,Kano,9,2024,Routine Check
3699,Anthony Okeke,46.0,Male,Port Harcourt,9,2026,Follow-up
1406,Peter Nwosu,58.0,Female,Ibadan,8,2025,Chronic Care
1758,Femi Mohammed,45.0,Female,Benin City,N/A,2024,Specialist Consultation
2972,Ibrahim Okafor,80.0,Male,Lagos,3,2026,Follow-up
3191,Precious Bello,79.0,Female,Lagos,9,2024,Follow-up
3335,Precious Usman,36.0,Male,Benin City,5,2025,Chronic Care
1098,Musa Balogun,,Male,Warri,1,2025,Chronic Care
2334,Emeka Udo,79.0,Female,Uyo,5,2024,Routine Check
3416,Femi James,54.0,Female,Owerri,8,2026,Specialist Consultation
1744,Michael Ezeani,24.0,Female,,11,2026,Follow-up
1807,Ruth Ibrahim,51.0,Female,Kaduna,3,2025,Routine Check
3795,Fatima Akinyemi,27.0,Male,Jos,5,2024,Follow-up
2912,Amaka Danladi,34.0,Female,Port-Harcourt,4,2025,Routine Check
3507,Grace Obi,23.0,Female,Calabar,8,2025,Routine Check
2536,Grace Akin,75.0,Male,Kaduna,1,2026,Follow-up
3835,Blessing Mohammed,18.0,Female,Ibadan,six,2026,Routine Check
3026,Ngozi Cole,70.0,Male,Kano,9,2025,Chronic Care
1149,Ruth Paul,26.0,Female,Abuja,9,2025,Routine Check
2787,Sani Bello,51.0,Male,Kaduna,1,2026,Chronic Care
3059,Grace Balogun,40.0,Male,ABUJA,5,2024,Routine Check
3952,Ibrahim Nwosu,55.0,Male,Ibadan,4,2024,Specialist Consultation
2316,Ngozi Akinyemi,70.0,Female,Ilorin,1,2025,Routine Check
1693,Amaka Danladi,19.0,Female,Owerri,5,2024,Routine Check
1819,Anthony Onyeka,50.0,Male,Abeokuta,8,2025,Chronic Care
2729,Blessing Ojo,22.0,Female,Jos,2,2025,Routine Check
2387,Aisha Ezeh,54.0,Female,Abeokuta,9,2025,Follow-up
3288,Peter Adeyemi,76.0,Female,Abeokuta,9,2024,Specialist Consultation
3959,Tolu Williams,76.0,Male,Port Harcourt,12,2024,Routine Check
2600,Anthony Etim,59.0,Female,Jos,10,2026,Chronic Care
3368,John Onyeka,24.0,Male,lagos,8,2026,Routine Check
3464,Mary Usman,74.0,Female,Port Harcourt,1,2025,Follow-up
1702,Chidinma Danladi,24.0,Female,Abuja,9,2026,Follow-up
3506,Chidinma Udo,37.0,Male,Jos,2,2025,Routine Check
3665,Samuel Garba,18.0,Female,Abeokuta,7,2024,Routine Check
1922,John Mohammed,52.0,Female,Owerri,10,2025,Chronic Care
2425,Grace James,75.0,Male,Jos,11,2026,Specialist Consultation
2709,John Akinyemi,64.0,Male,Benin City,5,2026,Chronic Care
1906,Tolu Eze,59.0,Male,Calabar,4,2025,Follow-up
1455,Emeka Johnson,65.0,Male,Kano,11,2024,Follow-up
3088,Chidinma Cole,32.0,Female,Asaba,10,2026,Follow-up
3311,Michael Danladi,35.0,Male,Uyo,6,2024,Routine Check
2785,John Danladi,37.0,Female,Enugu,3,2025,Routine Check
1168,Tolu Garba,42.0,Male,Zaria,1,2026,Follow-up
1731,Blessing Obi,19.0,Female,Owerri,8,2026,Routine Check
3165,Hauwa Garba,47.0,Female,Benin City,3,2026,Routine Check
2311,Joy Adeyemi,57.0,Male,Warri,8,2026,Follow-up
1027,Precious Williams,22.0,Female,Abuja,6,2025,Chronic Care
2948,Anthony Okeke,49.0,Male,Zaria,12,2024,Routine Check
2653,Hauwa Chukwu,43.0,Male,Asaba,10,2026,Chronic Care
2623,Blessing Abubakar,63.0,Female,Lagos,10,2025,Routine Check
1588,Samuel Johnson,44.0,Female,Ilorin,1,2026,Routine Check
3032,Joy Ibrahim,66.0,Male,Kaduna,6,2026,Follow-up
1998,Daniel Abubakar,53.0,Male,Lagos,1,2025,Follow-up
2177,Precious Williams,78.0,Female,Warri,2,2025,Specialist Consultation
2701,Olamide Ezeani,39.0,Male,Benin City,9,2025,Follow-up
2041,Ngozi Bello,35.0,Male,Uyo,6,2024,Routine Check
1034,Amaka Williams,69.0,Male,Asaba,8,2026,Follow-up
2892,Daniel Ezeh,21.0,Male,Lagos,1,2025,Follow-up
3375,Kelvin Ezeani,63.0,Female,Asaba,9,2026,Chronic Care
2380,Mary Olawale,18.0,Male,Asaba,6,2025,Routine Check
1042,Olamide Yusuf,,Male,Lagos,3,2024,Follow-up
2806,Grace Okeke,23.0,Male,Warri,6,2024,Chronic Care
3196,Tony Okoro,64.0,Female,Benin City,3,2024,Specialist Consultation
3658,Fatima Musa,43.0,Female,Port Harcourt,11,2025,Routine Check
2988,Amaka Ezeh,76.0,Female,Port-Harcourt,9,2024,Specialist Consultation
3356,Michael Akinyemi,52.0,Female,Abeokuta,12,2025,Routine Check
3975,Chukwu Mensah,26.0,Male,Zaria,12,2026,Routine Check
1610,Ada Okafor,74.0,Male,Calabar,6,2026,Chronic Care
2133,Grace Eze,58.0,Male,Benin City,6,2025,Chronic Care
1029,Ngozi Cole,20.0,Male,Owerri,4,2026,Follow-up
1442,Ngozi James,30.0,Male,Kaduna,8,2026,Routine Check
3765,Victor Mohammed,37.0,Female,Benin City,10,2026,Chronic Care
3167,Anthony Ezeh,56.0,Female,Owerri,11,2024,Follow-up
1494,Sani Nwosu,46.0,Female,Lagos,3,2024,Routine Check
2259,Bola Okoro,52.0,Male,Ilorin,9,2025,Follow-up
2302,Tolu Musa,43.0,Male,Ibadan,4,2025,Chronic Care
3547,Michael Usman,27.0,Male,Uyo,12,2025,Chronic Care
3372,Grace Akinyemi,65.0,Female,Abuja,9,2026,Chronic Care
2383,Ngozi Paul,25.0,Female,Ilorin,10,2024,Routine Check
2305,Michael Mensah,63.0,Female,Enugu,3,2026,Routine Check
1237,Mary Adeyemi,51.0,Male,Port Harcourt,4,2026,Chronic Care
1552,Daniel Etim,55.0,Male,Akure,11,2026,Chronic Care
1521,Aisha Okafor,51.0,Male,Warri,1,2025,Specialist Consultation
3224,Peter Udo,75.0,Male,Akure,5,2025,Follow-up
2233,Aisha Ezeh,62.0,Male,Akure,8,2025,Follow-up
2139,Mary Garba,32.0,Female,Benin City,11,2024,Specialist Consultation
1721,Tony Ibekwe,35.0,Female,Asaba,4,2025,Follow-up
1736,Zainab Paul,66.0,Male,Port Harcourt,4,2025,Routine Check
3662,Mary Ezeani,37.0,Male,Akure,5,2025,Follow-up
2751,Ruth Ibrahim,45.0,Male,Zaria,3,2025,Follow-up
1059,Victor Okoro,20.0,Male,Lagos,six,2026,Routine Check
1632,John Balogun,72.0,Male,Benin City,9,2026,Follow-up
2182,Musa Abubakar,54.0,Female,Asaba,3,2025,Follow-up
3210,Hauwa Osei,49.0,Female,Asaba,5,2025,Routine Check
1593,Daniel Garba,43.0,Male,Jos,4,2026,Routine Check
2304,Chidinma Ibrahim,68.0,Male,Enugu,2,2026,Follow-up
2388,Victor Obi,18.0,Female,ABUJA,5,2024,Follow-up
3624,Ruth Garba,,Female,Kaduna,5,2025,Follow-up
3639,Bola Okoro,66.0,Male,Zaria,11,2025,Follow-up
2860,Ada Adebayo,33.0,Male,Enugu,6,2026,Follow-up
1940,Anthony Abubakar,79.0,Male,Zaria,10,2026,Chronic Care
3858,Ada Danladi,24.0,Male,Uyo,9,2026,Follow-up
2250,Ada Akinyemi,65.0,Male,,7,2026,Follow-up
1905,Tony Sani,43.0,Male,Asaba,11,2026,Chronic Care
3551,Peter Okoro,80.0,Female,Ilorin,5,2024,Follow-up
2280,Michael Nwosu,48.0,Female,Owerri,11,2024,Chronic Care
3409,Michael Etim,50.0,Male,Kano,5,2025,Routine Check
3888,Bola James,71.0,Female,Abeokuta,6,2026,Specialist Consultation
3133,Blessing Abubakar,59.0,Female,Kaduna,8,2025,Follow-up
3751,Daniel Ezeh,36.0,Male,Lagos,1,2026,Follow-up
3472,Yusuf Onyeka,48.0,Male,Zaria,1,2026,Follow-up
2143,Uche Chukwu,47.0,Male,Ibadan,2,2026,Routine Check
3388,Chukwu Okoro,33.0,Male,Asaba,4,2025,Follow-up
1707,Daniel Usman,65.0,Male,Kaduna,6,2026,Routine Check
3650,Ada Udo,22.0,Male,Zaria,9,2025,Follow-up
2023,Aisha Okeke,46.0,Female,Uyo,8,2025,Chronic Care
1746,Fatima Yusuf,69.0,Female,Warri,1,2025,Routine Check
2547,Daniel Ibekwe,54.0,Female,Uyo,2,2026,Routine Check
3960,Peter Yusuf,66.0,Female,Asaba,11,2026,Routine Check
3104,Fatima Garba,43.0,Male,Ilorin,12,2025,Routine Check
1514,Grace Peter,34.0,Female,Warri,3,2025,Routine Check
1082,Grace Adebayo,19.0,Female,Zaria,11,2024,Routine Check
3670,Bola Abubakar,74.0,Female,Kano,7,2026,Routine Check
2309,Musa Eze,76.0,Female,Benin City,6,2025,Chronic Care
3502,Peter Peter,79.0,Male,Benin City,6,2025,Chronic Care
1915,Sarah Obi,76.0,Male,Ibadan,12,2025,Chronic Care
2405,Victor Mensah,31.0,Female,Calabar,3,2025,Routine Check
2648,David Ibrahim,54.0,Male,Abeokuta,9,2024,Follow-up
3769,Samuel Abubakar,32.0,Female,Uyo,7,2024,Follow-up
2109,Joy Ibekwe,25.0,Female,ABUJA,3,2025,Routine Check
1151,Kelvin Akin,59.0,Female,Benin City,6,2024,Follow-up
3973,Bola Eze,71.0,Female,Port Harcourt,6,2026,Chronic Care
1775,Chidinma Danladi,61.0,Male,Lagos,4,2024,Follow-up
1330,Tony Ibekwe,68.0,Male,Ilorin,9,2024,Routine Check
1007,John Udo,43.0,Male,Abuja,4,2025,Follow-up
1944,Anthony Ojo,30.0,Male,Lagos,10,2025,Routine Check
1823,Aisha Olawale,39.0,Female,Abuja,5,2025,Chronic Care
1735,Ngozi Garba,76.0,Female,Uyo,8,2026,Chronic Care
1910,Ada Okafor,34.0,Male,Lagos,5,2024,Follow-up
1469,Sani Eze,30.0,Male,Zaria,5,2026,Chronic Care
1182,Grace Cole,35.0,Female,Kano,12,2024,Chronic Care
1165,Samuel Peter,46.0,Female,Owerri,3,2025,Chronic Care
2524,Chidinma Ojo,70.0,Female,Enugu,4,2024,Routine Check
1452,Samuel Balogun,49.0,Female,Uyo,1,2025,Chronic Care
1491,Musa Cole,60.0,Male,,11,2024,Specialist Consultation
3020,Esther Etim,37.0,Male,Kano,6,2026,Routine Check
2144,Victor Okoro,21.0,Male,Benin City,7,2026,Follow-up
2312,Kelechi Onyeka,23.0,Male,Akure,11,2026,Routine Check
3249,Ibrahim Abubakar,22.0,Male,Zaria,12,2026,Routine Check
2112,Helen Ezeani,64.0,Female,Ilorin,4 visits,2025,Follow-up
3863,Ruth Udo,45.0,Female,Owerri,12,2026,Routine Check
2993,Olamide Cole,79.0,Female,Ibadan,6,2025,Specialist Consultation
2442,Aisha Obi,25.0,Female,Abeokuta,11,2026,Chronic Care
2905,Kelvin Ibrahim,56.0,Female,Owerri,7,2026,Chronic Care
2007,Bola Nwosu,26.0,Male,Abuja,1,2026,Specialist Consultation
2628,Uche Garba,73.0,Male,Uyo,8,2026,Routine Check
2633,Tony Johnson,45.0,Male,Warri,12,2025,Follow-up
2075,Yusuf Paul,29.0,Male,Calabar,10,2026,Follow-up
1579,Olamide Akinyemi,80.0,Male,Benin City,5,2026,Routine Check
3108,Olamide Usman,19.0,Female,Ibadan,8,2026,Routine Check
3352,Chukwu James,52.0,Male,Kaduna,4,2026,Specialist Consultation
3270,Uche James,29.0,Male,Kaduna,1,2025,Follow-up
3309,Amaka Ezeani,25.0,Female,Uyo,4,2026,Chronic Care
1328,Mary Etim,41.0,Male,ABUJA,7,2025,Chronic Care
2791,Michael Ibrahim,50.0,Female,Ibadan,5,2025,Routine Check
1443,Mary Okafor,66.0,Male,Port Harcourt,8,2026,Follow-up
2859,Daniel Etim,41.0,Female,Enugu,7,2026,Follow-up
3177,Uche Ezeani,35.0,Female,Abeokuta,4,2026,Routine Check
3417,Helen Chukwu,60.0,Male,Akure,1,2026,Follow-up
1833,Tolu Ibekwe,71.0,Male,Calabar,12,2026,Specialist Consultation
3381,Daniel Sani,35.0,Male,Kano,1,2025,Routine Check
3546,Tony Peter,26.0,Male,Enugu,7,2024,Specialist Consultation
2415,Chidinma Abubakar,31.0,Female,Ilorin,1,2025,Routine Check
2202,Kelechi Chukwu,36.0,Male,Abeokuta,1,2026,Chronic Care
3321,Peter Akinyemi,40.0,Male,Warri,5,2026,Chronic Care
2500,Tolu Adebayo,26.0,Female,Ibadan,10,2025,Follow-up
2903,Sani Ezeani,44.0,Female,Warri,7,2024,Chronic Care
1087,Ruth Akin,31.0,Male,Akure,1,2026,Follow-up
2404,Peter Onyeka,20.0,Male,Ibadan,9,2024,Follow-up
3935,Jane Okafor,46.0,Male,Ilorin,12,2025,Routine Check
2482,Fatima Etim,45.0,Male,Warri,3,2026,Follow-up
1778,Sarah Obi,20.0,Female,Zaria,11,2024,Routine Check
1800,Helen Obi,49.0,Female,Port Harcourt,4,2026,Routine Check
2667,Bola Ibekwe,56.0,Male,Kaduna,1,2024,Follow-up
2895,Ruth Eze,33.0,Male,Calabar,2,2025,Specialist Consultation
1055,Jane Onyeka,50.0,Female,Kano,7,2024,Specialist Consultation
3635,Musa Adeyemi,65.0,Female,,5,2025,Routine Check
2288,Sarah Etim,62.0,Female,Abuja,N/A,2026,Chronic Care
2668,Chukwu Paul,53.0,Female,,12,2024,Specialist Consultation
3594,Joy Akin,59.0,Female,Benin City,12,2025,Routine Check
3807,Daniel Akin,65.0,Female,Asaba,2,2025,Routine Check
2702,Aisha Garba,33.0,Female,Abuja,10,2026,Routine Check
2246,Femi Nwosu,42.0,Female,Ilorin,2,2026,Routine Check
1114,Ada Olawale,26.0,Male,Benin City,11,2025,Follow-up
3876,Amaka Onyeka,34.0,Male,Abuja,12,2026,Routine Check
1988,Jane Ibrahim,60.0,Male,Warri,6,2025,Specialist Consultation
1502,Bola Ibrahim,35.0,Female,Enugu,11,2025,Chronic Care
3195,Uche Onyeka,39.0,Female,Owerri,7,2025,Follow-up
2010,Grace Mensah,79.0,Female,Calabar,2,2025,Chronic Care
2199,John Ojo,50.0,Male,Port Harcourt,1,2026,Chronic Care
2395,Helen Mohammed,29.0,Female,Calabar,6,2026,Specialist Consultation
1590,Precious Olawale,62.0,Female,Kaduna,9,2025,Follow-up
1769,Ada Okafor,44.0,Male,Warri,12,2025,Follow-up
1018,Femi Ezeh,21.0,Female,Kano,7,2026,Follow-up
2043,Victor Williams,72.0,Male,Owerri,10,2026,Routine Check
2448,Aisha Abubakar,23.0,Male,Port Harcourt,1,2026,Routine Check
3470,Michael Akinyemi,50.0,Female,Ibadan,11,2025,Routine Check
1286,Tolu Akinyemi,55.0,Female,Calabar,1,2026,Chronic Care
3647,Joy Ezeh,32.0,Male,Zaria,11,2025,Follow-up
1429,Kelechi Udo,,Female,Owerri,4,2026,Routine Check
2329,Chidinma Paul,28.0,Male,Calabar,9,2026,Routine Check
2964,Daniel Johnson,54.0,Male,Kano,10,2026,Follow-up
1670,Ibrahim Johnson,46.0,Female,Lagos,3,2026,Follow-up
1032,Emeka Okafor,65.0,Female,Ilorin,5,2026,Follow-up
2342,John Ojo,60.0,Female,Benin City,10,2025,Routine Check
1723,Michael Usman,46.0,Male,Warri,6,2026,Follow-up
1952,Michael Williams,52.0,Female,Enugu,11,2026,Routine Check
2915,Ruth Akin,77.0,Male,,4,2026,Follow-up
3300,Ruth Adeyemi,69.0,Male,,1,2024,Follow-up
1215,Victor Ezeh,73.0,Male,Ibadan,12,2024,Follow-up
1990,Zainab Olawale,38.0,Female,Zaria,1,2025,Routine Check
2165,Chidinma Onyeka,67.0,Female,Kano,6,2024,Follow-up
3801,Mary Mensah,22.0,Female,Calabar,5,2025,Routine Check
3021,Bola Cole,54.0,Male,Kano,9,2025,Routine Check
1327,Jane Adeyemi,67.0,Male,Owerri,6,2026,Routine Check
1561,Ruth Okeke,72.0,Male,Kaduna,5,2024,Routine Check
2384,Ada Chukwu,74.0,Male,Zaria,4,2026,Chronic Care
2725,Zainab Ojo,57.0,Female,Uyo,7,2025,Specialist Consultation
2087,Anthony Onyeka,65.0,Male,Enugu,6,2026,Chronic Care
3338,Ngozi Mensah,28.0,Male,Benin City,1,2026,Routine Check
1342,Precious Mohammed,45.0,Male,Kaduna,5,2026,Chronic Care
2654,Esther Mensah,43.0,Female,Abeokuta,1,2024,Follow-up
1148,Musa Williams,34.0,Female,Akure,7,2026,Follow-up
3346,Yusuf Ibrahim,67.0,Female,Warri,7,2026,Routine Check
3419,Michael Sani,53.0,Female,Jos,7,2025,Routine Check
2108,John Usman,66.0,Female,Kaduna,10,2026,Follow-up
1849,Blessing Mensah,22.0,Female,Kaduna,6,2025,Routine Check
1967,Femi Williams,65.0,Male,Ilorin,9,2024,Routine Check
2073,Aisha Ojo,41.0,Male,Abuja,6,2026,Routine Check
3471,Daniel Adebayo,50.0,Female,Jos,9,2025,Follow-up
2906,Aisha Adebayo,57.0,Female,Calabar,1,2026,Follow-up
1156,Uche Yusuf,71.0,Female,Uyo,8,2026,Chronic Care
1666,Aisha Etim,52.0,Male,Benin City,6,2026,Follow-up
1662,Grace Adeyemi,38.0,Female,ABUJA,7,2024,Chronic Care
2003,Kelvin Adebayo,69.0,Female,Ilorin,9,2025,Routine Check
3348,Chidinma Adebayo,23.0,Male,Akure,12,2026,Follow-up
3524,Sarah Chukwu,65.0,Female,Benin City,12,2025,Routine Check
1177,Grace Eze,71.0,Male,Asaba,9,2026,Specialist Consultation
3663,David James,67.0,Male,Ilorin,2,2024,Chronic Care
2880,Ruth Bello,51.0,Female,Abuja,2,2025,Follow-up
2525,Ibrahim Chukwu,76.0,Female,Kano,1,2025,Follow-up
3826,Joy Paul,61.0,Female,Zaria,4,2026,Routine Check
2204,Chidinma Mohammed,22.0,Male,Kaduna,4,2025,Specialist Consultation
1025,Emeka Nwosu,45.0,Female,Kano,1,2026,Follow-up
3819,Fatima Nwosu,70.0,Female,Uyo,3,2026,Chronic Care
3014,Uche Okoro,65.0,Male,Abuja,6,2026,Routine Check
3084,Hauwa Williams,34.0,Male,Akure,7,2025,Routine Check
3539,John Johnson,72.0,Male,Calabar,9,2026,Follow-up
1876,Daniel Olawale,57.0,Female,Ibadan,8,2025,Chronic Care
3704,Helen Olawale,51.0,Female,Abeokuta,3,2025,Routine Check
1939,Grace James,32.0,Female,Kaduna,3,2024,Routine Check
3706,Ada Ibekwe,51.0,Male,Enugu,11,2026,Chronic Care
2553,Tony Garba,66.0,Female,Calabar,12,2025,Chronic Care
1347,Precious Musa,36.0,Female,Ilorin,9,2025,Chronic Care
3515,Sarah Onyeka,50.0,Male,Abuja,8,2024,Routine Check
3981,Chukwu Akinyemi,25.0,Male,Warri,11,2026,Specialist Consultation
2234,Anthony Ibrahim,48.0,Male,Kano,1,2024,Specialist Consultation
2927,Yusuf Nwosu,48.0,Male,Enugu,3,2024,Chronic Care
1386,Daniel Olawale,73.0,Male,Lagos,4,2025,Follow-up
2830,Sarah Danladi,44.0,Male,Owerri,8,2026,Chronic Care
3168,Uche Musa,72.0,Male,Kaduna,4,2025,Follow-up
3516,Emeka Yusuf,31.0,Male,Uyo,9,2024,Routine Check
3203,Ruth Garba,63.0,Female,Abeokuta,9,2026,Follow-up
1244,Sarah Musa,63.0,Female,Ilorin,11,2025,Chronic Care
3093,Emeka Danladi,69.0,Female,Ibadan,10,2025,Chronic Care
2827,Olamide Abubakar,33.0,Female,Calabar,8,2025,Chronic Care
1937,Helen Garba,70.0,Male,Zaria,11,2026,Routine Check
2690,Helen Peter,76.0,Female,Asaba,4,2024,Chronic Care
3588,Tolu Adeyemi,31.0,Male,Owerri,8,2025,Follow-up
1313,Ruth Obi,21.0,Male,Port-Harcourt,3,2024,Follow-up
2460,Jane Adebayo,69.0,Female,Enugu,2,2026,Chronic Care
3934,Precious Mohammed,35.0,Female,Uyo,1,2026,Follow-up
3114,Sani Udo,31.0,Female,Calabar,8,2026,Specialist Consultation
2333,Grace Olawale,78.0,Female,Ilorin,10,2026,Follow-up
1969,Yusuf Williams,35.0,Male,Zaria,N/A,2025,Routine Check
2455,Zainab Danladi,70.0,Female,Warri,8,2025,Routine Check
1661,Sani Etim,35.0,Female,Ibadan,seven,2024,Routine Check
2935,Emeka Paul,55.0,Female,Zaria,5,2026,Follow-up
1936,Peter Onyeka,19.0,Male,Owerri,2,2025,Routine Check
1371,Precious Johnson,60.0,Female,Lagos,10,2025,Follow-up
1567,Precious Williams,80.0,Female,Abuja,7,2026,Follow-up
2974,Daniel Peter,72.0,Female,Ilorin,1,2025,Chronic Care
2855,Uche Peter,60.0,Male,Abuja,2,2026,Follow-up
2025,Olamide Olawale,65.0,Female,Jos,,2026,Follow-up
1825,Aisha Danladi,59.0,Female,,8,2025,Routine Check
1983,Peter Danladi,48.0,Male,,5,2026,Follow-up
3991,Amaka Onyeka,44.0,Female,Lagos,9,2026,Follow-up
3695,Joy Onyeka,53.0,Male,Ibadan,5,2025,Follow-up
2646,Ibrahim Ibekwe,78.0,Female,Lagos,9,2025,Follow-up
3590,Ada Okafor,18.0,Male,Calabar,2,2024,Follow-up
3252,Joy Obi,36.0,Male,Uyo,8,2024,Routine Check
3125,Grace Akinyemi,71.0,Female,Asaba,3,2025,Specialist Consultation
1814,Chukwu Ezeh,29.0,Female,Calabar,11,2025,Chronic Care
2793,Peter Akin,77.0,Male,Jos,5,2026,Follow-up
2431,Peter Ezeani,43.0,Female,Abuja,7,2026,Chronic Care
1779,John Ezeh,23.0,Male,Calabar,7,2026,Follow-up
2750,Sani Danladi,36.0,Female,Abuja,8,2025,Routine Check
2321,Tolu Okoro,34.0,Female,Warri,3,2025,Routine Check
3112,Esther Ezeh,78.0,Female,Lagos,6,2026,Specialist Consultation
3969,Kelvin Okafor,70.0,Male,Warri,12,2024,Routine Check
2053,Kelvin Paul,48.0,Male,Asaba,7,2024,Routine Check
3675,Musa Ibrahim,38.0,Female,Asaba,1,2024,Follow-up
2014,Ruth Mohammed,64.0,Female,Warri,9,2025,Routine Check
2929,David Abubakar,25.0,Female,Port Harcourt,3,2024,Chronic Care
2402,David Johnson,26.0,Male,Akure,12,2025,Routine Check
2823,Helen Osei,52.0,Male,Uyo,5,2026,Chronic Care
3954,Helen Balogun,59.0,Male,Asaba,12,2024,Follow-up
3500,Fatima Udo,30.0,Male,ibadan ,7,2025,Routine Check
3763,Helen Akinyemi,23.0,Female,Lagos,4,2025,Follow-up
1127,Yusuf Ezeani,23.0,Female,Uyo,10,2026,Routine Check
3098,Ngozi Garba,80.0,Female,Kano,10,2026,Follow-up
3141,Anthony Etim,22.0,Female,,8,2026,Follow-up
1888,Precious Yusuf,51.0,Female,Abuja,9,2025,Specialist Consultation
3463,Musa Chukwu,47.0,Male,Port Harcourt,10,2025,Specialist Consultation
2348,Tony Peter,29.0,Male,Ilorin,12,2025,Follow-up
2008,Samuel Olawale,71.0,Female,Lagos,seven,2024,Chronic Care
1356,Samuel Yusuf,36.0,Female,Akure,11,2025,Routine Check
2004,Michael Abubakar,57.0,Female,Enugu,3,2024,Specialist Consultation
2484,Musa Chukwu,38.0,Female,Zaria,12,2024,Routine Check
1683,Precious Peter,42.0,Female,,6,2024,Routine Check
1828,Sarah Ojo,47.0,Male,Enugu,8,2026,Routine Check
2640,Jane Akin,44.0,Male,Zaria,3,2026,Routine Check
1985,Anthony James,45.0,Female,Abuja,11,2026,Routine Check
1363,Jane Akin,22.0,Female,Kano,3,2025,Chronic Care
1346,David Usman,43.0,Female,Kano,3,2024,Chronic Care
3065,Olamide Onyeka,34.0,Male,Kano,3,2024,Chronic Care
1712,Victor Cole,52.0,Female,Ibadan,8,2025,Follow-up
3068,Ngozi Okeke,61.0,Female,Ibadan,12,2026,Follow-up
1011,Helen Akin,33.0,Male,Zaria,5,2026,Specialist Consultation
3423,Kelvin Osei,23.0,Female,Kaduna,1,2025,Follow-up
2835,Ada Williams,78.0,Female,,2,2024,Routine Check
1794,Fatima Adeyemi,78.0,Female,Jos,2,2025,Follow-up
3884,Yusuf Udo,37.0,Male,Ibadan,5,2026,Chronic Care
1095,Daniel Adebayo,20.0,Female,Ibadan,11,2026,Routine Check
1130,Olamide Udo,71.0,Male,Akure,8,2026,Specialist Consultation
3914,Tolu Johnson,46.0,Male,Calabar,5,2024,Chronic Care
2901,Precious Akinyemi,36.0,Male,Enugu,3,2024,Specialist Consultation
3402,Kelechi Usman,,Male,Enugu,6,2024,Routine Check
2933,Kelechi Eze,48.0,Male,Abeokuta,11,2026,Chronic Care
3343,Aisha Olawale,,Male,Abeokuta,5,2026,Routine Check
2866,John Onyeka,44.0,Female,Kaduna,5,2026,Routine Check
2659,Helen Williams,51.0,Female,Ilorin,5,2026,Routine Check
1517,Amaka Balogun,34.0,Female,Jos,10,2026,Routine Check
2858,Esther Mensah,61.0,Female,Port Harcourt,8,2026,Follow-up
2278,Ruth Balogun,61.0,Female,Calabar,7,2026,Routine Check
1951,Bola Adeyemi,22.0,Male,,12,2024,Routine Check
2121,Precious James,46.0,Male,ibadan ,6,2025,Specialist Consultation
1420,Ibrahim Eze,61.0,Male,Jos,9,2025,Routine Check
1923,Ngozi Olawale,35.0,Female,Enugu,12,2025,Routine Check
3682,Helen Adebayo,73.0,Male,Port Harcourt,4,2025,Follow-up
1478,Zainab Paul,75.0,Male,Akure,2,2025,Routine Check
3036,Joy Akinyemi,41.0,Male,Benin City,9,2025,Follow-up
3184,Chukwu Osei,50.0,Male,Benin City,11,2025,Routine Check
2693,Grace Udo,61.0,Female,Abeokuta,10,2026,Follow-up
3219,Daniel Bello,29.0,Male,,2,2025,Routine Check
2472,Chidinma Eze,41.0,Female,Jos,1,2025,Routine Check
2203,Fatima Obi,41.0,Male,Abeokuta,7,2026,Chronic Care
2670,Anthony Okoro,19.0,Male,Ibadan,10,2025,Chronic Care
3783,Yusuf Mensah,47.0,Male,Akure,7,2025,Follow-up
2971,Sani Ibrahim,,Female,Warri,N/A,2024,Chronic Care
1821,Samuel Osei,74.0,Female,Kano,10,2025,Routine Check
2998,Sani Danladi,77.0,Male,Calabar,5,2026,Routine Check
3877,Hauwa Sani,43.0,Female,Jos,6,2025,Follow-up
2249,Chidinma Mensah,67.0,Female,,7,2025,Chronic Care
3669,Bola Etim,79.0,Female,Calabar,9,2025,Routine Check
3622,Ruth Eze,35.0,Male,Enugu,6,2024,Routine Check
2047,Kelechi Adeyemi,28.0,Male,Abuja,seven,2024,Specialist Consultation
2889,Jane Akin,35.0,Male,Enugu,2,2026,Chronic Care
1616,Ruth Paul,31.0,Male,Owerri,12,2024,Follow-up
2319,Amaka Osei,54.0,Male,,5,2026,Follow-up
3893,Ngozi Paul,25.0,Male,Lagos,9,2026,Chronic Care
3467,Daniel Okafor,68.0,Female,Uyo,4,2026,Routine Check
2773,Ngozi Chukwu,34.0,Female,Jos,10,2026,Chronic Care
3961,Uche Nwosu,68.0,Female,Abeokuta,8,2025,Chronic Care
1132,Helen Danladi,38.0,Male,Benin City,5,2025,Chronic Care
1078,Ada Bello,33.0,Male,Jos,12,2026,Routine Check
3053,Ibrahim Mohammed,75.0,Male,Asaba,10,2025,Routine Check
1725,Ibrahim Akin,75.0,Female,Benin City,11,2024,Routine Check
2315,Ibrahim Okafor,25.0,Male,Jos,5,2024,Chronic Care
2852,Bola Etim,46.0,Female,Zaria,5,2026,Follow-up
3303,Yusuf Okafor,22.0,Male,Asaba,2,2026,Routine Check
3493,Kelechi Akinyemi,20.0,Female,Abuja,11,2026,Routine Check
2373,Esther Peter,29.0,Male,Ilorin,11,2026,Follow-up
2856,Fatima Obi,53.0,Male,Kano,1,2025,Chronic Care
2320,Ada Adebayo,51.0,Male,Calabar,4,2026,Specialist Consultation
3883,Chidinma Nwosu,42.0,Female,Port Harcourt,12,2026,Follow-up
3178,Olamide Abubakar,51.0,Female,Benin City,10,2026,Routine Check
1376,Sarah Etim,35.0,Female,Abuja,4,2025,Follow-up
2909,Joy Okafor,42.0,Female,lagos,1,2026,Routine Check
1334,Uche Garba,29.0,Female,Uyo,8,2024,Follow-up
3258,Olamide Williams,43.0,Female,Abuja,6,2025,Follow-up
3308,Hauwa Akin,61.0,Male,Lagos,3,2026,Follow-up
2605,Uche Mensah,36.0,Female,Warri,3,2025,Routine Check
2119,Amaka Balogun,76.0,Female,Uyo,2,2025,Routine Check
3837,Michael Akin,32.0,Female,Kano,6,2026,Follow-up
2944,Zainab Peter,29.0,Female,Zaria,8,2024,Chronic Care
3804,Ada Garba,33.0,Male,Zaria,12,2026,Chronic Care
3529,Blessing Mensah,26.0,Male,Kano,8,2026,Routine Check
2343,Ibrahim Ibekwe,60.0,Male,Port Harcourt,11,2024,Chronic Care
1321,Anthony Eze,46.0,Female,Kano,4,2026,Follow-up
2620,Sani Usman,44.0,Male,Ibadan,1,2026,Routine Check
3454,Mary Cole,70.0,Female,Warri,8,2025,Routine Check
3061,Ibrahim Musa,70.0,Female,Kano,7,2025,Specialist Consultation
2674,Kelechi James,48.0,Female,Jos,2,2024,Chronic Care
2943,Precious Obi,50.0,Female,Zaria,6,2024,Specialist Consultation
1261,Fatima Garba,23.0,Female,Ilorin,2,2025,Specialist Consultation
3361,Helen Olawale,31.0,Female,Jos,4,2025,Follow-up
3040,Femi Akinyemi,39.0,Female,Port Harcourt,11,2026,Routine Check
1690,Anthony Obi,78.0,Male,Abeokuta,6,2026,Routine Check
1902,Tolu Udo,32.0,Female,Calabar,6,2024,Routine Check
3027,Fatima Ezeh,22.0,Female,Akure,8,2025,Follow-up
1139,Emeka Chukwu,66.0,Female,Port Harcourt,3,2024,Routine Check
2918,Bola Okoro,46.0,Male,Jos,12,2026,Follow-up
2829,Victor Okafor,59.0,Male,Enugu,3,2026,Routine Check
2574,Femi Nwosu,49.0,Male,Benin City,4,2026,Specialist Consultation
1320,Bola Musa,34.0,Male,Abeokuta,3,2026,Routine Check
1654,Victor Ojo,62.0,Female,Zaria,11,2024,Specialist Consultation
3138,Fatima Yusuf,36.0,Male,Calabar,12,2026,Follow-up
3329,Blessing Etim,63.0,Female,,2,2024,Chronic Care
1559,Tolu Cole,47.0,Male,Warri,11,2025,Chronic Care
1113,Yusuf Eze,40.0,Female,,2,2025,Chronic Care
1532,Esther Adebayo,53.0,Female,Benin City,10,2025,Follow-up
1225,Yusuf Okoro,47.0,Male,Lagos,5,2025,Follow-up
1724,Ngozi Mohammed,51.0,Female,Ilorin,8,2025,Routine Check
3435,Sarah Yusuf,23.0,Female,Uyo,4 visits,2025,Follow-up
3578,Victor Johnson,23.0,Male,Port Harcourt,6,2024,Follow-up
2434,Sarah Paul,23.0,Male,Jos,12,2025,Chronic Care
3336,Bola Onyeka,65.0,Female,Warri,7,2025,Routine Check
2459,Grace Sani,71.0,Male,Zaria,5,2025,Chronic Care
3710,Tony Ibrahim,75.0,Female,Owerri,10,2025,Routine Check
1847,Aisha Eze,75.0,Female,Calabar,6,2025,Chronic Care
1194,Peter Obi,46.0,Male,Lagos,6,2025,Chronic Care
2465,David Mensah,,Female,Kano,12,2025,Routine Check
1947,Peter Yusuf,31.0,Female,Warri,7,2024,Specialist Consultation
3022,Samuel Udo,38.0,Male,Uyo,10,2025,Follow-up
2630,Daniel Balogun,41.0,Female,Akure,4 visits,2024,Routine Check
1118,Grace Ibekwe,76.0,Female,Enugu,9,2026,Follow-up
1646,Kelechi Sani,59.0,Male,Calabar,7,2024,Routine Check
2871,Olamide Peter,57.0,Male,Enugu,8,2024,Routine Check
1004,Peter Garba,78.0,Female,Asaba,11,2026,Routine Check
1075,Samuel Okafor,20.0,Male,Asaba,9,2026,Routine Check
2756,Bola Williams,65.0,Female,Lagos,9,2024,Routine Check
1468,David Bello,68.0,Female,Uyo,4,2026,Routine Check
1006,Fatima Olawale,68.0,Male,Benin City,7,2024,Specialist Consultation
2247,Peter Udo,53.0,Male,Port Harcourt,1,2026,Follow-up
1920,Emeka Akin,53.0,Female,Ilorin,7,2024,Routine Check
1229,Amaka Paul,29.0,Female,Zaria,8,2026,Routine Check
2064,Esther Cole,25.0,Male,Warri,6,2025,Follow-up
1243,Joy Okoro,22.0,Female,Warri,5,2025,Follow-up
3286,Sani Yusuf,60.0,Male,Ilorin,1,2026,Routine Check
2161,Chidinma Abubakar,64.0,Male,Uyo,11,2025,Specialist Consultation
3759,Blessing Akinyemi,68.0,Female,,12,2026,Chronic Care
2527,Victor Ezeani,32.0,Male,Akure,2,2024,Follow-up
2606,Uche Yusuf,,Male,Calabar,6,2024,Chronic Care
3793,Zainab Garba,27.0,Male,Port Harcourt,1,2025,Chronic Care
3334,Victor Mohammed,42.0,Female,Kano,8,2024,Follow-up
3552,Daniel Okoro,66.0,Male,Zaria,6,2026,Routine Check
2990,Ngozi Ezeani,49.0,Female,,8,2026,Follow-up
3359,Kelechi Garba,27.0,Female,,5,2026,Follow-up
2976,Musa Garba,43.0,Female,Benin City,5,2026,Routine Check
2762,Amaka Ezeani,52.0,Male,Enugu,4,2025,Routine Check
2306,Ngozi Ojo,71.0,Male,Warri,2,2026,Follow-up
2542,Jane Ibrahim,73.0,Male,Abeokuta,12,2024,Chronic Care
1623,Michael Yusuf,47.0,Female,Port Harcourt,2,2024,Chronic Care
3320,Mary Osei,57.0,Male,,12,2026,Follow-up
2494,Hauwa Abubakar,25.0,Female,Kano,10,2025,Chronic Care
1111,Daniel Ibekwe,37.0,Male,Asaba,12,2024,Follow-up
3271,Aisha Nwosu,21.0,Female,Warri,10,2026,Routine Check
2170,Grace Onyeka,49.0,Female,,10,2025,Chronic Care
3468,Grace Akinyemi,64.0,Male,Warri,4,2025,Follow-up
1233,Ada Cole,60.0,Female,Zaria,2,2026,Chronic Care
1067,Peter Udo,24.0,Female,Akure,4,2026,Follow-up
3716,Esther Adeyemi,43.0,Male,Uyo,4,2026,Chronic Care
3073,Anthony Abubakar,57.0,Female,Kaduna,5,2026,Follow-up
3193,Samuel Ezeani,34.0,Male,Lagos,5,2026,Routine Check
1537,Emeka Balogun,47.0,Female,Calabar,12,2026,Follow-up
1126,Olamide Onyeka,53.0,Female,Jos,11,2025,Routine Check
3134,Peter Okeke,66.0,Male,Akure,1,2025,Routine Check
2255,Tony Eze,58.0,Female,Abeokuta,12,2025,Specialist Consultation
3491,Aisha Udo,38.0,Male,Kaduna,1,2025,Follow-up
2977,Ibrahim Paul,50.0,Male,Benin City,11,2026,Follow-up
3469,David Eze,53.0,Male,Warri,2,2025,Routine Check
3333,Ruth Usman,49.0,Female,Uyo,4,2026,Specialist Consultation
3076,Kelechi Adebayo,32.0,Female,Benin City,2,2024,Routine Check
1485,Grace Mohammed,79.0,Female,Warri,9,2026,Routine Check
2655,Sarah Balogun,31.0,Female,Jos,6,2026,Follow-up
3685,Musa Adebayo,34.0,Male,Ilorin,4,2025,Routine Check
3272,Grace Bello,27.0,Male,Akure,5,2026,Follow-up
3412,Helen Eze,22.0,Female,Ibadan,5,2026,Chronic Care
2775,Tolu Ezeh,27.0,Male,Uyo,7,2026,Routine Check
1919,Daniel Onyeka,69.0,Male,Zaria,2,2024,Follow-up
2647,Tolu Okeke,61.0,Male,Enugu,3,2025,Specialist Consultation
2027,Uche Olawale,72.0,Female,Kaduna,1,2026,Follow-up
2031,Blessing Okoro,49.0,Male,Owerri,2,2026,Routine Check
1883,Femi Etim,74.0,Female,Zaria,9,2026,Routine Check
2336,Aisha Osei,20.0,Female,Ibadan,7,2024,Routine Check
3229,Femi Obi,36.0,Male,Kano,10,2024,Routine Check
1365,Sarah Okoro,71.0,Female,Akure,9,2025,Routine Check
3126,John James,26.0,Female,Uyo,12,2026,Routine Check
1028,Michael Mohammed,26.0,Female,Port Harcourt,3,2026,Follow-up
1474,Esther Ezeh,56.0,Male,Port Harcourt,1,2024,Routine Check
1526,Chidinma Paul,46.0,Male,Abuja,9,2026,Follow-up
1726,Bola Osei,77.0,Female,Benin City,4,2026,Follow-up
1056,Sani Usman,69.0,Male,Calabar,10,2026,Follow-up
1639,Tolu Okoro,54.0,Female,Warri,10,2026,Chronic Care
1303,Kelvin Nwosu,46.0,Male,Uyo,4,2026,Routine Check
3616,Bola Peter,22.0,Male,Port Harcourt,1,2025,Follow-up
2277,Aisha Akinyemi,78.0,Female,Uyo,8,2025,Follow-up
3644,Esther Okeke,39.0,Male,Port Harcourt,1,2024,Routine Check
1625,Daniel Akinyemi,40.0,Female,Calabar,2,2025,Follow-up
3056,Ada Akinyemi,53.0,Male,Kano,5,2026,Chronic Care
2281,Tolu Williams,69.0,Male,Enugu,12,2024,Routine Check
2050,Tolu Nwosu,36.0,Female,,1,2026,Routine Check
1337,Chukwu Cole,66.0,Male,Abuja,9,2024,Routine Check
1048,Victor Mohammed,25.0,Male,Ilorin,12,2026,Routine Check
1107,Bola Okeke,41.0,Male,Benin City,7,2024,Routine Check
2080,Victor Mensah,43.0,Female,Kaduna,1,2026,Follow-up
2145,Helen Garba,41.0,Male,Lagos,seven,2025,Routine Check
3393,Jane Johnson,39.0,Male,Kano,1,2025,Follow-up
2837,Helen Johnson,35.0,Male,Port Harcourt,11,2026,Follow-up
2754,Kelvin Akinyemi,52.0,Female,Port Harcourt,4,2025,Follow-up
2102,Musa Adebayo,36.0,Male,Calabar,9,2025,Chronic Care
2969,Samuel Mensah,42.0,Female,Benin City,12,2025,Routine Check
1524,Esther Akinyemi,70.0,Male,Warri,4 visits,2026,Follow-up
2429,Samuel Paul,50.0,Male,Ilorin,9,2024,Routine Check
3615,Samuel Ezeh,25.0,Female,Calabar,7,2024,Chronic Care
1604,Sarah Adeyemi,44.0,Female,Ibadan,6,2025,Follow-up
2490,Sani Musa,33.0,Male,Enugu,6,2026,Chronic Care
3358,Peter Sani,56.0,Male,Zaria,11,2025,Chronic Care
1061,Anthony Johnson,46.0,Female,Calabar,10,2025,Routine Check
3758,Fatima Olawale,65.0,Male,Asaba,2,2026,Specialist Consultation
1672,Precious Abubakar,62.0,Male,Abeokuta,12,2026,Routine Check
1093,Yusuf Mensah,27.0,Male,Kano,2,2026,Routine Check
1667,Emeka Eze,77.0,Male,Kaduna,7,2025,Routine Check
2888,Hauwa Okeke,44.0,Female,Lagos,6,2024,Follow-up
1281,Zainab Obi,44.0,Female,Akure,7,2026,Chronic Care
2720,Uche Obi,23.0,Male,Benin City,11,2025,Routine Check
1360,Amaka Adebayo,31.0,Male,Ibadan,seven,2025,Chronic Care
1900,Hauwa Ezeani,43.0,Female,Port Harcourt,,2026,Routine Check
2936,Fatima Paul,77.0,Female,Jos,6,2025,Follow-up
2995,Chukwu Okafor,18.0,Female,Enugu,4,2026,Follow-up
3319,Uche Adeyemi,78.0,Female,Asaba,1,2026,Follow-up
1761,Kelvin Peter,71.0,Male,Abuja,10,2024,Chronic Care
3159,Peter Danladi,48.0,Male,Enugu,4,2025,Routine Check
3631,Sarah Peter,75.0,Male,Owerri,12,2026,Routine Check
1043,Olamide Bello,57.0,Female,Zaria,6,2025,Routine Check
3174,Chidinma Olawale,67.0,Male,Benin City,5,2026,Routine Check
1205,Kelvin Okeke,55.0,Female,Jos,9,2026,Chronic Care
2474,Anthony Mensah,73.0,Female,Benin City,8,2026,Routine Check
3101,Ruth Yusuf,65.0,Male,Zaria,1,2025,Follow-up
1069,Uche Paul,48.0,Female,Kano,3,2026,Follow-up
2876,Yusuf Ibekwe,63.0,Male,Uyo,2,2026,Follow-up
3762,Blessing Ibekwe,37.0,Male,Calabar,10,2025,Routine Check
3232,Grace Akinyemi,73.0,Female,Kaduna,5,2024,Specialist Consultation
1138,Bola Peter,68.0,Male,Asaba,8,2026,Routine Check
1797,Aisha Peter,34.0,Female,Warri,12,2026,Chronic Care
3181,Uche Balogun,22.0,Male,Zaria,11,2026,Chronic Care
3129,John Sani,37.0,Female,Benin City,9,2026,Routine Check
1759,Michael Usman,40.0,Female,Calabar,8,2024,Follow-up
1542,Ada Olawale,80.0,Female,Port Harcourt,5,2026,Chronic Care
2020,Daniel Ojo,24.0,Female,Jos,8,2026,Chronic Care
3570,Hauwa Ezeh,76.0,Female,Enugu,10,2024,Routine Check
1166,Ruth Paul,48.0,Female,Ibadan,12,2024,Routine Check
1249,Aisha Okeke,24.0,Male,Asaba,10,2024,Specialist Consultation
2332,Aisha Okoro,80.0,Male,Calabar,4,2026,Routine Check
3018,Olamide Balogun,38.0,Male,Benin City,4,2026,Routine Check
1447,Fatima Balogun,23.0,Male,Kaduna,12,2026,Follow-up
2359,Michael Johnson,46.0,Male,,8,2025,Chronic Care
3146,Mary Adebayo,43.0,Male,Enugu,10,2024,Follow-up
2330,Olamide Mensah,26.0,Male,Lagos,2,2025,Specialist Consultation
3919,Aisha Akin,54.0,Female,Warri,8,2026,Specialist Consultation
3151,Aisha Abubakar,76.0,Male,Asaba,9,2026,Routine Check
1435,Hauwa Balogun,58.0,Female,Kano,6,2025,Routine Check
3123,Tony Akinyemi,73.0,Female,Kano,ten,2025,Routine Check
1578,Ibrahim Paul,49.0,Male,Calabar,3,2026,Routine Check
3398,Daniel Udo,32.0,Female,Uyo,10,2025,Routine Check
3750,Samuel Musa,28.0,Male,Benin City,10,2025,Routine Check
2849,Fatima Chukwu,78.0,Male,Uyo,12,2026,Routine Check
1763,Tolu Akin,43.0,Female,Benin City,11,2025,Specialist Consultation
1389,Olamide Adeyemi,66.0,Male,Zaria,5,2025,Specialist Consultation
1236,Ibrahim Udo,50.0,Male,Warri,9,2024,Routine Check
3955,Kelechi Garba,69.0,Male,Port Harcourt,10,2025,Follow-up
2985,Femi Johnson,21.0,Female,Zaria,5,2024,Routine Check
1268,Blessing Okafor,28.0,Male,Enugu,2,2025,Specialist Consultation
1771,Sarah Obi,61.0,Male,Owerri,12,2025,Follow-up
3166,Ibrahim Ezeh,25.0,Female,Owerri,5,2026,Follow-up
1438,Amaka Peter,42.0,Female,Kaduna,6,2024,Chronic Care
1674,Sarah Sani,45.0,Male,Warri,7,2026,Follow-up
1250,David Adeyemi,71.0,Male,Lagos,12,2024,Follow-up
3202,Blessing Olawale,25.0,Male,Akure,7,2024,Routine Check
2575,Grace Yusuf,53.0,Male,Akure,9,2025,Routine Check
3143,Samuel Ojo,59.0,Male,Calabar,9,2026,Follow-up
3082,Hauwa Okeke,36.0,Male,Port Harcourt,6,2025,Chronic Care
3850,Kelvin Ibrahim,52.0,Male,Kaduna,N/A,2026,Specialist Consultation
3576,Jane Olawale,61.0,Male,Lagos,12,2025,Follow-up
3977,Samuel Obi,42.0,Female,Abuja,12,2026,Routine Check
1449,Daniel Yusuf,77.0,Female,Ilorin,11,2025,Specialist Consultation
2470,Victor Usman,26.0,Female,Zaria,3,2025,Routine Check
1717,Chidinma Etim,44.0,Female,Benin City,5,2026,Chronic Care
3405,Victor Obi,25.0,Male,Akure,4,2025,Specialist Consultation
3623,Helen Udo,36.0,Male,,7,2026,Specialist Consultation
3049,Esther Cole,29.0,Male,Benin City,5,2026,Specialist Consultation
2902,Uche Johnson,72.0,Female,Abeokuta,8,2025,Chronic Care
2169,Musa Okeke,39.0,Male,Uyo,seven,2025,Follow-up
1083,Amaka Okafor,35.0,Female,Uyo,1,2025,Chronic Care
3431,Yusuf Udo,66.0,Male,Lagos,7,2026,Routine Check
2461,Zainab Peter,23.0,Female,Abuja,8,2024,Chronic Care
2894,Samuel Adebayo,33.0,Male,Asaba,2,2024,Routine Check
2669,Ibrahim Danladi,61.0,Male,Jos,3,2024,Follow-up
3001,Precious Mohammed,27.0,Male,Lagos,7,2025,Follow-up
1476,Fatima Mensah,80.0,Male,Ilorin,7,2025,Routine Check
1518,Sani Usman,26.0,Female,Jos,7,2024,Follow-up
1405,Tolu Garba,60.0,Male,Calabar,10,2026,Follow-up
1385,Femi Onyeka,77.0,Male,Owerri,2,2024,Follow-up
3440,Daniel Okeke,66.0,Female,Abuja,10,2025,Chronic Care
3153,Aisha Williams,78.0,Female,Port Harcourt,10,2026,Follow-up
2634,Blessing Yusuf,69.0,Male,Owerri,2,2025,Follow-up
3868,Tony Okeke,23.0,Male,Ibadan,2,2025,Follow-up
1689,Bola Balogun,39.0,Male,Abuja,12,2026,Follow-up
2241,Olamide Olawale,40.0,Male,Port Harcourt,10,2024,Follow-up
1063,Jane Onyeka,27.0,Male,Benin City,8,2026,Specialist Consultation
1853,Jane Osei,64.0,Female,Lagos,1,2026,Chronic Care
3760,Olamide Chukwu,60.0,Female,Owerri,12,2025,Routine Check
3483,Victor Akin,50.0,Male,Kaduna,10,2026,Routine Check
2263,Sani Balogun,59.0,Male,Owerri,12,2025,Follow-up
1224,Sarah Okeke,28.0,Female,Ibadan,6,2024,Follow-up
3194,Michael Akin,29.0,Female,Ilorin,1,2024,Follow-up
1374,Samuel Johnson,78.0,Male,Abeokuta,12,2026,Routine Check
2825,Ruth Paul,31.0,Female,Port Harcourt,3,2025,Follow-up
3544,Ruth Williams,34.0,Female,Port Harcourt,7,2025,Follow-up
3878,Michael Sani,29.0,Female,Zaria,2,2026,Chronic Care
3848,Ngozi Abubakar,65.0,Female,Owerri,11,2025,Routine Check
3693,Ruth Usman,67.0,Female,Ilorin,10,2025,Routine Check
1010,Sani Paul,48.0,Female,Uyo,8,2026,Follow-up
2945,Ruth Obi,34.0,Male,Zaria,8,2024,Routine Check
2839,Ada Mensah,,Female,Owerri,9,2025,Chronic Care
1709,Peter Sani,67.0,Male,Jos,seven,2026,Routine Check
1256,Joy Nwosu,52.0,Male,Zaria,3,2025,Follow-up
2618,Hauwa Danladi,62.0,Male,Warri,6,2026,Chronic Care
1390,Fatima James,62.0,Female,,6,2026,Follow-up
2582,Michael Danladi,75.0,Female,Calabar,5,2026,Chronic Care
1925,Blessing Mohammed,53.0,Female,Zaria,9,2025,Routine Check
3037,Samuel Ezeh,78.0,Female,Asaba,5,2024,Routine Check
3410,Sani Balogun,74.0,Female,Port Harcourt,8,2025,Routine Check
2225,Zainab Mohammed,74.0,Female,Zaria,8,2026,Follow-up
2947,Ibrahim Yusuf,35.0,Male,Kano,9,2025,Chronic Care
1740,Mary Cole,80.0,Male,Abuja,12,2026,Chronic Care
1041,Ibrahim Yusuf,77.0,Male,Kano,8,2025,Follow-up
1869,Olamide Okoro,59.0,Male,Ilorin,2,2024,Chronic Care
1540,Hauwa Onyeka,24.0,Female,Calabar,7,2026,Chronic Care
3518,Michael Sani,65.0,Female,Zaria,8,2026,Routine Check
2372,Tony Etim,22.0,Female,Jos,8,2025,Follow-up
2146,Kelvin Obi,67.0,Female,Kaduna,6,2025,Chronic Care
2032,Zainab Usman,55.0,Female,Kano,2,2025,Chronic Care
1373,Uche Sani,28.0,Female,Jos,1,2025,Chronic Care
1668,Femi James,56.0,Male,Jos,6,2026,Specialist Consultation
1358,Ngozi Udo,45.0,Female,Abeokuta,7,2026,Follow-up
1968,Aisha Ezeh,67.0,Male,Enugu,1,2026,Routine Check
2354,Ibrahim Onyeka,57.0,Male,Kano,1,2024,Chronic Care
2036,Helen Mohammed,,Male,Ilorin,2,2024,Routine Check
1471,Yusuf Ezeh,76.0,Female,Benin City,1,2026,Routine Check
2397,Precious Mohammed,39.0,Female,Kano,11,2026,Follow-up
3629,Peter Ezeh,34.0,Female,,1,2026,Follow-up
2550,Jane Yusuf,66.0,Male,Owerri,5,2025,Follow-up
2257,Kelvin Mohammed,42.0,Female,Kano,11,2025,Specialist Consultation
3095,Sani Sani,75.0,Female,Benin City,7,2026,Chronic Care
2556,Olamide Peter,30.0,Male,Enugu,N/A,2026,Routine Check
3597,Hauwa Ibekwe,74.0,Male,,7,2026,Routine Check
2251,Zainab Sani,27.0,Female,Port Harcourt,8,2025,Follow-up
2700,Amaka Chukwu,48.0,Female,Zaria,4,2024,Routine Check
2253,Ngozi Mohammed,21.0,Female,Ibadan,11,2026,Routine Check
3789,Peter Balogun,72.0,Female,Akure,11,2025,Follow-up
1080,Chukwu Chukwu,54.0,Male,Enugu,11,2026,Follow-up
2173,Samuel Okafor,29.0,Male,Port Harcourt,9,2024,Follow-up
1815,Femi Cole,42.0,Male,Abuja,9,2024,Chronic Care
2853,Peter Balogun,78.0,Male,Lagos,2,2025,Specialist Consultation
3221,Uche Mohammed,66.0,Male,Kano,11,2026,Follow-up
3637,Yusuf Okafor,19.0,Male,Ibadan,1,2025,Routine Check
3106,Anthony Akin,35.0,Male,Uyo,6,2026,Specialist Consultation
1134,Kelechi Abubakar,34.0,Female,Jos,11,2025,Routine Check
2141,Kelvin Ezeani,56.0,Male,Port Harcourt,8,2025,Specialist Consultation
1934,Yusuf Adebayo,51.0,Male,Owerri,6,2026,Routine Check
1929,John Mohammed,45.0,Female,Kano,8,2025,Chronic Care
1824,Peter Ojo,40.0,Female,Benin City,5,2025,Routine Check
2532,Mary Udo,31.0,Male,Benin City,7,2024,Routine Check
2215,Anthony Ezeh,41.0,Female,Ibadan,5,2024,Chronic Care
1505,Victor Udo,35.0,Female,Abuja,10,2025,Chronic Care
3974,Helen Ezeh,41.0,Female,Uyo,3,2026,Follow-up
3396,Sarah Johnson,34.0,Male,Owerri,1,2024,Chronic Care
2997,John Usman,65.0,Male,Asaba,3,2026,Routine Check
2959,Yusuf Mohammed,24.0,Male,Akure,12,2026,Follow-up
2385,Joy Cole,56.0,Female,lagos,10,2025,Routine Check
1895,Emeka Osei,79.0,Female,Calabar,5,2026,Follow-up
1829,Joy Okoro,43.0,Male,Warri,1,2024,Follow-up
3929,Ngozi Balogun,33.0,Female,Abeokuta,5,2025,Routine Check
2684,Victor Udo,25.0,Male,Kaduna,6,2026,Specialist Consultation
3582,Fatima Adeyemi,48.0,Female,Akure,ten,2026,Routine Check
3679,Joy Mensah,56.0,Male,Jos,10,2025,Routine Check
3520,Zainab Abubakar,22.0,Male,Calabar,10,2025,Follow-up
1653,Bola Etim,55.0,Female,Calabar,12,2026,Routine Check
1173,Ada Danladi,26.0,Male,Asaba,9,2026,Routine Check
1039,Kelechi Akin,47.0,Male,Uyo,1,2024,Chronic Care
3869,Ada Yusuf,75.0,Male,Ilorin,8,2026,Routine Check
1714,Musa Akin,43.0,Female,Benin City,1,2025,Routine Check
1091,Kelechi Ezeani,67.0,Female,Zaria,11,2024,Chronic Care
3964,Ibrahim Chukwu,20.0,Male,Abeokuta,9,2024,Routine Check
2206,Amaka Mohammed,25.0,Female,Warri,5,2025,Specialist Consultation
3593,Peter Nwosu,28.0,Female,Kano,11,2026,Follow-up
2828,Mary Etim,68.0,Male,Ibadan,12,2024,Routine Check
2156,Joy Osei,71.0,Male,Warri,7,2026,Routine Check
2325,Tony Nwosu,30.0,Female,Uyo,5,2025,Follow-up
1217,Tony Etim,54.0,Female,Ilorin,4,2025,Follow-up
1511,Hauwa Peter,42.0,Male,Abeokuta,7,2025,Chronic Care
2681,Chidinma Abubakar,42.0,Female,Akure,9,2024,Routine Check
1500,David Peter,64.0,Female,Uyo,1,2025,Routine Check
3697,Mary Usman,53.0,Female,Ibadan,9,2026,Routine Check
2857,Michael Okeke,51.0,Female,Lagos,2,2026,Routine Check
2389,John Usman,51.0,Male,Enugu,4,2025,Routine Check
2520,Blessing Balogun,68.0,Male,Enugu,5,2025,Follow-up
3387,Helen Sani,56.0,Female,Kaduna,2,2024,Follow-up
3849,Precious Osei,50.0,Male,Akure,6,2026,Routine Check
3077,Blessing Okeke,19.0,Female,Asaba,11,2026,Follow-up
2541,Emeka Musa,65.0,Female,Asaba,6,2025,Follow-up
2218,Michael Mohammed,65.0,Male,Benin City,9,2024,Follow-up
2417,Tony Peter,71.0,Female,,11,2025,Follow-up
3218,Olamide Eze,57.0,Female,Kano,12,2024,Follow-up
3526,Samuel Osei,63.0,Male,Benin City,5,2026,Chronic Care
2677,Precious Yusuf,53.0,Female,Benin City,6,2025,Chronic Care
2198,Fatima Okafor,69.0,Male,Akure,1,2026,Follow-up
2543,Kelechi Eze,32.0,Female,Enugu,3,2025,Routine Check
1954,Femi Nwosu,41.0,Male,Abuja,6,2026,Follow-up
1751,Precious Paul,25.0,Male,Abuja,1,2025,Chronic Care
1235,Michael Paul,70.0,Female,Kano,9,2024,Follow-up
1733,David Mensah,62.0,Female,Abeokuta,10,2026,Routine Check
9002,Sample Record,99.0,Unknown,TEST,0,2026,Test
2157,Victor Danladi,25.0,Female,Zaria,3,2025,Routine Check
3581,Femi Peter,20.0,Male,Ibadan,9,2026,Specialist Consultation
3446,Olamide Johnson,47.0,Male,Warri,2,2024,Follow-up
2210,Ngozi Adebayo,64.0,Female,Jos,1,2026,Chronic Care
2066,Chidinma James,53.0,Female,Lagos,2,2026,Routine Check
3157,Hauwa Nwosu,51.0,Male,Owerri,6,2026,Specialist Consultation
2063,Victor Musa,18.0,Female,Zaria,6,2026,Follow-up
2168,Jane Sani,26.0,Male,Jos,,2026,Follow-up
2493,Precious Bello,65.0,Female,Enugu,1,2025,Follow-up
3481,Fatima Onyeka,21.0,Male,Benin City,1,2025,Routine Check
1885,David Adebayo,32.0,Female,Asaba,8,2026,Follow-up
1144,Michael Adeyemi,69.0,Male,Akure,7,2026,Routine Check
3951,Zainab Ibekwe,60.0,Female,Abuja,7,2026,Routine Check
1851,Yusuf Okeke,23.0,Male,Lagos,7,2025,Follow-up
1718,Anthony Sani,66.0,Male,Kano,6,2025,Follow-up
3851,Esther Adebayo,49.0,Male,Asaba,9,2024,Chronic Care
1265,Grace Etim,57.0,Female,Ilorin,1,2026,Follow-up
1076,Ibrahim Ezeh,62.0,Male,Uyo,5,2024,Specialist Consultation
1396,Tony Yusuf,30.0,Male,,11,2025,Chronic Care
3553,Ngozi Paul,42.0,Female,Port Harcourt,12,2026,Routine Check
3225,Samuel Bello,19.0,Female,Benin City,6,2026,Routine Check
3808,David Ezeani,29.0,Male,Zaria,11,2026,Follow-up
1397,Zainab Osei,57.0,Female,Kano,7,2025,Routine Check
2366,Fatima Danladi,48.0,Female,Warri,10,2026,Follow-up
3508,Chukwu Peter,52.0,Male,Benin City,9,2026,Chronic Care
2904,Anthony Obi,63.0,Male,Owerri,seven,2025,Chronic Care
1596,Tony Ojo,67.0,Female,Port Harcourt,12,2024,Routine Check
3110,Ibrahim Peter,45.0,Female,Akure,4,2024,Routine Check
2297,Jane Olawale,73.0,Male,Abuja,11,2025,Chronic Care
2822,Samuel Chukwu,80.0,Female,Kaduna,5,2025,Specialist Consultation
1873,Musa Ibrahim,68.0,Male,Ilorin,1,2026,Follow-up
3998,Hauwa Sani,21.0,Female,Abeokuta,8,2026,Follow-up
3327,Victor Bello,33.0,Female,Kaduna,8,2025,Specialist Consultation
2549,Tony Williams,34.0,Female,Calabar,2,2024,Follow-up
1037,Samuel Obi,20.0,Male,Lagos,12,2025,Follow-up
3534,Jane Usman,73.0,Male,Warri,6,2026,Routine Check
3144,Daniel Adeyemi,47.0,Female,Jos,4,2024,Follow-up
3564,Victor Ibekwe,63.0,Female,Akure,5,2026,Chronic Care
1978,Kelechi Danladi,62.0,Female,Akure,seven,2026,Follow-up
2572,Sani Mensah,54.0,Female,Benin City,10,2025,Routine Check
2123,Esther Okafor,39.0,Male,Port Harcourt,6,2026,Follow-up
3240,Zainab Eze,55.0,Female,Asaba,5,2026,Follow-up
3505,Ruth Onyeka,70.0,Female,Zaria,3,2026,Chronic Care
2893,Kelvin Musa,19.0,Male,Enugu,7,2024,Follow-up
1676,Ibrahim Ezeani,66.0,Female,Lagos,3,2026,Follow-up
1729,Yusuf Okeke,58.0,Female,Ibadan,9,2024,Routine Check
1413,Kelechi Bello,25.0,Male,Akure,8,2025,Specialist Consultation
2517,Femi Cole,67.0,Male,Akure,4,2026,Chronic Care
2650,Bola Garba,63.0,Male,Jos,1,2026,Follow-up
1826,Esther Onyeka,38.0,Female,Lagos,4,2025,Follow-up
1617,Zainab Mensah,52.0,Male,Enugu,3,2025,Chronic Care
1115,Zainab Balogun,48.0,Male,Kano,12,2026,Routine Check
1418,Olamide Paul,51.0,Female,Abuja,11,2025,Follow-up
2626,Ruth Ibekwe,47.0,Male,Uyo,11,2026,Routine Check
3948,Tony Adebayo,48.0,Male,Kano,6,2025,Follow-up
1090,Ruth Peter,32.0,Male,Akure,2,2026,Specialist Consultation
3083,Grace Paul,70.0,Female,Ilorin,4,2025,Routine Check
1754,Ibrahim Mensah,56.0,Male,Kano,5,2026,Routine Check
2631,Aisha Johnson,72.0,Male,Ilorin,4,2026,Chronic Care
1012,Tolu Danladi,62.0,Male,Owerri,9,2026,Routine Check
3445,Anthony Okoro,58.0,Male,Akure,1,2025,Follow-up
1285,Anthony Adeyemi,51.0,Female,Warri,12,2026,Chronic Care
2067,Blessing Okeke,72.0,Male,Benin City,10,2025,Chronic Care
2192,Kelvin Bello,78.0,Male,Ilorin,10,2026,Follow-up
2441,Tolu Danladi,18.0,Female,Lagos,9,2026,Follow-up
3810,Mary Yusuf,44.0,Male,Benin City,12,2026,Follow-up
3809,Joy Bello,42.0,Female,Ilorin,10,2026,Follow-up
3719,Sarah Sani,33.0,Female,Kaduna,8,2025,Follow-up
2569,Blessing Udo,29.0,Male,Benin City,2,2025,Chronic Care
3428,Ibrahim Onyeka,68.0,Female,,3,2025,Chronic Care
3585,Precious Nwosu,49.0,Female,Kaduna,8,2024,Follow-up
2688,Peter Sani,43.0,Female,Calabar,3,2024,Routine Check
1852,Michael Peter,69.0,Female,,6,2026,Routine Check
3208,Emeka Danladi,40.0,Female,Benin City,8,2026,Routine Check
1896,Precious Okeke,27.0,Female,Ilorin,4,2025,Routine Check
1497,Blessing Ezeh,49.0,Female,Warri,6,2024,Routine Check
3306,Helen Peter,28.0,Female,Enugu,4,2026,Routine Check
2783,Esther Olawale,32.0,Female,Zaria,9,2024,Routine Check
1336,Jane Danladi,39.0,Female,Akure,11,2026,Follow-up
1516,Ruth Akin,19.0,Male,Port Harcourt,12,2025,Routine Check
2349,Chidinma Musa,41.0,Male,Enugu,3,2026,Chronic Care
2016,Aisha Okafor,37.0,Male,Uyo,8,2024,Specialist Consultation
3817,Yusuf Udo,37.0,Female,Kaduna,7,2025,Routine Check
3812,Precious Paul,19.0,Male,Ilorin,5,2025,Specialist Consultation
2782,Kelechi Williams,34.0,Male,Owerri,1,2025,Chronic Care
2786,Hauwa Yusuf,30.0,Male,Akure,8,2026,Chronic Care
3071,Chidinma Chukwu,66.0,Male,Jos,ten,2025,Chronic Care
1357,Tony Paul,43.0,Female,Warri,9,2025,Specialist Consultation
3861,Mary Okafor,70.0,Male,Lagos,3,2026,Follow-up
2313,Olamide Mensah,64.0,Female,Owerri,6,2024,Follow-up
2636,Blessing Udo,30.0,Female,Uyo,3,2024,Chronic Care
1551,Tony James,63.0,Female,Kano,11,2025,Follow-up
3389,Anthony Garba,73.0,Male,Kano,N/A,2025,Follow-up
3480,Bola Danladi,70.0,Male,Warri,9,2025,Follow-up
3522,Ngozi Chukwu,55.0,Female,,12,2026,Routine Check
3266,Ada Ezeh,57.0,Male,Ilorin,2,2026,Routine Check
2228,Aisha Ojo,58.0,Female,Kano,6,2026,Follow-up
3689,Emeka Nwosu,27.0,Male,Uyo,6,2026,Follow-up
1958,Peter Nwosu,73.0,Female,Kano,9,2026,Routine Check
2774,Fatima Osei,42.0,Male,Zaria,9,2025,Chronic Care
3142,Ada Garba,51.0,Female,Kaduna,4 visits,2025,Routine Check
2009,Ngozi Ezeh,44.0,Male,Jos,4,2025,Follow-up
2093,Blessing Ibrahim,25.0,Male,Abeokuta,11,2024,Routine Check
3683,Emeka Mensah,47.0,Male,Calabar,3,2026,Follow-up
1997,Chukwu Osei,31.0,Female,Kaduna,10,2026,Follow-up
2680,Sani Ojo,75.0,Female,Port Harcourt,2,2024,Routine Check
1154,Ruth Cole,38.0,Female,Akure,2,2024,Chronic Care
3866,Peter Onyeka,27.0,Female,Kaduna,6,2026,Routine Check
1581,Ruth Onyeka,50.0,Male,Uyo,1,2025,Routine Check
2471,Zainab Akinyemi,59.0,Male,Jos,8,2025,Routine Check
1704,Peter Adebayo,34.0,Female,,9,2024,Routine Check
2213,Daniel Balogun,37.0,Male,Zaria,10,2025,Chronic Care
1897,Ibrahim Bello,27.0,Male,Akure,10,2026,Follow-up
1488,Tolu Ibrahim,34.0,Female,Port Harcourt,10,2024,Follow-up
1560,Hauwa Peter,41.0,Female,Benin City,4 visits,2025,Routine Check
2142,Yusuf Etim,32.0,Male,Owerri,10,2026,Follow-up
2120,John Balogun,50.0,Male,Uyo,7,2024,Routine Check
1513,Jane Udo,23.0,Male,Abeokuta,3,2025,Follow-up
1634,Ruth Nwosu,29.0,Male,Calabar,2,2024,Routine Check
3592,Zainab Usman,23.0,Male,Ilorin,6,2025,Routine Check
2665,Daniel Okafor,72.0,Female,Akure,8,2025,Routine Check
2013,Precious Johnson,71.0,Male,Kaduna,2,2025,Chronic Care
2932,David Bello,22.0,Male,Uyo,10,2025,Specialist Consultation
2151,Kelechi Ezeani,43.0,Female,,11,2026,Routine Check
3814,Ngozi Ezeh,79.0,Male,Asaba,8,2026,Follow-up
1117,Tolu Johnson,28.0,Male,Kano,12,2024,Routine Check
1741,John Cole,65.0,Male,Owerri,11,2026,Specialist Consultation
3772,Ibrahim Sani,65.0,Male,Abuja,3,2026,Follow-up
2975,Tolu Okoro,18.0,Male,Calabar,2,2026,Follow-up
2082,Kelvin Williams,19.0,Female,Lagos,10,2024,Follow-up
2811,Ibrahim Bello,79.0,Male,Benin City,12,2025,Follow-up
1831,John James,59.0,Female,Enugu,5,2025,Chronic Care
1120,Esther Mohammed,,Male,Lagos,7,2025,Routine Check
1657,Sani Williams,71.0,Male,Abuja,9,2026,Routine Check
3741,Michael Paul,70.0,Female,,10,2024,Routine Check
3701,Aisha Danladi,32.0,Female,Zaria,2,2026,Routine Check
3941,Jane Akin,41.0,Male,Abeokuta,2,2025,Routine Check
1636,Peter Sani,21.0,Male,Abuja,10,2025,Chronic Care
1370,Tolu Yusuf,57.0,Female,Ibadan,4,2025,Follow-up
1269,Esther Garba,77.0,Male,Calabar,12,2026,Routine Check
1047,Kelechi Nwosu,,Male,Asaba,4,2024,Routine Check
1992,Emeka Nwosu,32.0,Male,Asaba,7,2024,Follow-up
1877,Daniel Paul,30.0,Male,Port Harcourt,1,2024,Routine Check
1774,Ibrahim Ibekwe,35.0,Female,Abeokuta,1,2024,Routine Check
2220,Grace Ojo,35.0,Male,Zaria,1,2026,Routine Check
2127,Sarah Peter,76.0,Male,Warri,9,2026,Routine Check
1005,Chukwu Ojo,32.0,Female,,3,2025,Specialist Consultation
2596,Amaka Mohammed,56.0,Female,Zaria,7,2026,Follow-up
3312,Ada Yusuf,22.0,Female,Ilorin,12,2026,Chronic Care
3492,Michael Paul,63.0,Female,Port Harcourt,4,2026,Routine Check
2078,Musa Osei,29.0,Female,Jos,7,2025,Routine Check
1838,Uche Cole,66.0,Female,Port Harcourt,7,2025,Chronic Care
1682,Michael Balogun,69.0,Male,Abeokuta,8,2026,Routine Check
2716,Esther Williams,43.0,Male,Akure,10,2026,Chronic Care
3353,Tolu Williams,47.0,Female,,1,2025,Routine Check
3618,Emeka Chukwu,19.0,Female,Owerri,six,2026,Routine Check
3362,Anthony Udo,18.0,Male,Ilorin,4,2025,Routine Check
3198,Mary Akinyemi,62.0,Male,Port Harcourt,11,2025,Routine Check
2149,Jane Mohammed,49.0,Female,Lagos,12,2026,Chronic Care
1575,Aisha Cole,31.0,Male,Enugu,12,2026,Follow-up
1051,Blessing Okoro,70.0,Male,Lagos,2,2025,Routine Check
1854,Zainab Bello,42.0,Male,Abeokuta,6,2024,Routine Check
2983,Chidinma Garba,63.0,Female,Kano,5,2025,Routine Check
2824,Olamide Olawale,58.0,Male,Abuja,2,2026,Routine Check
1834,Michael Onyeka,42.0,Male,Ilorin,2,2026,Follow-up
2116,Blessing Mohammed,31.0,Male,Warri,4,2024,Routine Check
2167,Musa James,27.0,Male,Asaba,4,2026,Specialist Consultation
3519,Joy Akin,72.0,Female,Zaria,6,2025,Chronic Care
2907,Helen Etim,32.0,Male,Port Harcourt,9,2026,Routine Check
1972,Amaka Osei,26.0,Male,Asaba,3,2025,Chronic Care
1400,Peter Musa,34.0,Male,Warri,12,2025,Chronic Care
3560,Precious Eze,59.0,Female,Port Harcourt,11,2025,Routine Check
3369,John Udo,55.0,Female,Kano,1,2025,Follow-up
1020,Ibrahim Chukwu,45.0,Female,Ilorin,4,2026,Follow-up
1685,Ada Usman,21.0,Male,Enugu,11,2026,Routine Check
1036,Sani Mohammed,21.0,Male,Akure,5,2024,Follow-up
3838,Hauwa Adebayo,39.0,Female,Abeokuta,1,2026,Routine Check
1525,Ada Akinyemi,74.0,Female,Warri,9,2025,Routine Check
3456,Tony Okoro,77.0,Female,Akure,6,2024,Follow-up
1921,Anthony Akin,34.0,Female,Benin City,1,2024,Follow-up
2842,David Peter,62.0,Female,Asaba,9,2026,Chronic Care
2891,Helen Mensah,38.0,Female,Uyo,2,2024,Chronic Care
1538,Anthony Nwosu,67.0,Female,Zaria,1,2025,Follow-up
2706,Daniel Olawale,52.0,Female,Benin City,6,2024,Routine Check
3940,Ibrahim Obi,77.0,Male,lagos,11,2025,Follow-up
1246,Musa Ibekwe,51.0,Female,Enugu,5,2025,Routine Check
1785,Helen James,38.0,Male,Zaria,7,2025,Routine Check
2410,Anthony Akinyemi,36.0,Male,Kaduna,7,2025,Chronic Care
3538,Chidinma Etim,34.0,Male,Uyo,8,2025,Routine Check
1155,Sani Cole,46.0,Male,Jos,8,2025,Specialist Consultation
2687,Chidinma Akinyemi,72.0,Male,Kano,1,2026,Routine Check
1626,Blessing Olawale,27.0,Female,Port Harcourt,8,2024,Routine Check
3885,Olamide Ojo,45.0,Female,Jos,10,2025,Routine Check
2347,Mary Abubakar,41.0,Male,Owerri,8,2025,Routine Check
1570,Kelechi Udo,39.0,Male,Warri,2,2026,Chronic Care
3942,Chukwu Olawale,46.0,Female,Warri,6,2026,Routine Check
2759,Mary James,30.0,Female,Kaduna,9,2026,Chronic Care
2817,Zainab Danladi,45.0,Male,,2,2025,Routine Check
3066,Esther Musa,76.0,Female,Warri,1,2025,Chronic Care
1128,Aisha Osei,42.0,Male,Uyo,8,2026,Specialist Consultation
3987,Kelechi Chukwu,25.0,Female,Owerri,3,2026,Chronic Care
3007,Hauwa Eze,76.0,Female,Ibadan,6,2025,Follow-up
1981,Zainab Johnson,37.0,Female,Calabar,6,2024,Routine Check
3984,Ruth Onyeka,36.0,Male,Jos,11,2026,Chronic Care
1191,Esther Balogun,54.0,Male,Enugu,4,2026,Routine Check
2140,Chukwu Okafor,34.0,Male,Ilorin,10,2026,Chronic Care
1993,Bola Mensah,49.0,Female,Port Harcourt,3,2024,Routine Check
1700,Samuel Johnson,72.0,Female,Uyo,4,2024,Routine Check
1607,Emeka Okafor,,Female,Jos,12,2025,Chronic Care
1181,Joy Eze,28.0,Male,,8,2025,Routine Check
1302,Femi James,39.0,Female,Jos,9,2026,Routine Check
3545,Grace Eze,37.0,Female,ABUJA,10,2025,Chronic Care
3784,Ngozi Olawale,77.0,Male,Abuja,ten,2024,Follow-up
2061,Ruth Akin,74.0,Male,Jos,9,2025,Routine Check
3828,Daniel Mensah,66.0,Female,Warri,4,2026,Routine Check
3887,Musa Akinyemi,51.0,Female,,10,2026,Follow-up
3566,Sani Johnson,35.0,Female,Asaba,2,2025,Routine Check
2070,Anthony Obi,55.0,Female,Calabar,5,2025,Follow-up
3525,Uche Adebayo,35.0,Female,Ilorin,9,2024,Routine Check
3206,John Usman,76.0,Male,Port Harcourt,1,2025,Follow-up
2244,Samuel Udo,43.0,Female,Warri,6,2026,Follow-up
1017,John Abubakar,26.0,Male,Uyo,10,2024,Routine Check
3990,Mary Garba,62.0,Female,Kaduna,12,2025,Chronic Care
1547,Mary Balogun,80.0,Female,Warri,5,2025,Routine Check
1659,Victor Osei,41.0,Female,Abuja,10,2025,Routine Check
3713,Ibrahim Akinyemi,54.0,Female,Benin City,9,2024,Routine Check
3744,Amaka Okoro,69.0,Female,Calabar,5,2026,Routine Check
2505,Samuel Danladi,43.0,Female,Jos,3,2025,Chronic Care
1960,Chukwu Okeke,28.0,Male,Abuja,seven,2026,Specialist Consultation
3332,Fatima Usman,62.0,Female,Abuja,5,2025,Routine Check
1798,Fatima Okoro,57.0,Female,Enugu,3,2025,Follow-up
1226,Ada Etim,45.0,Male,,5,2025,Follow-up
3075,Olamide Okafor,37.0,Female,Asaba,2,2025,Chronic Care
2800,Ruth Akin,68.0,Female,Uyo,10,2026,Chronic Care
3486,Chidinma Danladi,43.0,Male,Port Harcourt,11,2025,Routine Check
3972,Emeka Adeyemi,44.0,Female,Enugu,12,2026,Specialist Consultation
3278,Daniel Osei,23.0,Female,Kano,11,2025,Follow-up
3086,Precious Chukwu,74.0,Male,Ilorin,9,2026,Routine Check
2694,Hauwa Ezeani,21.0,Male,Zaria,3,2026,Routine Check
2046,Peter Usman,24.0,Male,Abeokuta,2,2025,Follow-up
1470,John Onyeka,56.0,Female,Kaduna,1,2025,Follow-up
1955,Tolu Bello,75.0,Female,Warri,1,2024,Follow-up
3986,Femi Osei,30.0,Female,Calabar,7,2024,Follow-up
1640,Victor Akinyemi,20.0,Male,Enugu,4,2024,Follow-up
3787,Fatima Mensah,39.0,Female,Warri,8,2026,Follow-up
2219,Samuel Ojo,35.0,Male,Lagos,1,2025,Specialist Consultation
2159,Chidinma Ibekwe,48.0,Female,Owerri,8,2026,Chronic Care
2416,Sani Obi,49.0,Female,Ibadan,7,2024,Specialist Consultation
3722,Bola Usman,35.0,Female,Asaba,8,2026,Routine Check
2528,Olamide Sani,65.0,Male,Zaria,1,2026,Routine Check
3930,Olamide Mensah,66.0,Male,Ibadan,10,2026,Follow-up
2301,Amaka Okeke,23.0,Female,Warri,4,2025,Follow-up
3875,Bola Mensah,20.0,Male,Ilorin,4,2025,Routine Check
2604,Musa Okeke,80.0,Male,Enugu,8,2026,Routine Check
1161,Ruth Ibrahim,74.0,Male,Asaba,12,2025,Chronic Care
2705,Victor Mensah,70.0,Female,Ibadan,12,2026,Follow-up
1957,Sani Chukwu,62.0,Male,Kaduna,10,2026,Chronic Care
3924,Helen Balogun,73.0,Female,Benin City,12,2026,Follow-up
1878,Ruth Nwosu,74.0,Male,Abuja,4,2024,Chronic Care
2920,Sarah Adebayo,79.0,Female,Abeokuta,10,2025,Routine Check
2885,Sarah Mohammed,51.0,Female,Enugu,3,2024,Follow-up
3201,Daniel Paul,59.0,Female,Calabar,11,2025,Routine Check
1099,Zainab Danladi,64.0,Male,Akure,10,2026,Follow-up
3836,Yusuf Osei,41.0,Male,Uyo,8,2025,Chronic Care
3558,Olamide Adeyemi,51.0,Male,Kano,9,2025,Routine Check
1254,Zainab Usman,50.0,Male,Asaba,6,2024,Follow-up
1104,Kelechi Johnson,57.0,Male,Ilorin,3,2025,Routine Check
2446,Esther Usman,23.0,Male,Warri,1,2025,Routine Check
2444,Femi Mensah,52.0,Male,Enugu,7,2026,Routine Check
2649,Amaka Williams,70.0,Female,Calabar,2,2026,Routine Check
1587,Mary Usman,33.0,Male,Uyo,12,2026,Routine Check
1628,Musa Musa,52.0,Female,Lagos,4,2025,Follow-up
2697,Peter James,65.0,Female,Asaba,4,2025,Routine Check
3102,Blessing Balogun,25.0,Female,Kano,12,2026,Routine Check
3200,Yusuf Udo,41.0,Female,Warri,7,2024,Chronic Care
1404,Ngozi Ezeani,20.0,Male,Kano,7,2024,Follow-up
2155,Olamide Bello,64.0,Female,Asaba,6,2026,Follow-up
3256,Sarah Okeke,30.0,Male,Ilorin,3,2026,Specialist Consultation
2683,Aisha Akinyemi,55.0,Male,Abeokuta,9,2025,Follow-up
3057,Tony Ibekwe,29.0,Female,Lagos,7,2025,Follow-up
3853,Kelechi Musa,60.0,Male,Ibadan,10,2025,Routine Check
1453,David Williams,67.0,Female,Ilorin,9,2026,Chronic Care
3302,Zainab Peter,71.0,Male,Owerri,7,2024,Chronic Care
2328,Peter Okeke,61.0,Male,Calabar,7,2026,Follow-up
3050,Olamide Bello,70.0,Male,Zaria,1,2026,Routine Check
1881,Zainab Bello,73.0,Male,Jos,7,2024,Follow-up
3927,Helen Balogun,55.0,Male,Abuja,8,2024,Chronic Care
1624,Uche Usman,60.0,Female,Abeokuta,7,2026,Follow-up
3394,Chukwu Okeke,34.0,Male,Kaduna,6,2025,Routine Check
3781,Mary Danladi,19.0,Male,Jos,8,2026,Chronic Care
2788,John Danladi,20.0,Male,Akure,8,2024,Routine Check
1263,Olamide Ojo,59.0,Female,Warri,12,2025,Follow-up
2635,Esther Okafor,19.0,Female,Kaduna,6,2025,Routine Check
2439,Esther Okeke,76.0,Male,Jos,10,2026,Chronic Care
3199,Emeka Ojo,36.0,Female,Asaba,8,2025,Routine Check
2970,Joy Akinyemi,28.0,Female,Enugu,6,2025,Chronic Care
3521,Sani Ibrahim,67.0,Male,Ibadan,5,2025,Chronic Care
2803,Samuel Williams,25.0,Male,Uyo,10,2025,Follow-up
1641,Victor Abubakar,72.0,Female,Port Harcourt,4,2025,Routine Check
3386,Musa Ojo,41.0,Female,Akure,11,2025,Routine Check
3599,Sani Yusuf,53.0,Female,Enugu,9,2025,Follow-up
3839,Blessing Eze,56.0,Male,Enugu,12,2024,Routine Check
2960,Michael Ojo,71.0,Male,Port Harcourt,6,2024,Routine Check
1489,Grace Osei,43.0,Female,Benin City,1,2025,Follow-up
2844,Tony Williams,20.0,Male,,9,2026,Follow-up
2735,Ada Olawale,74.0,Female,Abuja,11,2026,Follow-up
1147,Peter Etim,22.0,Male,Port Harcourt,9,2025,Routine Check
2535,Kelvin Balogun,79.0,Female,Kano,1,2024,Follow-up
2987,Olamide Sani,74.0,Female,Kano,7,2025,Follow-up
2370,Hauwa Adeyemi,38.0,Male,Kaduna,9,2026,Routine Check
3451,Jane Balogun,28.0,Female,,9,2025,Chronic Care
3945,Kelvin Johnson,72.0,Female,Jos,11,2025,Routine Check
1660,Sani Onyeka,39.0,Female,Warri,4,2026,Routine Check
2795,Ibrahim Musa,80.0,Female,Abuja,10,2026,Follow-up
3512,Hauwa Paul,78.0,Female,Uyo,8,2026,Routine Check
1187,Olamide Peter,59.0,Female,Jos,5,2026,Routine Check
2148,Olamide Usman,49.0,Male,Ibadan,8,2026,Follow-up
1609,Kelechi Okeke,69.0,Male,Ilorin,1,2025,Routine Check
3192,Zainab Adeyemi,,Male,Calabar,3,2026,Follow-up
2931,Helen Musa,73.0,Female,Owerri,2,2026,Routine Check
1198,Tolu Akin,64.0,Female,Kano,11,2026,Chronic Care
3328,Femi Akin,18.0,Female,Uyo,12,2025,Routine Check
1294,Chukwu Mensah,48.0,Female,Kaduna,9,2026,Follow-up
1767,John Peter,42.0,Male,Akure,8,2024,Follow-up
1401,Sani Ezeani,28.0,Male,Uyo,11,2025,Follow-up
1123,Amaka Olawale,44.0,Male,Lagos,4,2026,Chronic Care
1203,John Obi,34.0,Female,Ilorin,4,2025,Routine Check
1836,Esther Chukwu,59.0,Female,,six,2025,Follow-up
3295,Chidinma Ibrahim,42.0,Female,Ibadan,10,2025,Chronic Care
2440,Jane Udo,72.0,Female,Port Harcourt,6,2024,Routine Check
2734,Helen Akin,70.0,Male,Kaduna,1,2026,Follow-up
2696,Precious Akin,34.0,Male,Zaria,9,2026,Chronic Care
3937,Aisha Ibekwe,75.0,Female,Enugu,3,2026,Chronic Care
2708,Ada Sani,67.0,Male,Abuja,11,2026,Chronic Care
3922,Ada Ibekwe,40.0,Female,Asaba,11,2024,Routine Check
2154,Sani Akinyemi,34.0,Female,Ilorin,11,2026,Routine Check
2662,Emeka Ibekwe,64.0,Female,Uyo,9,2025,Follow-up
3433,Michael Olawale,58.0,Male,Kaduna,8,2025,Specialist Consultation
2760,Kelvin Ibrahim,24.0,Female,Zaria,12,2025,Chronic Care
1855,Kelechi Akin,73.0,Male,Warri,7,2025,Routine Check
2590,Kelvin Abubakar,45.0,Female,Warri,4,2024,Chronic Care
3268,Tony Ibekwe,47.0,Female,Calabar,12,2025,Chronic Care
1642,Kelvin Eze,71.0,Female,Abeokuta,3,2026,Routine Check
1002,Mary James,41.0,Male,Enugu,8,2026,Routine Check
3161,Sani Eze,50.0,Male,Port Harcourt,5,2025,Routine Check
1699,Esther Yusuf,23.0,Female,Uyo,6,2025,Follow-up
2637,Mary Ezeani,57.0,Female,Warri,7,2025,Routine Check
2292,Kelvin Akinyemi,42.0,Male,Akure,3,2025,Chronic Care
3865,Olamide Garba,62.0,Male,Warri,4,2026,Chronic Care
3490,Daniel Onyeka,67.0,Female,Akure,1,2024,Chronic Care
2521,Musa Olawale,25.0,Female,Lagos,7,2025,Follow-up
2854,Ada Danladi,53.0,Male,Akure,6,2024,Routine Check
2137,Tolu Okafor,21.0,Female,Lagos,1,2026,Routine Check
3907,Bola Olawale,75.0,Male,Asaba,4,2025,Routine Check
2632,Hauwa Adebayo,69.0,Female,,7,2025,Routine Check
2999,Peter Ibekwe,64.0,Female,Enugu,12,2024,Routine Check
1664,Ruth Usman,22.0,Male,Kaduna,11,2025,Chronic Care
1684,Yusuf Ibrahim,74.0,Male,ibadan ,2,2025,Routine Check
2258,Femi Osei,34.0,Female,,7,2026,Follow-up
1318,Hauwa Danladi,23.0,Male,Akure,12,2025,Follow-up
1649,Ada James,72.0,Male,Enugu,ten,2024,Chronic Care
2435,Ibrahim Ezeani,67.0,Female,Kaduna,8,2026,Follow-up
2480,Helen Yusuf,21.0,Male,Abeokuta,8,2026,Follow-up
1710,John Williams,58.0,Male,Jos,7,2026,Routine Check
2283,Fatima Obi,78.0,Male,Benin City,5,2024,Routine Check
2769,Sani Chukwu,31.0,Female,,6,2026,Follow-up
1973,Victor Usman,37.0,Male,Enugu,10,2025,Specialist Consultation
3676,Hauwa Udo,72.0,Female,Asaba,5,2025,Chronic Care
3681,Chukwu Ezeh,43.0,Male,Abeokuta,7,2025,Specialist Consultation
2307,Uche Adeyemi,42.0,Male,Abeokuta,11,2026,Chronic Care
2401,Tony Williams,75.0,Female,Jos,11,2026,Routine Check
2409,Grace Udo,63.0,Female,Akure,N/A,2025,Chronic Care
3238,Kelvin Akinyemi,76.0,Female,Kano,8,2026,Follow-up
2497,Kelvin Bello,44.0,Female,Asaba,6,2026,Routine Check
3039,Joy Okeke,27.0,Male,Abuja,3,2026,Chronic Care
2530,Uche Abubakar,71.0,Male,Abeokuta,12,2026,Routine Check
2664,Sani Usman,33.0,Female,Akure,six,2024,Follow-up
2355,Samuel Adebayo,57.0,Female,Akure,3,2025,Chronic Care
3933,Sani Musa,73.0,Female,Port Harcourt,10,2025,Follow-up
3953,Musa Adeyemi,79.0,Male,,5,2024,Routine Check
2644,Tolu Johnson,39.0,Male,Abuja,9,2026,Follow-up
2052,Chukwu James,50.0,Male,Abeokuta,5,2026,Routine Check
1796,Jane Chukwu,65.0,Female,Kaduna,2,2024,Follow-up
3694,Hauwa Garba,71.0,Male,Abuja,6,2025,Routine Check
2598,Peter Akinyemi,49.0,Female,Abeokuta,8,2024,Follow-up
3605,Femi James,39.0,Female,Benin City,2,2026,Follow-up
3730,Sani Williams,49.0,Male,Jos,2,2026,Chronic Care
3626,Mary James,41.0,Female,Abeokuta,8,2026,Chronic Care
2820,Aisha Udo,66.0,Male,Benin City,6,2025,Follow-up
2723,Femi Chukwu,72.0,Female,Akure,9,2024,Routine Check
2184,Chukwu Okafor,61.0,Female,Jos,5,2024,Chronic Care
3573,Precious Ezeani,71.0,Female,Abeokuta,5,2026,Routine Check
2060,Fatima Balogun,52.0,Female,Akure,12,2025,Specialist Consultation
1541,Femi Peter,72.0,Female,Kano,4,2025,Follow-up
2679,Mary Akinyemi,51.0,Female,Akure,8,2025,Follow-up
3797,Sarah Ojo,54.0,Female,Ilorin,6,2026,Routine Check
3897,Blessing Akin,40.0,Female,Abuja,3,2026,Routine Check
3533,Mary Abubakar,65.0,Female,Zaria,11,2025,Routine Check
2758,Daniel Ezeani,21.0,Male,Benin City,12,2026,Specialist Consultation
2924,Helen Garba,35.0,Female,Jos,3,2026,Chronic Care
1096,Ngozi Akin,22.0,Female,ABUJA,6,2024,Routine Check
2021,Uche Okoro,24.0,Female,Owerri,10,2025,Follow-up
1564,Esther Olawale,37.0,Male,Kano,N/A,2026,Follow-up
3791,Grace Okeke,54.0,Female,Calabar,1,2024,Follow-up
1864,Femi Garba,35.0,Female,Akure,11,2026,Follow-up
2485,John Adebayo,44.0,Female,Uyo,12,2025,Chronic Care
2882,Anthony Olawale,33.0,Male,Ilorin,8,2026,Routine Check
2039,Hauwa Onyeka,80.0,Male,Calabar,4 visits,2026,Specialist Consultation
1207,Esther Ojo,71.0,Female,Lagos,10,2026,Specialist Consultation
1393,Aisha Mensah,62.0,Female,Warri,6,2025,Routine Check
3843,Musa Ezeani,31.0,Male,Calabar,4,2024,Routine Check
1871,Olamide Usman,23.0,Female,Port Harcourt,10,2025,Follow-up
1398,Ruth Olawale,53.0,Female,Abuja,11,2025,Follow-up
3815,Sarah Osei,33.0,Female,Enugu,7,2025,Follow-up
3891,Esther Yusuf,34.0,Male,Asaba,3,2025,Chronic Care
2029,Tolu Etim,33.0,Male,Warri,3,2025,Routine Check
3691,Kelechi Usman,33.0,Female,Kaduna,7,2026,Follow-up
2486,Anthony Etim,55.0,Male,Kaduna,6,2025,Chronic Care
3661,Tolu Bello,38.0,Male,Kaduna,10,2026,Routine Check
1961,Uche Olawale,38.0,Female,Kano,4,2025,Follow-up
2571,Kelechi Ibekwe,24.0,Male,Zaria,8,2025,Routine Check
3774,Chukwu Yusuf,28.0,Female,Port-Harcourt,1,2025,Follow-up
2896,Yusuf Eze,69.0,Female,Ilorin,7,2025,Follow-up
3732,Yusuf Osei,61.0,Female,Ibadan,11,2024,Chronic Care
3147,Zainab Garba,25.0,Male,Abeokuta,7,2026,Routine Check
1805,Ruth Bello,79.0,Male,Lagos,12,2024,Routine Check
2752,Michael Osei,33.0,Male,Asaba,7,2025,Specialist Consultation
3455,Yusuf Cole,37.0,Male,Ilorin,9,2026,Specialist Consultation
1503,Fatima Ibrahim,55.0,Male,Akure,8,2024,Follow-up
1780,Jane Mensah,50.0,Female,Uyo,10,2026,Specialist Consultation
2864,Jane Okeke,24.0,Male,Owerri,12,2026,Routine Check
1201,Joy Mensah,46.0,Male,Kaduna,11,2026,Chronic Care
3183,Victor Peter,18.0,Male,Akure,3,2025,Routine Check
3089,Esther Ojo,49.0,Male,Zaria,4,2024,Routine Check
3279,Michael Ibekwe,60.0,Male,Uyo,10,2025,Specialist Consultation
2797,Musa Okeke,24.0,Male,Warri,4,2026,Follow-up
1379,Yusuf Paul,35.0,Male,Benin City,9,2024,Routine Check
3337,Ada Bello,48.0,Male,Kaduna,1,2026,Follow-up
1419,Olamide Akinyemi,43.0,Female,Port Harcourt,1,2024,Chronic Care
2699,Sarah Abubakar,44.0,Male,Enugu,12,2025,Chronic Care
1392,Victor Yusuf,40.0,Female,Enugu,2,2026,Specialist Consultation
3641,Amaka Cole,54.0,Female,,11,2025,Follow-up
2523,Fatima Williams,45.0,Female,Benin City,3,2024,Routine Check
2163,Michael Mohammed,,Male,Calabar,9,2026,Follow-up
2496,Ruth Johnson,76.0,Male,,11,2026,Follow-up
3696,Bola Okoro,27.0,Female,Warri,8,2024,Chronic Care
3028,Tolu Johnson,68.0,Female,Zaria,10,2025,Routine Check
2153,Hauwa Ibekwe,41.0,Female,Abeokuta,12,2026,Follow-up
2368,Chidinma Eze,61.0,Female,Zaria,3,2025,Chronic Care
3569,Sani Williams,55.0,Male,Kano,9,2026,Routine Check
1065,Joy Yusuf,58.0,Female,Asaba,1,2025,Chronic Care
3063,Helen Mensah,62.0,Female,Kano,10,2026,Chronic Care
2181,Mary Etim,53.0,Female,Asaba,11,2025,Follow-up
1493,Fatima Musa,32.0,Male,Calabar,9,2026,Follow-up
1380,Ibrahim Abubakar,70.0,Female,Port Harcourt,3,2025,Routine Check
3236,Ruth Ezeani,26.0,Female,Akure,10,2025,Follow-up
1764,Ibrahim Etim,41.0,Male,,8,2025,Routine Check
3265,Chidinma Ibekwe,69.0,Male,Kaduna,11,2025,Routine Check
1792,Michael Johnson,46.0,Male,Port Harcourt,4,2024,Chronic Care
2077,Kelechi Okafor,26.0,Female,Enugu,12,2026,Routine Check
1879,Musa Bello,52.0,Female,Ilorin,8,2026,Chronic Care
1338,Amaka Yusuf,23.0,Male,Zaria,11,2026,Specialist Consultation
3768,Musa Ibekwe,,Female,Uyo,3,2026,Chronic Care
3344,Ibrahim Usman,33.0,Male,Kano,4,2026,Follow-up
2017,Fatima James,29.0,Female,Asaba,1,2026,Follow-up
2276,Grace Peter,62.0,Female,Uyo,6,2025,Routine Check
1456,Aisha Ibrahim,53.0,Male,Abuja,3,2025,Follow-up
1816,Tolu Okeke,24.0,Female,Lagos,5,2025,Routine Check
3318,Chidinma Etim,42.0,Male,Ibadan,12,2026,Routine Check
1996,Chidinma Peter,38.0,Female,Jos,6,2025,Chronic Care
2982,Hauwa Etim,58.0,Female,Enugu,5,2026,Follow-up
1202,Fatima Akinyemi,61.0,Male,Ibadan,4,2026,Follow-up
1162,Samuel Okeke,38.0,Male,Kano,6,2026,Specialist Consultation
2580,Michael Okafor,65.0,Female,Uyo,7,2026,Follow-up
3778,Ada Sani,63.0,Male,Asaba,12,2024,Chronic Care
3450,Ruth Nwosu,33.0,Male,Zaria,7,2026,Routine Check
1703,Ada Ibrahim,60.0,Female,Akure,8,2025,Routine Check
2501,Femi Okafor,74.0,Male,,3,2024,Routine Check
2130,David James,29.0,Female,Zaria,12,2024,Chronic Care
3614,Anthony Yusuf,69.0,Female,ibadan ,9,2026,Routine Check
2022,Blessing Usman,62.0,Male,Enugu,9,2025,Routine Check
2586,Uche Sani,30.0,Female,Jos,12,2025,Chronic Care
2956,Jane Akin,18.0,Male,Kano,9,2024,Routine Check
3254,Daniel Eze,67.0,Female,Calabar,8,2026,Routine Check
1035,Zainab Adebayo,52.0,Male,Zaria,2,2025,Follow-up
1776,Grace Nwosu,72.0,Female,Lagos,7,2026,Follow-up
3557,Fatima Ibrahim,18.0,Male,Abeokuta,1,2026,Routine Check
2479,Aisha Yusuf,68.0,Female,Jos,6,2025,Specialist Consultation
2391,Sarah Peter,35.0,Female,Calabar,4,2025,Routine Check
3140,Mary Ibrahim,67.0,Female,Abeokuta,6,2026,Routine Check
2364,Peter Onyeka,69.0,Male,Kaduna,1,2025,Specialist Consultation
3946,Daniel Mensah,28.0,Male,Abuja,7,2026,Chronic Care
3613,Ada James,18.0,Female,Jos,7,2025,Routine Check
3825,Grace Balogun,70.0,Female,Zaria,5,2025,Routine Check
3042,Peter Yusuf,23.0,Female,Akure,8,2026,Routine Check
1242,Jane Cole,25.0,Female,Abuja,6,2026,Chronic Care
3062,Ada Sani,60.0,Male,Owerri,4,2025,Follow-up
3364,Chukwu Adeyemi,78.0,Male,Uyo,10,2026,Routine Check
1601,Ada Adebayo,19.0,Female,Ibadan,10,2026,Chronic Care
3436,Chidinma Garba,44.0,Male,Owerri,9,2024,Chronic Care
2298,David Peter,51.0,Male,Abuja,1,2026,Follow-up
3215,Tony Chukwu,49.0,Male,Zaria,2,2025,Routine Check
3889,Ada Eze,70.0,Female,Owerri,4,2026,Routine Check
3069,Yusuf Danladi,36.0,Male,Enugu,3,2025,Routine Check
1647,Olamide Yusuf,74.0,Male,Abuja,11,2025,Follow-up
2529,Yusuf Akinyemi,65.0,Female,Asaba,6,2025,Routine Check
3880,Ruth Garba,24.0,Female,Enugu,8,2026,Follow-up
2268,Tony Chukwu,52.0,Male,Abeokuta,6,2026,Follow-up
2900,Daniel Mensah,34.0,Female,Kaduna,7,2026,Chronic Care
1563,Chidinma Usman,76.0,Female,Zaria,6,2026,Routine Check
3735,Sarah Adebayo,18.0,Male,Warri,six,2026,Follow-up
1190,Ibrahim Ibekwe,47.0,Male,Calabar,9,2026,Routine Check
2807,Kelechi Peter,62.0,Male,Asaba,1,2024,Follow-up
1976,Ibrahim Williams,44.0,Female,Abuja,9,2026,Routine Check
3748,Sani Eze,22.0,Male,Calabar,8,2025,Follow-up
3048,Esther Okeke,46.0,Female,Asaba,11,2024,Chronic Care
3559,Ngozi Ibrahim,68.0,Female,Ilorin,8,2025,Follow-up
2083,Uche Ibrahim,18.0,Female,Benin City,12,2026,Specialist Consultation
1475,Ruth Usman,76.0,Male,Benin City,6,2025,Specialist Consultation
3905,Tolu Peter,50.0,Female,Calabar,5,2026,Follow-up
1748,Samuel Danladi,20.0,Female,Uyo,9,2024,Specialist Consultation
3301,Kelechi Williams,76.0,Female,Uyo,1,2026,Chronic Care
1022,Aisha Bello,56.0,Female,Kaduna,11,2025,Routine Check
1460,Ada Mensah,39.0,Female,Abeokuta,9,2026,Follow-up
2185,Jane Udo,30.0,Male,Warri,11,2026,Follow-up
3325,John Balogun,58.0,Female,,3,2025,Follow-up
1956,Kelvin Udo,55.0,Male,Lagos,5,2026,Routine Check
2216,Peter James,41.0,Female,Port Harcourt,12,2024,Follow-up
3434,Kelvin Adeyemi,65.0,Female,Port Harcourt,3,2026,Routine Check
3854,Femi Osei,64.0,Female,Owerri,1,2026,Chronic Care
2516,Ibrahim Usman,80.0,Female,Warri,7,2026,Routine Check
3392,Michael Olawale,20.0,Male,Uyo,11,2026,Chronic Care
1770,Anthony Ojo,45.0,Male,Enugu,10,2025,Routine Check
2686,Ngozi Cole,34.0,Female,Warri,ten,2026,Chronic Care
1131,Ada Olawale,38.0,Female,Akure,4,2024,Specialist Consultation
3920,Blessing Mohammed,54.0,Male,Kano,8,2025,Routine Check
3136,Kelvin Ezeani,71.0,Female,Uyo,12,2024,Specialist Consultation
2483,Ibrahim Etim,28.0,Female,Ilorin,4 visits,2026,Follow-up
